vdc1,vdc2,idc1,idc2,irr,pvt,f_nv
1.6154,270.795,0.1148,8.7848,961.138,48.4802,3
261.021,240.851,8.5355,8.0603,886.066,44.5751,2
274.675,278.581,6.1974,6.0169,740.789,43.7307,0
251.51,228.524,9.18,8.6806,986.94,52.7537,2
264.43,242.721,8.4224,8.0001,885.693,44.5868,2
261.424,2.1683,9.1514,0.0443,957.069,42.6515,3
284.096,270.872,5.0963,5.0078,636.633,36.6968,0
263.013,244.845,9.0239,8.5303,957.751,45.9322,2
257.411,2.1258,8.8938,0.0458,935.96,49.902,3
260.039,260.942,7.9611,7.7974,896.942,50.4648,0
264.22,200.645,8.9382,8.8127,948.308,45.1007,1
250.949,2.1288,9.0296,0.0465,940.331,52.3228,3
253.831,236.606,8.6345,8.1361,931.349,54.3421,2
262.483,240.414,8.6637,8.327,907.712,46.4433,2
268.2,204.121,9.0493,8.8799,960.068,41.5571,1
266.898,2.1511,8.9993,0.0435,952.684,41.6696,3
272.762,265.459,6.9054,6.7952,734.28,39.3474,0
279.442,248.219,3.209,1.1233,364.602,33.9539,4
265.4,2.1032,8.7353,0.043,923.029,43.2068,3
274.75,329.059,3.5856,0.2237,477.66,26.1693,4
262.225,347.805,4.528,0.1188,563.453,19.6776,4
254.379,195.634,8.7495,8.4804,917.858,52.8676,1
260.849,258.219,7.8086,6.704,816.855,48.2992,2
278.233,282.6,4.2936,3.6263,527.306,39.1147,4
259.076,230.167,8.9719,8.7863,971.412,50.2106,2
282.222,258.447,3.6682,3.3989,403.918,30.9832,4
274.146,269.079,5.4712,5.2293,590.395,37.3888,0
302.748,301.35,1.8147,1.5636,225.879,16.1407,4
258.176,2.1004,8.9484,0.0411,926.398,43.5887,3
279.889,320.598,0.6557,0.2261,205.816,13.5828,4
265.046,276.042,7.8047,7.4627,836.869,41.2145,0
261.228,205.707,9.0351,8.6257,947.253,45.2024,1
253.479,238.006,9.0014,8.3553,935.642,49.0093,2
247.599,232.318,9.1437,8.4228,979.76,56.8853,2
320.436,328.651,1.77,0.2319,301.805,16.5011,4
262.304,205.429,8.6309,8.1923,892.966,43.8037,1
248.185,228.976,9.125,8.5449,979.765,57.0539,2
285.713,273.874,6.2891,6.162,680.429,29.6927,0
260.856,203.821,9.1036,8.7693,950.091,43.8354,1
1.6073,270.505,0.1078,8.5638,928.669,50.2616,3
258.986,242.638,9.2292,8.6507,970.428,45.5567,2
271.463,267.583,5.235,4.946,626.151,42.719,0
305.272,241.249,2.2482,2.5494,356.526,30.0763,4
250.577,262.446,9.372,8.864,988.45,52.6589,0
270.498,284.735,6.0635,4.7466,644.893,42.417,4
267.606,280.334,7.5387,7.171,818.114,40.8461,0
267.672,244.995,9.2316,8.8247,989.621,40.9384,2
258.083,196.884,8.6302,8.4415,913.527,51.9522,1
265.317,270.005,7.3488,7.119,847.828,47.7487,0
259.079,202.666,9.1132,8.7617,947.498,44.4272,1
261.363,206.137,9.045,8.5963,955.107,46.0422,1
279.928,305.944,5.0898,1.9204,558.558,39.159,4
260.646,243.682,9.0458,8.4732,955.774,47.3307,2
277.332,284.805,2.5649,0.9664,293.764,38.6772,4
263.723,205.805,7.8687,7.4819,816.777,41.5451,1
264.816,2.1092,8.3181,0.0411,865.451,40.342,3
266.488,206.57,9.0848,8.7564,960.451,41.9246,1
258.793,318.711,7.6565,2.0733,804.539,51.1895,4
263.316,200.492,7.9165,7.6821,825.72,43.5803,1
259.463,203.038,9.0396,8.6679,949.44,46.9892,1
268.438,270.426,7.6429,7.537,876.002,44.5454,0
266.934,2.1082,8.1738,0.0423,861.772,41.5647,3
263.88,2.1481,9.0404,0.0466,952.632,43.088,3
254.904,264.659,9.08,8.6518,957.516,47.0104,0
267.802,271.818,9.0212,8.8761,966.85,43.8399,0
320.875,306.335,1.9283,1.7306,270.76,14.7761,4
257.927,199.015,7.9992,7.6879,829.586,47.3525,1
309.53,291.819,1.4636,0.5584,237.534,20.6298,4
265.337,2.0927,8.087,0.0436,853.597,43.6674,3
266.732,206.316,9.0752,8.8148,963.481,42.5433,1
262.057,242.695,8.6826,8.2486,907.369,46.3796,2
267.264,261.476,6.4678,6.281,683.831,44.3409,0
262.91,201.28,9.0001,8.8061,950.152,45.4868,1
252.396,193.506,8.8149,8.5642,918.084,52.6667,1
255.01,201.292,8.8595,8.3836,911.556,46.3066,1
266.594,278.376,6.2301,5.4214,652.126,41.7475,4
271.319,278.88,8.8245,8.567,948.092,40.7539,0
251.222,2.1539,9.1811,0.0467,962.5,50.9924,3
318.894,298.567,0.3346,6.7712,805.776,6.9045,4
262.134,201.067,8.6553,8.3873,915.221,47.0459,1
274.616,297.917,6.9821,5.6282,777.997,41.1061,4
262.764,265.187,7.4693,7.3081,846.545,50.8017,0
257.88,241.145,9.1781,8.6493,958.188,46.0592,2
252.052,195.741,8.8526,8.5081,921.016,52.798,1
265.109,245.804,9.3093,8.7968,989.405,40.5293,2
262.55,205.486,9.3089,8.9705,987.512,43.6736,1
259.257,207.445,9.1073,8.5473,948.19,45.4023,1
253.396,198.006,9.1192,8.7119,955.263,49.238,1
287.946,264.733,5.1266,4.9409,553.494,31.2401,4
1.122,270.754,0.1178,8.7944,958.536,45.6637,3
1.6173,274.98,0.1126,8.4419,931.703,48.332,3
1.5852,271.318,0.108,8.5371,926.197,50.4772,3
287.294,297.063,5.6518,4.4386,611.208,29.9756,4
272.404,274.624,7.8271,7.6827,882.493,38.1062,0
254.616,199.017,8.7378,8.3596,907.549,51.0309,1
257.932,200.785,8.0152,7.6365,832.096,47.3992,1
311.399,244.592,4.4482,0.8767,662.372,19.5609,4
264.147,2.1503,9.0198,0.0427,951.56,43.3964,3
248.325,2.1684,9.0139,0.0462,936.705,53.5675,3
267.704,2.1249,8.2401,0.0409,865.854,40.3225,3
283.512,277.821,5.8022,5.6112,638.383,28.5296,0
267.821,245.597,9.1319,8.7247,976.877,42.4477,2
264.891,241.402,8.4341,8.0904,881.732,42.5564,2
280.123,251.914,3.9054,3.7116,425.128,31.4109,4
259.316,2.1124,8.9256,0.0394,923.201,43.0692,3
252.865,194.777,8.8182,8.5341,918.814,52.2843,1
256.32,265.422,9.0663,8.6784,961.906,46.8046,0
261.56,2.1174,8.8448,0.0428,926.119,43.5741,3
290.253,322.26,5.2261,1.196,569.402,31.1802,4
263.205,199.131,7.9281,7.756,829.067,43.9016,1
266.091,243.863,9.1907,8.7907,976.758,42.3518,2
1.6504,272.959,0.1048,8.9339,992.27,48.766,3
269.591,248.322,9.2062,8.728,991.437,38.8189,2
267.248,259.854,6.7712,6.5829,713.437,43.5721,0
273.066,279.492,3.1024,2.2865,349.963,35.44,4
255.093,239.726,8.2289,7.6988,844.779,50.4994,2
263.186,2.1689,9.088,0.0456,952.978,42.4554,3
275.23,270.022,5.5595,5.336,678.015,39.6281,0
262.744,203.863,9.1788,8.8581,963.368,42.8388,1
250.472,228.376,9.0811,8.6154,982.978,56.4898,2
263.148,2.1233,8.8009,0.0412,926.266,43.5922,3
268.042,247.025,8.9183,8.5121,941.377,41.381,2
253.434,2.1335,9.1233,0.0478,961.682,51.1437,3
260.28,242.369,8.0721,7.6255,849.195,50.7372,2
260.17,201.393,8.7229,8.372,915.492,47.0459,1
257.7,239.654,8.0926,7.6625,837.529,48.85,2
261.127,203.371,9.3581,9.0209,991.193,44.8433,1
253.659,234.566,8.9399,8.4085,938.357,51.3146,2
292.495,262.578,5.0438,4.9537,554.559,27.485,4
273.981,274.48,7.2758,7.2127,813.593,41.2437,0
252.528,2.1523,8.8736,0.0464,934.076,53.1201,3
259.366,205.819,9.1126,8.6174,955.119,46.0422,1
267.026,270.969,7.9776,7.8854,879.063,45.7282,0
261.117,244.294,8.7461,8.2132,910.605,47.0792,2
293.866,355.792,2.9446,0.0885,483.383,11.2889,4
284.434,270.584,0.9467,0.7416,173.193,35.3607,4
314.356,261.203,3.2769,4.2647,509.787,21.5423,0
1.6663,266.644,0.1021,9.1199,992.57,49.1001,3
285.87,282.25,7.4774,7.5114,844.524,32.9187,0
279.854,262.438,4.1818,3.899,516.438,38.8071,4
286.662,286.852,7.4584,7.4254,857.599,29.5156,0
255.433,2.1402,9.0634,0.0483,961.902,51.1398,3
254.627,2.1398,8.8784,0.0467,933.709,51.7721,3
257.993,257.602,8.229,8.1888,910.848,53.1671,0
1.6662,272.897,0.1078,9.0111,995.009,42.495,3
1.587,264.972,0.1132,8.8597,957.218,52.6869,3
260.656,245.78,9.0823,8.4722,956.759,46.0644,2
264.694,268.851,7.8662,7.6329,888.852,48.2095,0
276.542,265.459,6.5478,6.3455,705.439,37.2894,0
257.361,241.777,9.1336,8.5288,955.836,47.376,2
262.353,2.1675,9.1115,0.0462,955.865,42.7658,3
1.6027,267.046,0.1178,8.7619,957.415,52.3173,3
263.111,199.142,7.8592,7.7268,834.793,47.3907,1
259.024,281.425,6.756,5.608,744.635,51.6502,4
264.643,243.167,9.2072,8.7795,975.512,42.6037,2
255.211,2.116,8.9029,0.0474,937.805,52.1857,3
249.197,234.325,8.9309,8.2741,958.345,56.7503,2
293.533,291.645,7.3919,7.3736,862.87,25.2295,0
260.508,245.248,9.117,8.5286,957.349,45.7637,2
260.976,243.063,9.0755,8.5766,956.835,46.0746,2
270.621,263.871,6.6772,6.425,699.189,41.1781,0
254.818,238.876,8.2104,7.7083,839.01,48.6441,2
1.6164,277.278,0.1035,8.7104,966.921,45.9074,3
257.492,272.585,8.7692,8.2796,918.648,46.1568,0
267.075,206.42,9.0583,8.7641,963.167,42.4395,1
275.763,276.804,7.4894,7.3585,839.573,39.6251,0
268.395,250.359,3.7994,3.5575,401.652,33.8243,4
293.043,349.789,2.0516,0.0685,374.233,10.4308,4
302.083,281.401,3.0168,2.1968,340.556,21.2278,4
262.414,201.834,8.6165,8.3295,903.39,46.302,1
272.435,264.285,5.6626,5.4698,676.747,42.8189,0
287.772,311.976,5.2893,2.2674,577.4,29.9613,4
250.836,2.1504,9.1913,0.044,967.07,52.1462,3
1.6186,268.222,0.1102,8.603,934.903,47.436,3
270.694,259.183,6.8731,6.8898,738.789,44.3437,0
299.556,324.607,0.2835,0.1524,287.238,16.264,0
263.081,205.431,9.3071,8.9681,990.755,43.7908,1
287.439,332.984,6.7122,1.9179,739.8,30.2358,4
250.292,229.718,9.0102,8.5294,969.922,55.8831,2
255.53,234.796,8.9241,8.4347,940.844,50.976,2
267.261,317.483,7.9456,3.7291,835.646,41.1865,4
260.861,199.028,8.706,8.4702,909.519,45.2224,1
257.99,236.787,8.8721,8.4034,934.896,48.727,2
263.039,201.923,9.2985,9.0924,991.348,44.8042,1
259.313,236.279,8.8441,8.4281,936.165,48.5676,2
1.6415,272.979,0.1007,8.8864,990.163,49.3905,3
272.422,280.003,6.6101,6.3246,789.292,42.7141,0
1.5879,272.324,0.1065,8.5098,926.608,50.3931,3
255.383,196.394,8.7547,8.4922,921.57,52.8451,1
268.071,264.936,7.1327,6.8377,781.903,41.2716,0
274.594,301.63,4.4623,1.4094,493.318,42.4691,4
262.327,203.692,9.2786,8.9662,988.699,45.3026,1
250.686,227.096,8.8493,8.5044,952.835,56.3081,2
260.988,205.529,7.9494,7.5031,817.579,41.527,1
336.197,298.136,0.3676,2.8402,423.199,11.7294,4
257.15,237.05,8.9015,8.3901,936.073,48.9448,2
263.512,273.454,8.8902,8.5345,945.025,44.0453,0
263.129,203.712,8.6609,8.3168,909.805,45.671,1
263.452,268.636,8.6794,8.4409,926.82,44.75,0
268.47,203.174,8.7291,8.6685,922.412,41.1719,1
254.788,234.483,9.0055,8.5521,942.048,49.3476,2
298.062,298.555,4.2016,2.7975,461.15,22.9925,4
271.581,276.502,7.3147,7.1257,803.933,41.0432,0
257.768,194.105,8.9079,8.8098,947.353,49.9435,1
288.889,243.423,2.8805,2.7925,332.021,27.4008,4
275.592,265.11,5.3748,5.2207,648.697,42.0027,0
264.791,2.1587,9.0497,0.0444,953.869,42.2681,3
252.046,257.545,9.1585,8.8878,966.86,55.1297,0
278.839,314.982,6.9048,3.8554,765.388,37.3967,4
279.027,285.749,1.1791,1.1061,134.289,20.6965,0
259.499,200.158,9.0549,8.7824,940.734,44.5024,1
261.747,2.108,8.9691,0.0377,930.971,43.4883,3
1.5853,271.009,0.1132,8.5429,925.992,50.4772,3
258.999,352.008,4.5435,0.1107,558.693,19.3352,4
264.667,244.906,8.9496,8.4593,955.555,46.4889,2
271.528,236.628,5.5841,5.3128,623.825,39.4169,4
1.6246,277.412,0.1091,8.7146,967.173,46.1706,3
269.49,2.1211,8.1771,0.0413,865.376,40.0696,3
1.5879,269.858,0.1077,8.5995,928.776,50.1485,3
260.567,204.2,8.7105,8.2915,899.51,45.1807,1
257.797,2.1274,8.9509,0.0421,926.106,43.5184,3
248.681,2.1509,8.9863,0.0452,933.812,53.0278,3
251.35,292.969,7.2569,7.0158,830.582,20.8059,4
268.867,266.797,6.8694,6.5643,717.264,38.8774,0
264.138,308.151,6.1324,2.2939,677.955,48.2495,4
267.982,248.75,8.9344,8.4643,941.346,41.2002,2
283.772,275.237,0.9229,0.4003,156.964,24.1614,4
1.6186,275.923,0.1041,8.7429,967.388,46.1028,3
259.497,205.918,9.057,8.5527,938.839,44.0707,1
265.517,237.382,8.3436,8.1514,882.529,44.1791,2
266.348,262.286,7.3936,7.1254,809.436,41.6527,0
261.76,274.854,9.0669,8.6312,957.414,46.257,0
264.429,244.825,9.1772,8.7003,968.619,42.8035,2
264.955,2.1385,9.0953,0.0506,958.732,42.0355,3
264.447,247.109,9.08,8.508,966.958,44.3609,2
250.013,230.153,9.2703,8.675,992.156,53.5552,2
267.472,274.914,8.3475,8.1151,906.942,45.3359,0
258.333,198.45,8.9988,8.7089,955.54,48.381,1
1.6482,271.938,0.1015,8.8167,982.068,49.0772,3
340.871,325.003,0.487,0.2003,290.753,13.5074,4
255.944,2.1435,8.9863,0.0478,959.245,51.8864,3
260.879,205.863,9.0463,8.6242,947.044,45.0572,1
281.224,270.903,6.1939,6.0608,692.38,37.8932,0
247.811,230.382,9.1235,8.4777,969.659,54.6154,2
264.541,267.212,8.7351,8.5193,941.461,44.4986,0
311.131,244.727,2.9149,3.7562,460.358,29.4742,0
1.6171,270.607,0.1184,8.5449,933.845,47.596,3
264.807,202.105,8.956,8.7859,948.312,44.4004,1
259.526,207.132,9.0942,8.5635,948.096,45.4023,1
251.55,226.639,8.975,8.5768,966.685,54.5599,2
267.602,2.1575,9.0308,0.0452,957.043,41.7158,3
263.312,262.32,7.5241,7.4261,863.552,49.6834,0
259.451,323.647,7.5177,1.0567,787.62,48.7118,4
255.459,2.1525,8.9096,0.0472,934.001,51.0081,3
251.356,231.546,8.9407,8.4464,962.061,54.5193,2
252.444,2.1697,8.9033,0.0469,934.958,53.069,3
255.887,194.843,8.7268,8.5333,914.222,51.7537,1
308.884,290.651,1.8364,0.6102,290.251,23.9699,4
246.652,230.518,9.0157,8.3974,957.258,56.19,2
259.854,205.656,9.1044,8.664,955.771,47.6463,1
249.145,230.88,9.0559,8.5235,969.413,55.0696,2
267.01,2.161,9.0478,0.0456,956.54,41.74,3
270.873,245.535,3.7845,3.5682,415.776,39.4224,4
261.426,205.141,9.0344,8.6586,947.215,45.0583,1
276.933,281.466,7.5655,7.4077,835.804,36.1259,0
248.286,230.626,9.0297,8.4354,970.314,55.992,2
306.022,339.923,1.3573,0.0642,321.109,12.7633,4
256.851,244.281,8.094,7.4864,832.169,48.3566,2
257.827,197.402,8.7673,8.4971,913.631,47.931,1
252.124,254.098,9.0167,8.8874,956.818,55.841,0
263.655,249.217,9.0332,8.4086,941.013,41.9351,2
272.002,272.575,4.8035,4.3047,575.4,41.3189,4
306.395,305.189,2.6345,0.1227,307.584,19.4304,4
280.108,269.23,4.2488,3.7474,524.731,38.8105,4
263.874,272.75,7.074,6.7835,818.503,48.3712,0
267.334,244.357,9.324,8.9055,990.402,38.1788,2
262.043,2.1202,8.9366,0.039,928.157,43.3788,3
280.812,272.648,5.8374,5.6705,632.399,33.4432,0
1.5964,271.397,0.1114,8.4793,929.13,50.89,3
254.426,236.183,9.0048,8.476,942.433,49.2287,2
255.908,2.1337,9.0443,0.0462,962.744,50.9887,3
280.95,283.411,7.7139,7.5638,864.235,34.121,0
291.917,252.477,3.1121,2.9775,353.201,30.3996,4
272.592,303.646,4.5006,1.4124,493.398,42.4691,4
272.562,305.121,4.3671,0.6444,467.733,38.7644,4
265.694,2.1032,8.2354,0.0415,862.756,41.3138,3
257.916,213.479,8.6307,8.7578,906.618,50.8714,1
258.833,199.04,7.9875,7.7194,832.891,47.8933,1
264.985,208.186,9.1449,8.73,960.653,41.5586,1
264.279,246.1,9.1765,8.6409,971.683,43.2234,2
253.558,232.531,8.8465,8.4026,963.088,55.5723,2
254.61,2.1403,9.0133,0.0486,958.39,52.1114,3
266.082,300.283,7.8545,5.598,844.601,47.6104,4
255.433,198.184,8.7311,8.3814,917.083,52.3709,1
1.6159,273.164,0.1191,8.7277,958.286,47.0818,3
252.631,2.1409,8.9851,0.0461,940.698,52.465,3
266.132,2.1925,9.0212,0.0486,956.834,42.1701,3
252.394,2.1222,9.161,0.0491,959.93,51.077,3
271.747,283.028,8.057,7.7084,870.682,37.2661,0
260.037,1.8071,8.9142,0.0417,929.385,43.728,3
253.885,2.1431,9.112,0.0476,962.202,50.9887,3
252.536,263.973,9.0679,8.6208,949.502,53.0531,0
1.6198,272.413,0.1019,8.8459,966.456,45.684,3
259.978,203.242,9.0255,8.6496,952.554,47.3097,1
296.733,296.631,0.9813,0.7875,124.931,11.4866,0
246.071,226.977,9.1826,8.5987,971.881,56.0719,2
290.959,268.556,4.619,4.4377,498.935,28.1631,4
1.6141,270.239,0.1154,8.8,959.808,46.1723,3
277.992,273.187,6.9445,6.7635,769.719,35.7607,0
265.984,244.166,8.9139,8.546,956.407,46.0131,2
282.145,211.222,3.0406,0.8408,346.529,31.0987,4
258.537,309.966,7.6483,3.5937,799.885,45.838,4
272.986,254.624,5.3282,5.1211,556.283,38.7691,4
263.497,0.8741,9.1234,0.0364,951.27,42.4271,3
285.293,280.525,7.1193,7.021,839.435,31.0948,0
255.583,2.1388,8.8749,0.0461,934.657,51.246,3
245.58,226.019,9.1571,8.5939,964.008,54.3348,2
262.794,2.1144,8.8189,0.0426,925.066,43.6055,3
1.6039,269.247,0.1044,8.8403,965.738,50.1215,3
261.323,240.224,9.0226,8.5901,956.589,47.3377,2
1.607,271.773,0.1106,8.5197,925.562,50.3078,3
268.85,246.294,8.8676,8.5198,940.64,41.6247,2
257.432,238.852,8.0778,7.6768,834.11,49.1019,2
269.03,262.314,2.9995,2.3766,331.999,35.9873,4
262.158,2.0976,8.2243,0.041,855.184,43.4128,3
261.019,2.0895,8.2503,0.0409,854.955,43.421,3
263.1,241.207,8.4351,8.0173,882.316,44.3292,2
1.6013,272.955,0.1116,8.6609,958.111,49.1211,3
1.612,271.779,0.1137,8.5082,929.318,49.1224,3
254.24,234.401,8.9079,8.4369,967.764,54.1348,2
269.876,272.816,7.4374,7.2713,856.495,44.2161,0
254.854,233.865,8.9622,8.516,940.957,50.1427,2
277.266,283.712,7.7995,7.5844,876.308,35.3614,0
255.506,213.231,8.9845,9.1038,947.849,49.6989,1
275.638,294.854,4.6552,2.1973,493.124,35.0376,4
258.275,238.825,8.2186,7.7907,857.26,51.7081,2
265.681,205.624,7.8347,7.4909,822.202,42.2285,1
1.6107,275.477,0.1103,8.7545,967.209,46.6937,3
260.558,2.1674,9.0616,0.0452,950.601,44.7821,3
268.483,247.312,9.2629,8.787,988.303,37.8152,2
249.837,231.381,9.1267,8.4959,984.514,56.094,2
281.514,257.76,4.3415,4.1719,475.915,35.9418,4
264.088,246.444,9.1111,8.5759,966.98,44.106,2
1.6156,275.075,0.108,8.7635,968.008,48.8111,3
268.472,289.194,6.0565,4.2973,638.911,43.1822,4
268.63,271.881,7.6685,7.4619,890.399,45.6355,0
259.691,242.512,9.2049,8.662,968.545,45.0872,2
283.128,297.822,3.6473,0.4796,403.881,36.6076,4
1.6622,270.643,0.1066,8.9063,987.219,48.3812,3
1.5959,269.922,0.1159,8.6921,960.084,52.0769,3
266.605,2.1264,8.8343,0.0393,930.963,43.6833,3
258.045,202.807,9.0047,8.5129,952.956,48.0702,1
276.085,265.99,6.5003,6.3415,711.188,39.3359,0
304.686,236.504,3.5306,4.4474,528.409,32.8936,0
298.596,260.741,3.2547,3.1108,364.147,23.7346,4
261.271,246.672,9.0662,8.4518,956.422,46.0716,2
249.856,225.171,9.2292,8.7851,985.786,53.7049,2
261.567,202.091,7.9605,7.6283,826.705,43.6076,1
271.443,296.949,4.5012,1.2801,479.528,39.5911,4
263.11,204.707,8.957,8.5931,938.067,45.0015,1
261.864,203.664,9.2138,8.8681,962.053,42.2198,1
266.993,244.599,9.2886,8.8517,993.061,40.3886,2
261.883,244.071,8.4894,7.9333,884.21,44.3929,2
265.126,2.1669,9.0269,0.0464,956.213,42.7675,3
253.958,241.896,8.2565,7.6252,843.125,49.4615,2
265.39,2.1076,8.3458,0.0404,869.766,41.0532,3
252.924,2.158,8.8784,0.0463,934.608,53.1827,3
280.542,280.569,1.917,0.9116,225.555,36.4664,4
260.099,239.413,8.6915,8.2854,904.011,47.1297,2
259.929,202.08,9.0914,8.8061,955.714,47.8561,1
252.326,199.122,9.1444,8.6697,955.661,49.2814,1
253.343,2.1368,9.1438,0.049,965.596,50.7401,3
259.655,206.656,9.0931,8.609,948.23,44.3116,1
262.367,258.876,6.5835,6.3228,696.845,48.7383,0
263.579,203.535,9.313,9.0608,992.113,44.3892,1
286.825,280.736,0.3075,0.5378,127.297,23.4712,4
256.617,2.1355,9.0152,0.0464,961.117,51.0464,3
267.743,208.607,9.0491,8.6898,960.353,42.2698,1
272.728,264.543,6.2783,6.0829,685.53,41.5477,0
289.63,287.977,7.5897,7.5697,874.151,26.1131,0
1.6594,270.353,0.1056,8.9997,987.845,44.6067,3
254.296,2.1486,8.956,0.0468,933.542,50.4057,3
260.03,205.508,9.3678,8.9177,987.368,43.6792,1
256.114,199.895,9.0437,8.6298,955.899,49.3055,1
359.926,345.676,0.2082,0.0529,299.237,4.9568,0
262.281,2.1622,9.0675,0.047,951.77,43.48,3
276.352,237.0,3.1946,3.0484,359.948,35.7083,4
257.736,204.868,9.4343,8.9473,986.628,43.6644,1
257.426,237.42,8.9095,8.4136,936.928,48.6469,2
258.959,199.325,8.7612,8.4582,909.349,45.237,1
253.068,2.1574,8.8604,0.044,933.331,53.0416,3
305.793,325.749,1.5683,0.2112,264.124,13.3978,4
263.593,200.075,8.9307,8.8119,950.262,46.769,1
258.635,196.643,9.0262,8.8029,959.577,48.4337,1
263.594,244.656,8.5407,8.0637,901.375,47.3167,2
264.791,242.579,9.1315,8.7564,962.316,41.8823,2
252.094,231.998,9.0581,8.5003,980.181,55.0824,2
260.716,201.897,9.0104,8.7254,954.577,47.3772,1
275.671,278.778,7.1113,6.9668,833.468,41.6979,0
302.957,261.892,3.0444,3.5323,470.638,37.5024,0
262.335,203.688,9.3551,9.0636,990.491,42.6925,1
1.6139,270.259,0.1132,8.8181,961.718,48.0975,3
262.375,313.191,7.9296,3.8088,820.465,44.2193,4
257.74,356.109,3.1424,0.0676,412.207,10.0965,4
264.727,242.929,9.0574,8.6521,967.815,44.7308,2
259.557,263.671,7.1346,6.8919,793.64,51.4177,0
253.705,235.501,8.7666,8.2373,958.337,56.7606,2
1.651,271.3,0.1087,8.9947,992.927,48.8229,3
263.128,199.116,7.8658,7.7427,835.08,47.3199,1
266.659,260.175,7.0422,6.8195,745.297,44.846,0
265.587,2.1324,8.323,0.0418,865.789,40.079,3
258.61,246.1,8.0099,7.3915,827.734,48.0738,2
261.535,203.26,9.0662,8.7662,956.386,47.1422,1
1.609,269.355,0.1106,8.5502,929.631,51.0703,3
258.718,350.082,5.0164,0.1421,611.085,21.9316,4
265.299,354.428,4.5235,0.1141,558.599,16.0179,4
265.398,268.816,7.242,7.0518,844.795,48.7751,0
263.721,243.413,9.0847,8.6462,950.07,41.9796,2
305.457,242.986,1.989,2.216,316.86,30.5591,4
277.659,255.765,5.0519,4.8983,534.868,35.2168,4
271.811,245.615,8.7881,8.6119,952.141,42.0054,2
275.981,286.665,7.5579,7.198,827.341,35.9252,0
268.46,247.592,9.2321,8.7493,987.219,38.1843,2
254.879,2.1427,8.9183,0.0454,937.115,51.4546,3
268.585,246.618,4.0995,3.8209,439.608,39.6738,4
285.118,237.998,2.4018,2.2525,277.272,33.3428,4
264.087,2.0888,8.7538,0.0412,923.011,43.5924,3
275.116,272.049,4.784,4.4935,576.659,39.8864,0
267.121,312.537,7.9126,4.7303,828.55,42.4209,4
304.616,269.684,3.5173,2.4981,522.994,32.6866,4
263.354,207.133,8.9545,8.5711,926.928,41.527,1
260.451,242.269,8.0457,7.6076,842.511,48.985,2
276.045,264.823,5.6812,5.5878,694.13,40.5801,0
261.698,245.257,8.6544,8.0805,904.449,46.7947,2
278.47,282.045,1.9528,0.9041,227.31,36.6803,4
248.115,228.658,9.1284,8.5716,980.447,56.6989,2
252.038,2.1368,8.9899,0.0467,935.52,51.2827,3
262.479,204.565,9.001,8.6679,945.485,44.7523,1
273.043,278.284,7.9722,7.7367,881.762,39.0604,0
264.428,247.865,9.1967,8.6159,969.977,42.2148,2
267.934,249.127,8.912,8.4331,941.092,41.4256,2
257.17,2.1558,9.126,0.0456,945.774,44.9458,3
262.308,306.995,7.8869,4.2156,829.231,47.5348,4
252.335,257.535,9.1325,8.8746,967.146,55.6824,0
266.464,272.563,6.6782,6.4232,780.201,46.9003,0
254.1,235.765,9.0964,8.5648,971.713,51.456,2
264.189,246.944,9.0244,8.4954,940.901,41.7527,2
266.574,244.335,9.3239,8.8803,991.806,38.6835,2
262.188,262.781,7.4357,7.0157,770.84,42.6001,0
255.81,197.644,8.7077,8.406,918.42,52.8615,1
306.609,327.865,0.2756,0.1462,336.426,16.323,0
283.301,332.05,6.8764,2.2786,747.818,31.3572,4
263.412,204.184,9.2517,8.9914,989.009,44.2604,1
259.289,2.1222,8.9177,0.0396,925.726,43.0818,3
270.388,271.959,7.4504,7.2786,874.357,44.1064,0
271.688,272.968,7.5764,7.4925,865.057,43.0126,0
265.014,201.902,8.7882,8.6435,923.013,42.8069,1
1.599,271.7,0.1112,8.678,957.571,52.5436,3
270.181,272.397,7.6688,7.2917,827.427,36.0836,0
262.936,269.109,8.6866,8.3746,937.822,46.0675,0
263.184,2.1501,9.0896,0.0436,952.993,42.4216,3
304.909,240.963,2.731,3.028,417.755,29.9315,4
272.366,263.919,5.3041,5.0642,580.791,39.9398,0
264.775,2.1707,9.0265,0.0456,956.306,42.861,3
277.565,286.767,2.5739,0.967,294.785,38.6446,4
266.87,285.722,6.9916,5.8929,774.811,47.2905,4
278.786,279.234,1.3021,0.9761,158.211,35.0485,4
249.786,256.316,8.979,8.6563,903.547,54.1339,0
261.693,210.273,8.6827,7.9878,897.266,44.7602,1
271.772,274.656,6.6246,6.4725,793.878,43.9791,0
261.863,202.439,9.3154,9.0477,986.57,43.5441,1
309.622,287.097,0.4411,0.2999,131.316,22.8772,0
252.721,235.696,8.4346,7.9095,911.625,55.4831,2
276.553,322.012,6.6722,1.9055,727.393,39.9508,4
275.443,276.515,7.86,7.7359,895.02,40.3365,0
255.542,236.966,8.966,8.438,937.753,48.7664,2
1.611,269.861,0.1095,8.6791,957.3,52.6144,3
277.558,282.982,3.2719,1.2776,364.478,33.6285,4
259.736,238.924,9.0694,8.6283,956.119,47.3427,2
267.673,2.1156,8.2452,0.04,867.258,40.4995,3
262.796,203.832,9.2847,8.9983,987.654,43.6109,1
275.58,263.412,0.8197,0.6447,100.906,33.8925,0
263.994,204.741,9.1693,8.8468,960.069,41.749,1
255.785,238.884,8.9136,8.3015,938.72,50.2468,2
270.913,275.087,7.2552,7.1197,797.593,39.9179,0
264.614,2.1195,8.3017,0.039,863.863,40.7949,3
252.909,235.324,8.9188,8.364,965.651,54.5039,2
277.869,271.962,6.2185,6.0132,687.302,38.3777,0
287.675,278.775,6.0769,5.9209,663.678,29.8277,0
260.767,201.708,8.6983,8.3851,901.827,45.7939,1
268.238,280.023,7.1317,6.5153,789.656,45.0977,0
266.664,302.886,8.1988,6.0607,853.459,40.0098,4
295.217,259.426,3.6985,3.5143,405.702,25.0659,4
291.96,288.465,4.453,7.1353,828.068,18.6275,4
285.436,275.027,5.6536,5.5219,681.482,32.9967,0
252.973,237.864,8.4727,7.8648,863.346,51.9027,2
262.084,2.1189,8.2557,0.0403,856.924,42.5313,3
257.648,199.397,8.7682,8.4505,903.665,46.2046,1
257.839,196.888,8.975,8.7637,955.931,49.4509,1
1.6521,268.384,0.1039,9.0791,994.088,49.4437,3
267.27,2.104,8.7792,0.0376,928.227,43.485,3
264.557,2.108,8.7573,0.0402,924.677,42.811,3
1.6291,272.774,0.1062,8.5071,932.328,48.1937,3
1.624,273.977,0.1112,8.8012,967.622,46.6303,3
283.995,284.02,7.838,7.7473,883.208,27.9525,0
282.771,287.119,7.9774,7.801,892.374,30.608,0
266.051,2.1021,8.8466,0.0359,931.133,44.0746,3
294.286,293.892,4.0953,2.7552,453.027,26.6525,4
154.305,328.651,0.3984,0.147,211.751,22.1566,0
259.137,271.086,9.4776,9.0677,988.682,38.9746,0
259.299,204.029,9.2811,8.8866,960.765,42.2812,1
261.318,203.263,9.3695,9.0557,990.508,44.499,1
282.554,249.544,3.1622,2.9483,351.908,35.2125,4
253.633,2.1396,8.8258,0.0431,933.545,53.3465,3
256.647,2.148,9.0281,0.05,962.402,50.718,3
263.413,243.252,8.6476,8.2238,910.437,47.0489,2
261.212,239.282,9.0426,8.6317,957.918,47.1347,2
255.731,240.119,8.1273,7.6222,835.029,49.4749,2
247.407,232.211,9.3533,8.5993,990.935,53.5643,2
263.89,2.1273,8.7799,0.0389,924.952,43.3488,3
262.741,2.1199,8.8121,0.0434,925.202,43.3296,3
266.394,250.085,9.2845,8.6063,992.523,40.7567,2
275.634,272.441,6.9216,6.6996,765.353,35.3145,0
247.97,230.565,9.0827,8.5279,969.237,55.274,2
247.698,232.719,8.9734,8.3443,957.705,56.7945,2
257.565,239.777,8.0708,7.6267,835.38,49.4404,2
263.423,204.482,9.1353,8.8138,957.405,43.4296,1
252.181,2.1377,8.9492,0.0466,937.485,53.0087,3
278.728,286.821,2.2123,2.1071,271.213,33.9374,0
263.552,246.673,9.1897,8.6371,964.253,42.3833,2
258.433,198.842,8.0129,7.7268,832.684,47.6752,1
255.091,2.1499,8.8655,0.0486,938.28,53.0688,3
263.256,266.747,7.6727,7.4455,878.918,48.7065,0
272.466,307.412,5.7755,2.2732,611.125,40.5561,4
254.065,194.363,8.7756,8.568,920.931,52.8287,1
265.592,279.952,4.7146,2.9445,506.066,44.9787,4
286.377,333.466,6.7952,2.6754,747.005,30.6728,4
265.883,274.409,9.1751,8.8859,968.199,40.9918,0
272.207,280.425,8.3032,8.041,897.689,38.4083,0
314.841,284.025,0.5031,6.5594,778.549,11.6768,4
319.911,230.255,1.9948,2.4994,334.001,18.5338,4
259.52,201.864,7.9676,7.6064,834.322,47.6161,1
271.633,254.897,5.5126,5.2636,576.862,40.2471,4
265.099,246.616,9.2562,8.7194,979.304,42.3709,2
1.638,272.196,0.1076,8.9808,992.5,48.8277,3
280.445,256.896,5.1959,5.0744,553.569,34.183,4
257.623,247.0,8.0445,7.3745,827.746,48.0496,2
279.82,278.943,4.3616,2.6625,471.229,33.8468,4
286.414,348.468,3.132,0.0942,480.274,13.8156,4
268.03,273.717,4.5512,4.4385,524.916,22.461,0
259.513,199.618,8.9225,8.6402,955.753,49.4509,1
305.674,263.374,3.7998,4.9844,583.853,34.4672,4
259.216,201.756,8.7641,8.3653,910.482,45.0666,1
248.17,227.199,9.193,8.652,980.291,55.1792,2
308.107,357.064,2.908,0.0936,490.964,10.7863,4
1.6184,271.93,0.1119,8.7715,960.942,46.3195,3
260.583,242.535,9.0487,8.5114,955.77,47.3507,2
288.136,251.714,3.1896,3.0317,357.761,31.348,4
287.622,264.704,5.1016,4.9053,548.271,30.8563,4
249.566,235.672,9.2418,8.5757,972.732,51.6225,2
264.664,304.615,8.1713,5.4688,849.359,41.5419,4
255.203,2.1392,8.9063,0.0483,938.594,52.2648,3
255.087,202.174,9.2393,8.8024,956.362,46.9306,1
278.464,282.016,1.9819,0.9058,230.871,37.0045,4
298.485,258.719,3.2718,3.1614,372.094,25.3287,4
261.534,204.162,8.9714,8.6045,951.203,47.5438,1
259.251,243.148,8.6276,8.0043,891.111,45.2824,2
255.471,238.851,8.9624,8.3548,937.737,49.0831,2
260.044,203.91,8.7357,8.2699,908.464,46.2532,1
281.45,295.536,1.6265,1.4879,212.182,31.8386,0
248.871,231.839,9.0571,8.4598,970.464,55.8621,2
285.313,225.915,2.8473,0.9404,334.134,32.7678,4
273.332,258.03,5.0015,4.7297,524.278,36.3699,4
248.757,234.902,8.854,8.2256,942.003,55.0604,2
273.4,258.16,5.3271,5.0446,553.371,34.7214,4
1.6155,270.383,0.1149,8.7673,959.393,48.7394,3
269.253,278.0,4.6972,3.2111,512.328,45.2508,4
257.706,320.164,5.1479,1.9881,627.859,23.0466,4
1.6091,269.492,0.1097,8.5524,929.476,49.7742,3
307.221,351.923,2.8095,0.101,508.99,15.2731,4
262.888,2.1512,8.991,0.0447,950.721,44.766,3
267.048,204.219,9.0631,8.8933,963.007,42.5544,1
256.466,2.1302,8.8573,0.0471,933.931,51.2751,3
262.197,208.573,8.653,8.044,902.936,45.8514,1
277.61,265.479,6.3816,6.2732,699.746,38.4664,0
257.462,237.457,8.895,8.3858,935.256,49.0734,2
255.123,238.349,8.9705,8.3504,936.545,48.6459,2
269.034,248.793,8.9099,8.4634,942.247,41.5048,2
262.959,241.798,7.886,7.5771,829.867,48.2011,2
272.749,271.281,7.3716,7.3368,876.299,45.6864,0
248.049,258.452,8.7935,8.4022,913.934,57.1621,0
1.6534,270.967,0.1028,9.0011,993.601,48.8385,3
1.6437,271.001,0.1058,8.9527,990.713,46.7979,3
267.76,296.981,6.4449,4.4897,722.647,48.6545,4
259.232,255.304,7.8761,6.8437,817.555,48.467,2
266.051,248.719,6.7545,6.5345,709.512,41.8287,4
261.428,243.23,9.2797,8.7527,973.782,43.1227,2
282.0,269.503,6.129,6.043,675.846,36.7845,0
256.373,262.938,6.175,5.5837,611.676,49.3909,0
273.581,275.256,6.6126,6.475,786.255,45.0177,0
273.285,263.443,5.6015,5.4149,623.72,45.4875,0
266.642,2.1086,8.1494,0.0448,859.864,42.2214,3
316.194,292.773,0.3169,6.9198,809.673,10.9715,4
262.649,200.562,8.9662,8.793,955.694,46.6348,1
263.562,203.141,8.6218,8.3459,899.199,44.9223,1
287.421,275.198,6.0949,6.0095,662.233,28.8414,0
264.119,204.915,8.9188,8.596,938.754,44.0193,1
1.6178,276.542,0.1084,8.7257,967.168,45.89,3
280.381,289.441,3.8834,1.9879,425.798,36.8117,4
261.66,2.1798,9.0562,0.0454,951.72,44.6218,3
1.6621,266.221,0.1051,9.0181,985.16,48.8176,3
262.264,202.473,8.9683,8.7126,953.095,46.9172,1
271.985,274.612,8.0199,7.8886,873.615,39.139,0
262.319,204.132,9.0192,8.6812,948.969,45.4719,1
281.966,287.837,7.7183,7.5036,872.575,34.0479,0
259.479,2.1256,8.9141,0.0429,926.76,43.4733,3
259.309,236.893,8.2377,7.9118,864.399,52.0363,2
263.75,243.684,8.9631,8.4842,957.871,47.1747,2
258.56,244.297,8.0286,7.4917,829.875,47.994,2
315.664,239.087,2.4052,3.0393,390.632,23.6236,0
255.575,246.578,8.8057,8.003,903.642,47.2806,2
273.129,281.86,8.2023,7.9426,889.011,37.3638,0
274.632,248.293,4.2465,4.0077,456.591,36.3142,4
267.097,245.606,9.2512,8.7991,989.768,40.9658,2
251.695,254.189,8.7831,8.5889,928.113,53.9554,0
277.304,262.447,4.5813,4.2744,554.861,38.0871,4
262.104,201.363,8.9106,8.685,948.987,47.5484,1
264.036,204.205,7.8973,7.5542,827.977,43.7159,1
265.085,208.954,9.1578,8.6891,960.811,41.5897,1
256.972,238.265,9.0715,8.4917,969.59,50.3928,2
259.905,204.53,9.078,8.647,953.803,46.0445,1
263.735,203.339,8.8908,8.6291,937.5,44.4055,1
254.62,2.1366,9.0264,0.046,960.671,51.9678,3
263.626,202.7,9.2859,9.0903,988.595,43.7347,1
321.987,328.975,1.4803,0.2286,269.683,15.3224,4
287.69,261.128,3.963,3.8555,447.536,35.9059,4
259.854,200.403,8.7483,8.4267,909.038,46.1599,1
263.299,245.622,9.2272,8.6705,973.68,43.6022,2
266.38,245.279,8.9249,8.4954,944.078,43.5035,2
257.835,270.031,9.0717,8.7304,956.288,49.9006,0
262.88,287.028,8.1307,7.0089,851.529,45.9631,0
263.673,242.917,9.3588,8.8827,992.382,41.1307,2
295.779,254.344,3.5902,3.4986,402.396,26.7362,4
264.052,204.628,9.1567,8.8479,960.752,42.0503,1
260.627,269.769,8.5425,8.1954,889.581,46.2154,0
267.819,2.0984,8.7282,0.0364,924.886,43.8816,3
288.337,313.109,6.9958,5.4659,778.695,30.9306,4
264.75,203.956,8.9273,8.6649,936.162,43.924,1
250.074,236.215,8.8129,8.1739,941.726,55.0624,2
267.987,246.313,9.1583,8.7397,979.942,42.5155,2
271.887,272.905,7.9021,7.8027,884.985,39.5157,0
312.118,282.332,1.035,0.3781,179.408,19.3515,4
298.6,235.409,4.2887,5.1534,597.93,36.5173,0
263.906,202.986,8.5937,8.3345,899.593,45.4315,1
270.545,258.754,5.7814,5.4179,600.443,38.1596,4
254.616,310.832,7.659,3.1752,757.161,49.4498,4
253.392,264.651,8.5704,8.161,888.906,51.8333,0
305.663,250.001,3.0069,2.7558,453.864,31.1509,4
1.6366,268.0,0.1015,9.0975,992.853,48.8701,3
275.665,277.366,6.696,6.3709,733.893,33.0808,0
272.364,291.169,8.0109,7.1169,854.123,41.9276,0
250.806,230.882,8.9452,8.4284,969.845,56.0578,2
254.169,269.023,9.039,8.4956,931.271,45.6855,0
250.564,256.681,8.709,8.473,913.5,57.1369,0
263.139,243.838,9.1919,8.7177,966.452,42.3925,2
261.48,268.282,8.633,8.3763,926.047,46.5198,0
256.145,2.1409,9.0456,0.0474,962.926,50.4395,3
299.047,319.95,0.3167,0.1474,280.988,34.1147,0
273.07,273.934,7.4416,7.3418,864.92,42.192,0
253.393,2.1619,9.1174,0.0459,968.47,51.8145,3
268.215,318.134,4.9059,2.5521,638.174,24.0914,4
301.243,260.809,3.8469,4.8744,567.8,35.3799,4
254.056,2.1473,9.1309,0.0489,962.853,50.6928,3
269.511,2.1036,8.1561,0.041,866.827,40.0804,3
286.521,277.914,4.3745,3.7441,467.675,28.2179,4
312.294,351.692,2.8059,0.1041,501.123,11.5009,4
282.841,290.914,1.4801,1.333,166.496,23.8363,0
258.02,241.864,8.0623,7.5869,831.898,48.1225,2
269.095,204.763,7.6845,7.525,816.319,41.7709,1
257.503,196.678,9.023,8.7826,955.731,48.3832,1
270.97,265.33,6.7079,6.4394,702.399,40.6839,0
271.361,275.919,7.5237,7.3784,827.769,40.2605,0
1.6622,270.659,0.1081,8.9959,988.043,44.5497,3
268.759,2.1292,8.8181,0.0395,936.763,42.6488,3
264.96,243.501,9.1732,8.7457,974.997,42.9372,2
268.744,347.978,3.5868,0.1013,471.492,17.3857,4
254.521,2.1351,9.0982,0.0475,963.927,50.3742,3
258.881,264.724,7.286,7.0337,814.122,52.6106,0
305.273,270.667,2.7617,1.8575,318.392,20.7333,4
277.673,278.598,6.5888,6.5011,779.795,39.8606,0
263.405,280.551,6.1982,4.7309,651.808,46.5131,4
261.207,236.09,9.0168,8.7041,956.566,47.4235,2
347.088,331.65,1.2303,1.1432,387.241,13.3218,0
1.5934,270.935,0.111,8.5154,929.942,51.1535,3
262.774,312.273,5.1522,3.5299,631.166,19.8271,4
254.355,199.0,8.7443,8.315,918.337,52.733,1
254.227,239.625,8.9976,8.2997,936.223,48.6601,2
263.595,207.455,9.1221,8.672,960.713,43.3863,1
256.574,316.046,7.4005,2.0707,738.772,49.6939,4
271.065,265.416,5.9355,5.6967,704.318,43.8177,0
1.6193,277.016,0.1047,8.7017,967.809,48.8111,3
288.502,315.87,5.3199,1.8651,579.871,31.4577,4
1.6113,267.94,0.1073,8.6098,929.814,50.9746,3
275.088,287.399,2.7869,0.9901,314.905,39.092,4
258.588,235.061,8.0825,7.8261,842.755,50.2764,2
308.483,242.193,2.19,2.494,350.421,29.2902,4
253.244,2.1493,9.1087,0.047,966.724,52.0375,3
261.073,241.369,9.0377,8.5652,955.637,46.8456,2
275.498,265.721,5.8829,5.7672,715.091,41.2159,0
1.6147,271.005,0.1139,8.6902,958.704,50.2237,3
285.901,312.848,7.098,5.1224,784.826,32.481,4
260.22,272.961,8.5833,8.0753,889.831,44.3983,0
1.6148,271.047,0.1166,8.7394,958.797,48.844,3
268.974,268.526,7.4881,7.4048,875.187,45.6574,0
257.718,2.1396,8.9716,0.0508,960.105,50.8952,3
248.25,2.1576,9.0294,0.0435,935.643,53.5306,3
262.955,246.565,9.1363,8.5321,969.977,45.7237,2
1.6508,269.3,0.1047,8.9959,989.246,47.2896,3
1.6221,269.871,0.1088,8.8263,966.78,50.0282,3
275.954,259.341,5.6388,5.3604,586.349,34.5184,4
267.427,294.984,6.4614,4.5604,722.749,48.631,4
1.6158,272.543,0.1126,8.8542,967.069,46.4048,3
262.27,244.788,8.6956,8.1889,910.404,47.0189,2
283.412,285.122,1.257,1.21,142.903,22.3123,0
270.092,305.953,7.9835,5.5558,840.825,41.116,4
259.524,272.305,7.7853,5.9585,802.783,46.1397,2
262.249,2.1214,8.8284,0.0424,924.901,43.3616,3
250.747,227.431,9.2387,8.7415,988.764,52.6399,2
264.018,206.139,7.8514,7.462,816.61,41.5489,1
263.102,246.603,8.6568,8.0897,909.312,46.9433,2
279.695,266.086,4.1543,3.7988,514.029,38.7732,4
256.171,2.1341,9.0701,0.0501,966.3,50.8876,3
265.288,273.498,4.231,4.0891,490.407,23.117,0
288.716,252.156,3.2551,3.0804,359.197,32.6634,4
250.293,234.079,9.1726,8.5535,966.058,51.8882,2
255.585,203.971,9.2224,8.7327,955.846,46.8253,1
272.329,284.106,8.312,7.9306,898.111,38.2104,0
262.471,196.933,7.9024,7.8036,832.977,47.0425,1
266.807,202.354,8.8491,8.7597,947.653,44.8115,1
267.78,353.394,4.4349,0.1164,553.69,15.6308,4
255.63,235.289,8.3584,7.9426,861.412,52.3926,2
331.323,336.297,0.3074,0.2197,448.062,10.3589,0
314.112,234.388,2.6164,3.367,418.049,26.3881,0
250.895,195.098,8.8704,8.5188,918.578,52.2843,1
263.758,262.856,6.5437,6.2559,727.486,45.6297,0
264.846,205.854,8.8924,8.5614,939.102,44.3275,1
252.439,233.17,9.112,8.5821,965.557,51.5996,2
264.561,206.004,9.1363,8.7848,960.45,42.2039,1
263.69,204.01,8.8204,8.5415,921.865,42.9378,1
321.362,329.485,1.6281,0.235,287.454,16.5646,4
262.429,294.299,6.871,4.7968,751.659,48.0021,4
256.686,258.899,9.1982,9.0175,981.571,52.2116,0
261.56,245.145,9.0775,8.5207,956.553,45.831,2
267.479,282.142,3.5935,2.2509,395.714,38.2777,4
263.9,203.432,8.8625,8.6325,922.938,41.7011,1
265.074,2.103,8.7592,0.042,923.729,42.9739,3
255.695,200.63,9.0429,8.5886,952.655,48.8945,1
1.6125,274.177,0.1113,8.7006,961.781,47.9537,3
270.856,273.403,6.7216,6.5913,804.13,44.8748,0
263.224,306.914,5.7977,1.1417,605.723,47.0275,4
259.674,205.859,8.7198,8.1709,903.236,46.1606,1
266.696,258.395,8.7953,0.0465,937.984,44.1639,1
263.083,201.008,7.8804,7.6509,832.189,47.0118,1
264.877,2.1736,9.1087,0.0506,958.664,42.0024,3
263.766,266.233,8.8226,8.6315,930.272,43.3596,0
167.225,331.62,1.3477,0.1429,248.158,21.1975,4
274.888,274.614,7.3138,7.2341,855.73,43.107,0
266.966,2.1116,8.2743,0.0434,865.466,39.9098,3
261.193,201.905,9.3364,9.0735,987.512,43.637,1
269.376,248.597,8.8492,8.4384,940.318,41.6761,2
307.952,244.253,2.3576,2.5359,367.575,28.0288,4
264.436,245.59,9.1684,8.6873,968.811,42.6372,2
302.165,291.417,2.8989,1.2683,328.639,21.1472,4
306.624,332.059,0.2277,0.1266,228.31,11.0132,0
261.351,244.785,9.0293,8.4395,955.943,46.8806,2
260.988,2.1675,9.1762,0.0477,956.92,42.6394,3
261.076,204.036,9.0363,8.6883,946.917,44.4815,1
261.33,208.255,8.6944,8.0978,897.371,44.7602,1
270.128,254.017,5.1604,4.928,541.413,42.2057,4
1.6558,271.657,0.1,8.9025,987.288,47.8142,3
264.374,198.924,8.8996,8.7976,937.148,45.0307,1
268.199,2.1089,8.2276,0.0407,865.837,40.2697,3
297.967,278.271,3.7546,3.4791,504.681,29.1528,4
266.604,348.979,9.2664,0.6303,990.011,40.5374,2
320.845,324.71,1.6407,0.2462,288.218,16.6208,4
257.806,239.956,8.8948,8.2886,935.807,48.623,2
277.19,307.849,6.9692,4.6654,769.634,38.377,4
1.654,268.756,0.1074,9.0596,990.531,44.9393,3
265.668,267.421,7.8164,7.649,890.289,49.4927,0
247.967,232.719,8.946,8.3251,955.841,56.7183,2
255.727,2.1516,8.8717,0.0479,935.631,51.1839,3
269.797,291.357,6.1649,4.4253,650.49,42.6303,4
271.049,253.007,6.0235,5.8594,678.44,42.6335,4
263.724,205.452,8.949,8.5587,938.665,44.8093,1
245.613,252.0,9.1317,8.8613,959.306,56.8842,0
263.978,204.386,8.6177,8.2914,895.095,44.0728,1
256.216,2.157,8.9702,0.0494,959.269,52.1096,3
285.038,268.408,5.143,4.93,573.996,30.0779,4
308.076,248.802,3.2604,4.2823,504.562,31.9889,0
271.65,271.81,7.5664,7.5085,876.673,44.525,0
263.577,2.0986,8.1802,0.044,855.389,43.3572,3
289.375,267.334,4.7642,4.5681,516.07,30.1349,4
1.6485,270.56,0.1069,9.0221,993.562,49.4602,3
255.835,193.885,9.0762,8.8786,959.766,49.9081,1
254.076,233.899,8.3782,7.9644,859.144,52.0844,2
256.023,194.525,8.6863,8.52,912.599,51.9866,1
262.646,204.872,8.9554,8.5734,937.851,44.4531,1
262.575,2.1095,8.8257,0.0425,925.213,43.0034,3
254.97,335.548,8.9204,0.0486,944.033,52.4942,2
263.541,290.823,8.0572,6.7239,847.58,46.2099,0
270.967,262.695,6.0757,5.8746,657.632,41.0927,0
285.777,285.533,7.6604,7.6337,868.069,32.6983,0
258.703,202.217,9.076,8.7124,953.658,47.3808,1
278.53,259.137,5.3852,5.1702,564.661,34.9949,4
278.336,250.249,4.0506,3.8544,439.602,34.979,4
280.189,284.329,7.5111,7.3837,863.559,35.8387,0
252.694,239.547,8.374,7.7541,853.312,51.2442,2
266.083,243.158,9.0639,8.6875,969.224,43.6731,2
269.637,261.388,5.8209,5.3551,603.75,38.4292,4
260.931,256.431,6.2731,6.0433,628.575,48.447,0
283.61,284.676,1.1321,1.1024,129.861,21.6115,0
262.734,243.673,8.9919,8.4841,956.991,47.0921,2
354.852,347.791,0.2329,0.0594,319.342,7.7787,4
262.236,244.356,9.0388,8.5049,955.589,46.1333,2
256.458,241.306,8.0931,7.5657,834.235,49.4646,2
276.587,281.893,4.8237,3.7029,509.75,34.89,4
263.723,259.357,7.7202,6.5806,813.619,47.7275,2
1.6268,273.913,0.1043,8.7914,964.714,46.8787,3
258.209,196.929,8.765,8.5228,914.075,47.7559,1
273.78,315.635,6.6398,2.7791,739.72,43.5178,4
1.6645,266.896,0.1053,9.1318,992.861,48.6517,3
267.642,264.379,6.7106,6.4625,710.693,45.1364,0
261.221,2.1556,9.0575,0.045,949.416,44.0217,3
255.21,234.471,8.596,8.2143,931.926,54.3407,2
260.078,202.952,9.0722,8.7237,953.734,45.9723,1
254.123,239.563,8.3616,7.7595,857.127,51.6567,2
256.92,237.425,8.8726,8.3276,941.208,50.9995,2
248.589,232.491,9.0368,8.4225,962.487,54.2253,2
291.069,271.287,4.5828,4.3353,493.618,27.7567,4
250.25,232.247,9.0519,8.4352,979.486,56.8254,2
257.889,318.821,7.5802,1.5742,796.71,51.3243,4
264.514,2.1003,8.8846,0.0388,930.013,44.0736,3
250.554,230.238,9.2339,8.65,989.337,52.6338,2
251.16,257.621,9.104,8.7896,940.659,56.0467,0
274.914,293.757,5.8582,4.3911,651.511,37.348,4
294.133,261.387,2.7961,2.5445,324.788,29.3832,4
264.973,204.967,7.8399,7.5094,819.664,41.6664,1
328.564,354.15,1.2927,0.0793,426.517,12.4173,4
277.981,250.893,3.9104,3.7126,425.827,32.6475,4
1.6069,268.803,0.1037,8.8678,966.203,49.0744,3
261.426,202.401,9.3259,9.0651,985.712,43.269,1
268.858,2.1094,8.7295,0.038,929.439,43.4904,3
268.971,205.239,7.6898,7.525,816.767,42.1046,1
258.071,199.126,8.629,8.3582,908.053,51.0428,1
265.913,2.1346,8.8501,0.0394,931.311,43.5155,3
267.228,271.924,8.1205,7.9328,894.51,44.4946,0
265.696,277.597,9.1344,8.7953,966.486,42.6299,0
1.6031,273.897,0.106,8.7061,964.969,50.4725,3
255.318,197.759,9.0191,8.6934,954.193,50.0584,1
254.346,2.1452,9.1147,0.0459,965.065,50.8059,3
278.86,269.682,3.4653,2.7299,382.37,32.7911,4
248.478,260.425,9.1195,8.6458,910.541,52.6445,0
270.708,256.6,5.8109,5.5746,649.712,40.4336,4
251.208,230.035,9.1811,8.627,983.624,53.1039,2
254.038,234.616,9.0367,8.5386,966.079,51.9929,2
259.927,196.95,8.7381,8.5507,911.014,45.261,1
285.954,242.412,2.2786,1.0505,265.296,33.083,4
273.015,280.358,8.2775,8.0599,897.885,38.1241,0
262.45,203.9,8.9088,8.5942,949.139,47.5085,1
260.892,199.3,9.0271,8.8476,951.602,47.1375,1
256.102,325.047,4.9327,1.4795,596.834,21.7234,4
298.109,262.704,2.9584,3.2651,437.226,35.8441,0
287.59,285.039,7.2374,7.0643,840.506,27.5609,0
257.065,2.1354,9.0028,0.0486,961.217,51.0464,3
321.086,280.22,2.0189,1.264,337.187,18.0531,4
261.801,2.111,8.8363,0.0399,925.344,42.9351,3
252.42,196.558,8.8039,8.4468,917.151,52.9005,1
260.796,2.12,8.8795,0.0414,924.923,43.5873,3
308.331,242.37,2.1933,2.5048,352.089,29.428,4
284.823,273.385,6.7049,6.57,728.178,30.1707,0
249.024,225.165,9.1109,8.6698,978.905,56.2302,2
1.6623,271.273,0.1076,9.046,994.311,42.5961,3
273.143,269.275,7.5028,7.2873,822.9,37.1654,0
255.76,259.763,8.016,7.8313,824.045,54.9463,0
254.851,236.491,9.1132,8.5724,971.766,50.7376,2
1.6149,269.98,0.1115,8.5307,929.704,51.1715,3
254.067,2.1494,9.1057,0.0497,963.792,50.987,3
266.093,272.987,8.2946,8.0833,899.711,46.2285,0
292.603,281.796,4.8049,4.6509,594.068,28.1078,0
251.091,236.959,8.4828,7.8642,914.503,55.8156,2
262.035,2.166,9.1223,0.0446,955.426,42.7136,3
267.548,201.896,8.807,8.7155,935.672,44.3381,1
286.867,314.782,7.0591,5.0653,784.62,32.4967,4
269.3,272.492,7.7929,7.6173,891.601,45.0551,0
265.248,2.1675,9.0031,0.0461,955.441,43.0237,3
293.307,266.736,2.8,2.4144,323.669,29.4276,4
245.452,234.115,9.1536,8.384,969.075,55.4663,2
268.233,266.603,6.6215,6.3345,704.001,44.6668,0
311.782,244.11,2.8202,3.6786,450.271,28.2434,0
251.838,261.345,9.3484,8.9879,1084.72,52.9226,0
257.346,237.496,8.9014,8.4147,937.158,48.6729,2
259.181,266.023,6.9304,6.5791,764.756,51.2453,0
267.372,269.629,8.4844,8.3573,916.865,44.2105,0
288.274,283.261,1.251,1.2328,145.169,22.6991,0
1.6409,269.088,0.1125,8.6063,931.405,48.2898,3
260.285,200.034,8.7253,8.4379,908.501,46.2359,1
265.108,2.1031,8.3472,0.0401,866.126,40.0604,3
267.548,243.454,9.0478,8.7444,966.341,42.63,2
286.162,287.715,7.5512,7.4142,835.424,28.0589,0
265.497,266.9,6.7605,6.3665,709.352,44.6264,0
290.624,248.615,0.8213,0.2352,264.468,31.0145,4
257.534,256.878,7.9415,6.8056,819.041,48.5566,2
266.385,245.367,8.9642,8.555,941.576,41.7014,2
321.874,350.306,0.8516,0.1161,538.76,18.9496,4
266.793,206.158,9.1598,8.9473,988.304,43.618,1
247.914,229.758,9.3305,8.6716,989.427,52.6331,2
261.353,263.979,8.9508,8.7521,950.093,47.282,0
255.591,2.1367,9.0014,0.0494,959.203,51.8598,3
272.665,269.477,6.6895,6.7044,809.69,46.0224,0
1.6222,271.501,0.1081,8.4926,928.633,50.0145,3
259.005,202.253,9.0685,8.7271,953.599,46.8572,1
281.363,275.347,6.1667,5.9584,736.554,36.1097,0
271.083,267.604,6.8191,6.6068,746.706,36.8065,0
280.658,286.546,0.4392,0.2154,235.12,32.1954,4
1.6028,270.393,0.1132,8.7201,958.372,49.6249,3
262.513,247.472,8.6853,8.0615,908.2,46.7424,2
256.417,194.623,8.9677,9.1648,948.593,49.7758,1
267.24,205.948,9.0752,8.8004,959.544,41.7206,1
263.263,260.625,7.6809,6.4143,809.472,47.2152,2
263.162,205.851,9.3251,8.9702,989.302,42.7089,1
269.546,274.445,5.1655,4.3625,563.247,44.3306,4
260.425,252.084,7.8646,7.0302,821.254,48.9897,2
291.536,269.565,4.6159,4.4151,497.983,27.7024,4
252.652,261.08,9.0636,8.6966,948.102,50.2546,0
1.6128,271.857,0.11,8.8318,965.252,47.6864,3
283.418,253.596,3.5069,3.346,389.44,29.7942,4
1.6154,273.096,0.113,8.7361,959.678,47.5033,3
278.634,279.529,6.3091,6.0528,689.765,29.0925,0
1.5916,276.111,0.1115,8.3944,926.346,50.244,3
249.39,234.287,9.2713,8.6119,970.589,51.0597,2
256.855,198.899,8.7933,8.432,913.815,48.0212,1
253.003,254.344,9.1177,8.9924,988.772,54.8891,0
264.189,204.393,7.8501,7.53,816.336,41.5241,1
262.661,262.699,7.2049,7.1038,818.376,52.6344,0
250.528,234.872,9.0277,8.3852,938.371,51.4336,2
265.198,247.542,9.0833,8.5306,968.832,44.6495,2
254.213,263.091,9.3626,8.9431,992.666,51.0345,0
267.75,244.882,8.8964,8.549,945.1,43.0398,2
1.632,276.759,0.1068,8.7657,967.406,43.784,3
264.92,244.432,7.7924,7.4798,828.616,48.2655,2
293.921,271.01,4.8555,4.6935,528.829,25.3429,4
291.262,279.024,6.1158,6.7481,808.381,41.0286,0
281.37,276.403,5.994,5.8189,658.813,28.9191,0
253.044,231.098,8.916,8.4956,966.876,54.3795,2
263.819,271.524,7.3118,6.9832,804.013,46.9255,0
257.231,2.1632,8.993,0.0426,929.326,43.5808,3
269.401,270.883,6.5803,6.2131,724.478,40.266,0
261.708,2.1797,9.1451,0.0462,955.988,42.8526,3
271.094,275.725,7.2404,7.0513,834.797,41.7425,0
262.947,273.889,8.7936,8.3835,911.358,40.7824,0
261.451,275.032,9.3336,8.9256,985.318,44.1794,0
265.102,203.921,8.8593,8.6489,953.185,46.8988,1
268.377,264.176,6.4561,6.1843,674.059,40.5623,0
248.85,233.891,9.0832,8.4449,968.572,54.4341,2
316.286,308.598,1.4758,1.2705,209.168,13.997,4
261.297,242.189,8.5354,8.0092,891.36,46.5277,2
251.133,228.282,8.9051,8.5237,963.578,56.152,2
1.6124,273.298,0.1093,8.8274,967.716,46.5559,3
270.903,246.698,6.1051,5.8215,652.459,41.3026,4
1.6407,270.885,0.0995,8.8614,983.652,49.6369,3
278.546,258.341,4.7811,4.5385,504.927,35.7719,4
330.619,348.231,1.3196,0.0867,424.59,12.3614,4
270.438,262.082,6.3437,6.1344,747.799,43.2673,0
260.702,201.053,7.9722,7.6603,824.718,43.4894,1
277.992,270.366,4.1556,3.5214,450.341,36.3876,4
263.629,260.076,7.8666,7.5472,852.208,44.2793,0
260.822,197.125,8.6747,8.5065,904.554,46.484,1
260.929,244.473,7.9764,7.4778,835.778,48.8874,2
263.202,239.611,8.4306,8.0732,892.127,47.4774,2
262.44,201.352,8.6456,8.3694,909.066,45.1768,1
1.6117,273.899,0.1087,8.8111,966.455,45.5815,3
258.439,238.981,8.8512,8.3233,936.645,49.0993,2
266.31,326.415,7.7006,1.8912,812.603,44.518,4
292.468,253.528,3.8912,3.7345,425.513,26.9994,4
278.313,275.158,4.8351,4.0758,515.582,35.7401,4
260.086,197.494,8.6967,8.4926,909.136,46.1155,1
299.794,282.225,3.3033,6.6819,805.737,39.6557,4
263.887,204.435,9.177,8.8538,959.673,41.7747,1
261.241,202.726,9.0018,8.6501,938.477,44.6616,1
267.072,276.08,4.7662,3.1391,514.606,45.2371,4
267.827,314.492,5.8584,0.9794,612.539,42.3468,4
270.713,332.05,7.6102,2.0308,797.614,41.2774,4
262.03,2.1141,8.8415,0.0382,924.951,42.7378,3
270.061,265.117,5.4401,5.1945,644.46,42.5382,0
260.836,204.825,9.3394,8.9526,988.401,44.0854,1
262.143,202.147,9.2991,9.0552,985.933,43.4771,1
1.6403,274.737,0.1066,8.8943,993.208,48.6077,3
254.335,196.896,9.0917,8.7667,952.917,48.6212,1
303.775,238.714,3.6337,4.5361,543.519,34.0428,0
1.6254,271.521,0.1158,8.7865,960.615,47.3126,3
252.62,230.422,8.9311,8.5255,966.505,54.5251,2
248.387,227.92,9.1046,8.5949,979.703,56.7449,2
281.163,278.228,5.7189,5.4959,627.136,28.5831,0
261.869,270.675,8.8842,8.4755,942.354,46.9709,0
283.105,298.605,5.47,3.4577,608.946,38.2287,4
286.116,268.13,3.7234,3.485,413.571,31.7794,4
1.6046,269.744,0.1147,8.699,958.43,52.2581,3
264.029,2.103,8.9165,0.0371,931.035,43.4724,3
266.02,201.643,8.5182,8.3624,892.983,43.7836,1
261.456,2.1317,8.8465,0.0404,926.307,43.4041,3
284.603,280.908,5.8548,5.6797,653.304,29.3139,0
264.385,202.046,8.9132,8.7069,938.482,44.1334,1
258.201,197.521,8.9993,8.7559,954.123,48.4622,1
280.87,276.292,6.1176,5.9467,684.283,33.6196,0
262.969,247.35,9.3868,8.6997,991.287,40.4645,2
309.287,326.744,2.3965,0.2695,427.695,21.4244,4
273.593,275.918,7.2764,7.1583,825.44,44.7999,0
257.229,239.308,8.1432,7.6962,842.411,50.0801,2
261.603,252.594,7.8355,7.045,823.711,49.3476,2
280.962,272.574,6.6279,6.4237,712.449,31.3365,0
265.068,2.1309,8.9857,0.0344,939.658,42.5252,3
264.113,257.378,3.0471,4.1528,492.196,22.6788,4
265.47,274.4,8.4281,8.1464,907.513,45.5187,0
300.868,239.745,3.7439,4.5835,549.82,34.2821,0
261.899,234.731,6.3852,6.1864,684.365,36.8839,4
267.521,314.361,4.8128,2.8837,642.865,24.3418,4
261.895,240.467,8.4924,8.0694,884.688,44.3845,2
1.6198,271.329,0.1133,8.7855,960.659,47.6251,3
263.36,200.862,8.8375,9.1481,991.216,44.6642,1
265.569,244.723,8.9468,8.5082,944.463,43.4133,2
263.129,201.748,8.9359,8.6797,937.689,44.7406,1
254.781,196.964,9.1355,8.8067,958.104,48.0599,1
264.363,248.099,9.1425,8.5488,969.118,42.8716,2
264.851,247.69,9.0952,8.5661,961.273,42.3808,2
268.45,312.918,8.0116,4.4359,836.195,39.6075,4
268.781,249.18,9.263,8.7259,989.84,37.7977,2
265.482,203.499,8.9049,8.7045,933.082,42.892,1
264.129,203.747,8.9289,8.727,955.729,48.891,1
262.634,207.724,9.3236,8.8384,991.663,44.6009,1
289.165,279.076,1.0521,0.4262,174.583,24.9688,4
275.887,275.864,7.906,7.8155,896.416,39.5591,0
263.353,2.0951,8.7805,0.0404,923.278,43.9979,3
261.422,2.1264,8.852,0.0387,925.065,42.6867,3
313.624,282.217,1.5378,0.5363,254.986,22.1848,4
275.001,275.317,7.1335,7.0562,834.13,41.6653,0
263.312,242.39,8.9997,8.5506,956.25,46.4226,2
248.372,230.941,9.0862,8.4733,977.39,56.6822,2
1.6155,277.63,0.1054,8.6393,965.087,47.7403,3
284.045,285.664,7.5467,7.4097,831.338,28.9674,0
261.483,204.655,8.9066,8.532,923.671,42.9419,1
251.778,2.1348,9.1726,0.0489,960.001,51.0971,3
268.134,248.974,9.3016,8.7389,992.386,38.3318,2
255.154,195.501,9.1083,8.831,959.671,49.0954,1
279.974,294.661,1.6721,1.5269,215.577,31.8281,0
252.785,240.085,0.9563,0.7952,117.303,28.3202,0
266.795,273.213,7.4271,7.1151,861.942,44.2321,0
253.567,234.879,9.021,8.5261,940.942,49.2377,2
264.86,246.043,9.3234,8.7785,991.657,41.1236,2
1.5966,272.653,0.1102,8.4998,926.394,50.3931,3
269.753,251.944,6.6308,6.4756,708.257,42.4996,4
272.027,271.735,6.5951,6.2906,718.999,36.7967,0
262.441,244.592,8.4617,7.8832,891.91,47.3196,2
263.555,202.779,9.163,8.8975,963.205,42.6328,1
276.598,295.685,4.688,2.4383,496.252,34.7645,4
270.829,267.469,7.1555,7.1435,849.354,45.3417,0
262.418,245.474,9.2277,8.668,971.542,43.2338,2
261.569,270.995,8.5481,8.2559,924.134,48.8652,0
265.809,2.1712,9.0071,0.0437,953.296,42.7572,3
269.087,245.51,9.2029,8.7985,992.731,40.4728,2
1.632,276.736,0.1129,8.7338,966.237,44.6071,3
270.839,276.024,8.8515,8.6679,952.509,42.5083,0
261.615,205.938,8.6757,8.225,898.727,44.9134,1
269.855,247.001,4.3691,4.0638,463.279,38.4109,4
264.089,205.125,8.9387,8.6323,949.21,46.1001,1
256.56,196.525,8.6805,8.4579,913.283,51.9755,1
272.243,274.856,7.4844,7.3172,836.287,42.1677,0
276.887,268.629,4.8817,4.3514,517.936,35.8683,4
260.312,200.892,9.0971,8.8465,956.251,46.9888,1
246.405,235.499,9.1286,8.3225,965.191,54.0196,2
248.865,229.678,9.0874,8.5066,975.554,56.0299,2
263.443,267.635,7.644,6.1677,803.822,46.9767,2
260.958,243.959,9.3271,8.7672,975.243,43.3783,2
283.353,280.024,6.2056,6.0163,685.627,28.0607,0
1.6495,266.784,0.1053,9.0357,986.797,48.4237,3
1.624,273.066,0.1099,8.5041,931.548,48.332,3
253.002,236.281,9.0887,8.5009,967.324,51.6848,2
257.935,198.958,8.7615,8.4293,914.07,47.9041,1
251.527,2.1473,8.925,0.0444,934.848,53.0324,3
265.054,201.568,9.2512,9.1482,990.936,43.5767,1
247.847,257.964,8.8894,8.4213,879.945,53.6748,0
1.6016,272.121,0.1112,8.7736,960.489,47.2916,3
274.764,271.008,4.7353,4.4627,568.968,39.3794,0
269.766,273.514,7.604,7.437,879.653,46.37,0
306.557,244.256,2.1898,2.4551,348.151,28.8617,4
313.742,242.984,4.3968,1.0193,661.701,19.5548,4
256.449,202.76,8.9624,9.1469,948.384,49.7506,1
279.885,268.227,3.6,2.9185,397.318,32.01,4
261.225,204.642,9.3546,8.9899,989.572,43.9117,1
255.598,276.697,9.0907,6.0279,969.909,50.0951,2
251.417,196.402,8.8703,8.4888,921.503,52.843,1
267.213,240.862,9.2616,8.9507,993.869,40.8438,2
256.837,200.728,9.4788,9.1312,989.31,44.5701,1
249.331,2.1585,9.0792,0.0474,939.818,52.2842,3
1.6406,267.433,0.1026,9.0994,993.941,49.5757,3
258.721,223.419,8.7188,8.7459,905.896,46.2323,2
263.228,201.744,9.0325,8.8378,951.297,43.9711,1
251.85,233.534,9.1798,8.5312,984.552,52.4312,2
262.709,199.272,8.6348,8.4618,911.228,46.239,1
1.6217,268.851,0.1146,8.757,958.823,50.5668,3
1.5795,272.406,0.1149,8.4902,929.697,50.8137,3
256.345,237.303,8.9393,8.4255,936.56,48.6034,2
266.532,245.294,9.0365,8.6192,966.679,43.9396,2
267.307,306.76,5.9656,2.4084,622.439,41.263,4
266.453,208.832,9.1086,8.7242,964.255,42.3136,1
247.551,257.18,9.1104,8.749,918.803,56.5185,0
266.24,200.951,8.8331,8.727,937.418,45.0308,1
274.53,245.547,4.0438,3.8862,444.745,39.999,4
264.757,204.786,7.8418,7.5339,817.085,41.7233,1
286.126,262.262,3.9412,3.8228,505.464,39.094,4
261.388,200.444,8.9902,8.7935,953.606,46.8629,1
262.914,2.1189,8.3828,0.0388,865.306,40.3794,3
247.889,231.431,9.152,8.4915,982.472,56.3983,2
257.291,237.367,8.8843,8.387,940.177,50.2264,2
256.296,196.039,8.7037,8.4763,913.205,51.9047,1
250.468,227.909,8.8877,8.4749,957.183,56.1723,2
1.591,273.013,0.1084,8.4761,928.652,50.5968,3
1.66,272.79,0.1027,8.9817,992.093,42.9291,3
272.781,263.841,7.5156,7.3728,832.667,39.6799,0
257.651,207.253,9.0822,8.4793,939.246,44.509,1
258.235,2.1344,8.8424,0.0463,933.787,50.0599,3
265.397,203.044,8.5942,8.3553,907.854,45.3218,1
265.094,203.903,9.128,8.8993,962.188,42.7449,1
262.908,245.049,9.0241,8.5082,956.022,46.049,2
311.794,298.949,2.1907,1.5574,456.222,24.4243,4
267.711,208.376,9.0504,8.7172,962.198,42.5721,1
265.729,204.285,9.2335,9.0486,988.875,42.9432,1
266.672,244.915,9.0868,8.7042,966.373,42.0681,2
261.751,203.111,9.0274,8.7311,947.49,44.451,1
1.5973,268.27,0.1085,8.6379,929.068,50.2325,3
262.858,2.1666,9.1363,0.0438,952.775,41.5446,3
284.761,257.957,4.1589,4.0501,463.659,35.7832,4
251.079,231.099,8.9548,8.4685,962.493,54.1184,2
263.562,2.0984,8.7832,0.0395,925.198,43.3532,3
257.359,242.535,8.076,7.5612,832.027,48.1435,2
256.818,237.175,8.8751,8.3463,940.782,50.9995,2
263.276,248.155,9.1875,8.5606,966.224,42.4049,2
269.445,265.286,7.0169,6.7845,740.429,41.5248,0
263.585,291.929,6.1226,3.7754,641.222,46.2524,4
263.443,284.896,6.1581,4.3725,647.567,46.6186,4
267.669,2.1164,8.2559,0.0422,865.644,39.9839,3
255.616,266.299,9.082,8.6976,969.393,49.9267,0
267.788,2.1731,8.9665,0.0445,956.633,42.1994,3
300.099,260.708,2.9639,3.3349,445.223,36.5859,0
264.212,200.599,9.2729,9.161,990.029,44.4711,1
257.968,346.126,4.6866,0.1363,573.752,20.6559,4
315.597,308.658,0.7229,0.7204,312.362,33.2237,0
246.396,230.721,9.1369,8.4975,970.445,55.9256,2
266.611,278.371,6.2338,5.4388,653.176,41.7219,4
260.826,2.1591,9.0564,0.0424,949.876,44.825,3
261.953,247.435,8.5201,7.8694,884.027,43.3799,2
270.58,277.845,8.6395,8.4366,930.453,40.1858,0
270.085,261.617,5.4023,5.1851,592.7,42.6829,0
303.74,241.677,2.0743,2.3173,327.771,30.9006,4
247.458,233.839,9.1066,8.4014,969.614,55.4376,2
274.562,270.132,7.6644,7.4581,835.951,35.0074,0
307.657,294.713,2.0087,0.6316,312.849,25.0338,4
264.026,203.095,9.3022,9.0779,989.137,42.7312,1
264.455,265.732,7.5047,7.3754,863.889,48.6621,0
280.864,277.803,1.8378,0.9124,218.205,36.2165,4
261.855,203.533,9.267,8.9577,987.425,45.6407,1
271.833,247.221,8.7429,8.5495,951.371,41.9789,2
1.6577,271.213,0.1018,8.8546,982.642,48.9735,3
274.047,303.798,6.829,4.484,764.159,43.8067,4
268.57,203.202,8.3912,8.2936,892.736,43.9555,1
258.809,203.905,9.4082,8.9941,985.875,43.395,1
263.231,242.549,8.5522,8.1341,898.512,46.9943,2
256.911,239.096,8.9148,8.3192,934.003,48.5513,2
278.106,258.29,3.9224,3.6894,436.721,40.0704,4
261.742,271.893,5.5767,4.0124,583.006,45.8768,4
258.753,199.419,8.7512,8.429,908.862,45.639,1
263.034,202.823,8.6303,8.3486,899.718,45.551,1
264.358,201.321,8.9144,8.7626,944.887,45.0099,1
266.982,255.372,6.4012,6.118,678.635,42.4831,4
251.278,235.852,8.3357,7.7123,889.712,53.7494,2
264.289,202.676,9.162,8.9128,960.354,41.7515,1
262.41,203.374,8.9531,8.6172,936.983,45.0381,1
274.593,275.6,7.2825,7.1694,811.558,40.8893,0
257.922,197.504,8.7641,8.4964,908.264,46.1729,1
258.345,239.274,8.8936,8.3435,933.458,47.6907,2
208.627,314.126,3.66,0.1508,649.591,29.1445,4
1.6121,269.299,0.1176,8.8373,959.099,46.9431,3
263.944,241.822,8.3745,7.9815,881.489,44.6492,2
300.821,324.847,2.5922,0.2319,400.029,19.8741,4
280.05,288.469,1.9418,1.8413,244.331,33.1971,0
1.6392,273.255,0.1106,8.8526,988.964,49.9648,3
262.922,206.327,9.332,8.9586,990.027,43.0247,1
260.404,261.683,8.8579,8.5585,921.893,44.2855,0
284.445,273.433,5.7293,5.6101,689.935,33.8773,0
1.6299,274.846,0.1118,8.7494,964.97,47.5768,3
1.6289,269.452,0.1122,8.727,960.019,50.9804,3
258.046,200.014,8.747,8.3917,908.19,46.2819,1
359.879,351.365,0.2019,0.051,288.264,4.0813,0
262.98,269.185,7.9317,7.6555,887.343,47.1693,0
246.513,232.907,9.1238,8.4216,964.554,54.0409,2
259.049,246.032,8.8021,8.1602,914.602,47.7326,2
263.198,2.1115,8.288,0.0423,860.945,42.0476,3
279.168,261.632,5.6495,5.3841,594.059,34.4348,4
263.877,205.21,9.1612,8.8076,960.046,41.7469,1
262.491,205.122,9.291,8.9514,985.642,43.3229,1
266.469,263.352,6.774,6.5178,705.339,40.0625,0
263.5,322.186,7.4967,2.0731,789.385,47.1985,4
1.6135,269.213,0.114,8.5645,928.274,49.8443,3
1.6152,275.166,0.1065,8.6946,965.391,50.1841,3
308.68,325.811,0.28,0.1434,324.033,15.6962,0
251.716,196.673,8.8246,8.4345,917.028,52.9253,1
254.23,195.137,9.1054,8.8078,960.494,50.5147,1
265.854,2.0899,8.0924,0.0417,855.174,43.438,3
318.044,340.041,1.8984,0.0962,422.867,16.5548,4
305.785,294.358,4.265,4.15,585.055,27.9505,0
257.779,245.479,8.8494,8.2118,915.921,48.2853,2
293.413,279.509,3.8946,2.6193,426.32,27.0759,4
260.564,299.223,6.0274,2.2976,623.887,45.7427,4
276.28,287.069,0.8791,0.8347,134.58,29.8466,0
263.286,275.984,8.6008,8.1717,913.259,43.0215,0
264.503,202.154,8.8217,8.6538,922.268,41.9604,1
253.14,257.914,9.2771,9.0407,1009.66,52.3909,0
267.047,272.073,4.6197,3.4561,489.953,40.4544,4
264.405,2.1688,9.0647,0.0456,952.529,42.0344,3
255.483,241.827,8.1915,7.6135,842.353,49.9312,2
257.184,248.17,8.8479,8.0533,911.025,47.1422,2
260.335,199.601,9.4139,9.2257,992.359,43.4437,1
264.562,2.0885,8.8658,0.0372,929.11,44.0908,3
276.487,284.13,2.1067,0.9143,244.266,37.32,4
275.73,274.702,7.5761,7.5069,850.434,38.7919,0
299.201,310.538,4.0164,1.2134,443.722,22.3787,4
271.57,261.54,7.1805,7.0773,803.633,42.1562,0
261.079,202.429,8.7039,8.3433,911.099,45.4451,1
281.849,247.257,3.5212,3.2953,387.305,35.8427,4
1.608,273.659,0.1081,8.8121,966.818,46.2888,3
264.501,2.1217,8.3522,0.0405,866.198,40.093,3
279.363,281.673,7.6009,7.4915,871.686,37.0544,0
262.291,200.658,9.2492,9.0728,987.252,45.6205,1
310.493,328.682,2.02,0.1927,351.837,17.0675,4
1.6233,268.356,0.1104,8.6568,933.711,47.7267,3
1.6317,272.506,0.1077,8.4851,929.194,49.3256,3
257.778,202.466,9.1726,8.7929,955.9,46.4298,1
1.6223,266.796,0.1079,8.8154,960.827,50.9119,3
257.581,242.738,8.0757,7.5416,835.672,49.171,2
279.548,304.552,4.4993,1.9121,503.684,38.1286,4
301.637,264.5,2.8524,3.2292,437.206,35.4829,0
259.352,271.149,8.2371,7.8348,877.549,45.7992,0
261.333,201.765,7.9515,7.6451,821.055,41.9573,1
251.073,2.1453,9.1254,0.0459,960.392,52.0728,3
264.891,244.968,9.3256,8.7923,991.505,40.6093,2
311.254,296.007,0.3229,6.8629,811.028,10.9155,4
274.758,274.017,7.3575,7.0555,801.64,34.2707,0
255.588,2.1398,8.8661,0.0471,934.633,51.2468,3
289.446,301.643,3.6547,1.2687,409.361,31.233,4
257.409,242.305,8.0807,7.538,835.7,49.4968,2
252.221,230.864,9.0459,8.5282,983.18,56.0977,2
253.212,233.639,8.5681,8.0356,921.691,54.0877,2
279.343,271.037,5.7623,5.5653,617.604,36.2386,0
258.886,2.1624,9.0815,0.0444,944.99,44.9802,3
262.008,204.194,9.3095,8.9883,985.246,43.2235,1
267.62,208.823,9.0708,8.7,961.13,41.5409,1
259.171,205.911,9.0662,8.5709,948.767,46.475,1
259.088,263.606,7.1401,6.8978,785.033,50.0563,0
1.6127,269.59,0.1128,8.7191,959.737,51.5057,3
259.932,305.878,8.0468,4.7925,836.709,47.9666,4
287.125,237.679,2.4369,2.2919,280.89,33.256,4
250.865,233.06,8.8208,8.3183,947.814,55.6708,2
268.723,270.279,7.5291,7.4292,879.629,47.4718,0
257.855,200.112,9.0557,8.7402,947.373,47.3362,1
1.6177,274.163,0.1041,8.7418,965.674,47.8826,3
268.031,297.775,6.177,4.0303,647.939,41.9994,4
283.02,276.629,6.1679,6.039,690.935,30.635,0
262.944,205.574,9.2869,8.9496,986.782,43.1232,1
264.161,249.712,9.0648,8.4402,942.698,41.1989,2
259.847,202.531,7.9996,7.6035,824.833,43.4448,1
258.265,2.142,8.9516,0.048,957.997,51.2586,3
267.784,262.301,6.4903,6.2351,676.884,40.5593,0
284.89,280.922,5.932,5.7455,653.557,27.2555,0
1.6582,274.671,0.1037,8.9154,992.154,43.0528,3
253.95,2.1541,9.1055,0.046,968.766,51.8229,3
248.961,227.203,8.9323,8.5062,957.975,56.3582,2
262.235,206.243,9.1675,8.7604,957.593,43.237,1
274.436,271.926,6.942,6.7044,763.968,35.1282,0
264.724,2.1258,8.3548,0.0412,866.046,40.0744,3
258.615,202.44,9.4203,9.0544,990.205,45.1505,1
249.362,234.566,9.0433,8.3734,963.64,53.6641,2
258.189,199.227,9.0321,8.7637,948.085,47.9347,1
274.008,306.866,5.2452,2.1712,564.807,39.2793,4
262.03,203.111,9.3093,9.0312,985.604,43.3229,1
264.319,271.0,8.0095,7.7425,894.687,44.9692,0
269.088,266.131,6.5963,6.3009,698.0,45.1581,0
263.654,202.967,8.6104,8.3465,897.129,44.6782,1
291.615,352.12,2.0739,0.0719,353.701,8.6474,4
262.637,2.1083,8.9414,0.0358,932.325,44.021,3
264.051,242.712,8.9676,8.5313,955.963,46.6075,2
1.637,267.56,0.1113,8.6523,935.514,47.6743,3
267.073,244.009,9.2646,8.8475,991.885,40.5809,2
274.417,245.962,8.666,8.5984,950.61,41.8671,2
285.745,276.211,4.1337,3.521,446.623,33.4279,4
263.217,201.816,8.9383,8.7326,955.168,46.7875,1
250.96,2.1556,9.1625,0.0498,960.77,51.557,3
285.597,288.797,1.4658,1.3527,166.992,23.6763,0
259.637,216.617,9.3397,9.4567,987.659,45.6903,1
154.006,330.637,0.3823,0.1457,210.74,22.2442,0
267.471,204.634,7.7503,7.516,817.413,41.5398,1
266.624,203.533,8.788,8.659,922.569,41.0414,1
263.773,204.276,8.9647,8.6867,947.115,44.7374,1
261.914,2.1145,8.9383,0.0378,929.449,43.6747,3
252.935,2.1571,8.867,0.0457,934.339,53.4347,3
267.795,208.269,9.06,8.7238,960.075,41.552,1
261.456,255.568,7.0947,6.834,746.646,45.2154,0
262.715,239.82,9.0021,8.6219,957.974,47.1359,2
264.339,329.415,7.4766,1.1519,792.184,46.2594,4
259.042,203.57,9.4562,9.0483,990.437,44.4576,1
1.6107,272.791,0.1101,8.7549,967.619,49.292,3
267.977,204.574,9.0396,8.8733,961.944,42.5098,1
257.341,196.966,8.0327,7.786,832.577,47.3756,1
264.802,245.305,9.2388,8.7394,976.945,42.3766,2
253.06,258.728,8.9778,8.6661,920.697,52.64,0
1.6198,272.641,0.1097,8.5087,931.96,48.2335,3
359.901,349.706,0.1985,0.0515,295.487,4.5665,0
260.616,271.93,8.8434,8.4013,929.099,43.9183,0
289.791,264.165,5.0293,4.8709,547.816,28.005,4
264.563,2.0815,8.8484,0.0364,925.352,44.1272,3
252.349,256.729,8.7656,8.5046,921.248,52.0749,0
290.644,264.013,4.4736,4.3721,505.376,29.5836,4
1.6149,274.077,0.1055,8.7778,965.032,46.519,3
259.138,201.788,9.0622,8.7371,953.305,46.88,1
268.674,246.285,9.2165,8.7593,993.3,40.7515,2
276.818,277.882,6.2901,6.0181,691.259,30.8203,0
305.193,286.603,0.402,0.2883,126.581,22.6819,0
254.863,196.344,8.7561,8.4652,916.592,52.3229,1
248.577,2.1618,9.0092,0.0467,937.157,53.5775,3
269.071,2.1046,8.2034,0.0406,869.979,41.2002,3
312.089,286.365,1.0365,0.3742,179.474,19.3676,4
262.063,2.1082,8.8417,0.0431,923.301,42.8749,3
266.32,2.1526,8.9225,0.0436,951.206,43.6468,3
266.604,2.1743,9.0039,0.0453,956.531,42.213,3
1.6152,269.331,0.1147,8.5745,934.565,46.8129,3
260.899,199.305,8.7056,8.4599,909.771,45.0962,1
248.84,230.483,9.0724,8.4599,969.095,54.7945,2
254.966,2.1596,9.0951,0.0471,964.976,50.7911,3
257.493,232.804,9.0237,8.6604,970.037,50.5145,2
286.18,276.71,6.3258,6.1751,690.836,30.6901,0
253.97,2.133,8.9578,0.0458,934.14,50.7241,3
279.282,252.113,3.3981,3.217,369.977,29.1049,4
261.341,305.132,8.0044,5.1357,840.804,47.4061,4
255.234,313.463,7.7574,3.2235,801.308,45.9452,4
273.247,275.615,7.3861,7.2707,827.064,41.6279,0
268.785,283.913,4.4005,2.3577,471.725,40.4869,4
270.09,262.635,6.9628,6.8387,769.763,40.9338,0
264.54,298.131,8.2605,6.6053,849.519,41.2648,4
267.23,2.1584,8.9524,0.0465,954.161,42.8111,3
259.27,238.358,8.5734,8.1207,892.371,47.5256,2
271.042,278.535,6.5354,5.9522,684.981,37.1536,0
261.078,202.029,8.7149,8.3484,910.69,45.0515,1
264.044,246.085,9.0484,8.5146,949.033,42.6658,2
269.015,246.154,8.9797,8.6399,962.331,41.9768,2
279.998,258.604,4.5808,4.3579,486.746,35.5423,4
282.111,252.494,4.1512,3.957,449.048,31.49,4
264.706,2.1181,8.3464,0.0399,865.391,40.0737,3
272.966,282.204,7.2631,6.921,801.636,40.4618,0
307.618,284.016,3.3781,2.1172,513.134,32.5564,4
1.6106,270.591,0.117,8.8106,961.345,48.0386,3
269.328,265.497,7.7169,7.7284,902.997,47.9678,0
263.142,267.912,6.9673,6.7634,810.978,49.8661,0
263.376,243.061,8.4348,7.9437,892.179,47.359,2
249.633,228.313,8.9964,8.5178,970.381,55.973,2
256.7,201.312,8.8067,8.3596,909.914,45.5931,1
252.592,260.064,9.341,8.9936,986.857,51.364,0
301.92,352.104,3.1891,0.1022,503.552,14.9156,4
262.397,203.611,9.3244,9.0524,989.329,43.7309,1
255.225,236.553,8.6479,8.1809,941.291,54.9592,2
1.6527,268.05,0.1075,8.9601,984.688,48.8512,3
278.017,266.797,4.6434,4.6054,532.89,25.3597,0
263.18,245.547,9.0708,8.5279,948.503,42.677,2
251.069,234.046,8.9917,8.4244,966.251,54.4092,2
1.6466,268.104,0.1046,9.0695,993.875,49.4155,3
261.848,203.52,9.3155,9.0028,986.808,43.6017,1
256.491,197.215,9.0692,8.7798,954.665,48.0073,1
265.892,2.1104,8.7091,0.0412,926.274,43.59,3
265.166,2.1893,9.0793,0.0457,956.919,42.0372,3
256.136,238.699,8.1978,7.7367,843.451,49.3752,2
326.278,304.895,1.5678,1.3441,535.103,17.6741,4
263.46,267.737,7.8009,7.6083,879.856,50.688,0
258.463,196.655,8.7819,8.5512,915.56,47.0348,1
262.807,202.383,8.9728,8.7525,948.379,45.2767,1
283.755,298.806,3.7969,1.0885,408.315,33.4328,4
269.016,272.089,7.6952,7.5059,888.77,44.1244,0
1.6125,270.398,0.1124,8.7534,958.987,48.8587,3
275.334,278.464,7.7981,7.6268,881.909,37.7692,0
283.239,260.743,5.2472,5.1319,581.844,30.9636,4
278.153,274.07,7.7699,7.808,896.74,41.9057,0
249.356,232.443,9.0807,8.5108,944.114,52.3307,2
263.403,203.844,9.1377,8.852,957.601,43.2928,1
263.895,2.1405,8.7924,0.0402,929.603,43.7835,3
267.355,287.616,6.195,4.4338,657.132,44.7735,4
264.661,2.1048,8.7601,0.043,925.002,42.6833,3
278.812,292.188,0.7272,0.6921,121.002,29.8287,0
259.174,270.205,8.7875,8.4286,936.588,47.0489,0
263.443,205.776,8.956,8.555,938.478,44.8093,1
311.131,244.961,2.8449,3.6964,453.987,28.6622,0
265.787,243.881,8.3497,7.9355,884.617,44.359,2
265.036,201.993,9.233,9.1041,990.402,44.5262,1
262.397,202.742,8.9964,8.7254,955.173,46.236,1
1.6579,266.455,0.1065,9.0213,985.145,48.6408,3
289.549,305.1,5.5153,3.6232,602.283,29.8838,4
1.6474,272.831,0.103,8.9488,991.043,48.9891,3
262.047,2.181,9.1182,0.0441,952.861,42.5282,3
260.983,202.07,8.7424,8.3943,908.457,45.3833,1
256.467,239.023,8.9508,8.3855,942.819,49.5879,2
275.095,317.644,6.6116,2.8547,740.314,43.2962,4
265.897,318.573,6.3477,1.2294,695.632,47.5313,4
255.69,234.813,8.9625,8.5085,941.728,49.4668,2
284.973,290.386,7.7321,7.5496,877.721,31.1289,0
256.981,240.047,8.089,7.6414,833.97,48.8428,2
263.086,253.673,7.303,7.2228,820.596,50.545,0
249.688,2.148,9.0651,0.0461,940.157,52.2931,3
256.15,237.179,8.9598,8.4557,942.642,49.6009,2
257.727,195.33,9.0315,8.8419,956.344,48.2806,1
264.998,2.1116,8.3525,0.0407,869.341,41.0194,3
263.04,204.424,9.2867,8.9882,989.014,43.8106,1
256.837,262.142,8.0072,7.7849,878.389,51.6385,0
252.45,223.334,9.1535,8.8529,988.178,53.6672,2
259.089,2.1158,8.9275,0.0386,923.057,43.2525,3
263.929,2.1258,8.7855,0.0401,927.345,43.3861,3
266.004,2.1125,8.2959,0.0387,866.706,40.085,3
286.305,250.868,3.0945,2.7553,357.98,31.4074,4
273.396,311.766,6.7458,3.4043,749.979,42.8903,4
1.6128,275.301,0.1142,8.6437,959.98,46.0944,3
259.984,300.92,8.084,5.6034,845.227,47.989,4
274.502,260.292,5.0067,4.7167,523.118,35.2732,4
261.365,205.922,9.004,8.5387,938.627,44.2566,1
263.669,2.1254,8.9303,0.0368,931.12,43.471,3
261.561,207.85,9.2392,8.7286,960.359,41.6885,1
251.797,234.037,8.6497,8.1771,926.229,54.7845,2
1.6041,275.688,0.1058,8.7134,964.793,47.7301,3
1.6091,268.669,0.1069,8.8801,966.353,48.688,3
269.893,272.434,7.4409,7.2415,870.385,43.9789,0
268.203,283.022,7.111,6.282,786.931,45.6007,0
254.859,261.489,9.025,8.7183,946.791,49.2689,0
257.732,316.63,5.1496,2.9339,621.266,20.3006,4
254.012,196.5,8.7587,8.4339,917.512,52.6999,1
268.915,292.735,4.5057,0.9829,475.502,39.4732,4
1.6162,270.781,0.1157,8.5085,929.21,50.498,3
310.763,330.676,1.9834,0.1833,350.895,16.8369,4
261.254,204.906,9.0397,8.6542,945.23,44.7795,1
264.82,201.456,8.5315,8.3527,904.722,46.4031,1
266.716,243.205,9.035,8.6789,970.478,45.4657,2
258.848,268.805,7.7964,6.0466,802.442,46.1535,2
257.79,199.691,8.788,8.4338,915.112,47.2774,1
260.867,2.1281,8.3623,0.0412,861.297,42.0718,3
264.716,2.1132,8.3367,0.041,865.698,40.0819,3
262.105,204.461,8.9806,8.6,938.573,44.2369,1
328.933,263.581,0.1487,0.0461,149.452,0.2568,0
270.863,246.535,3.6486,3.4119,399.111,39.7611,4
254.319,196.91,8.744,8.4321,913.057,52.0023,1
262.358,199.981,8.5955,8.3824,907.025,46.2924,1
255.793,239.201,8.9515,8.3508,936.99,48.5867,2
272.182,273.572,4.8595,3.8742,514.497,40.6164,4
282.565,295.598,1.3604,1.238,185.488,31.1671,0
279.189,305.19,6.9817,5.1432,777.227,37.7906,4
267.354,288.333,6.9713,5.76,772.139,47.2322,4
261.003,272.607,8.6327,8.2036,895.419,43.8207,0
264.125,206.859,9.1494,8.7379,963.123,42.5426,1
319.264,314.358,1.8582,0.2933,315.413,17.8319,4
263.632,199.218,8.6137,8.4643,910.077,45.9748,1
265.722,204.511,8.5303,8.2548,893.379,43.7819,1
268.925,262.521,6.3716,6.1691,668.277,40.4965,0
283.111,286.381,7.9453,7.7986,892.818,30.8735,0
268.14,299.927,6.394,4.2927,662.118,37.4304,4
254.8,198.496,9.1013,8.7015,955.726,48.3031,1
251.412,2.1552,9.1222,0.0491,960.888,52.0609,3
262.167,197.517,8.6258,8.4993,913.768,47.8072,1
253.264,236.002,9.0817,8.5142,967.383,51.6896,2
266.782,253.951,6.5577,6.2468,685.089,40.1865,4
247.064,225.486,9.1378,8.6144,970.268,54.8914,2
253.661,240.999,8.3402,7.7015,853.163,51.2335,2
1.6208,271.339,0.1102,8.7798,961.506,48.1965,3
270.284,267.782,7.5689,7.5155,870.793,43.8147,0
266.433,248.176,9.3493,8.7793,991.198,38.1712,2
290.709,325.137,2.2658,0.216,369.818,19.466,4
264.27,249.166,5.4781,5.2063,567.795,45.1605,4
263.061,259.353,6.8791,6.6466,721.892,46.0798,0
283.218,289.54,3.989,2.2803,427.394,33.6394,4
267.088,203.873,9.0977,8.9286,964.33,42.1352,1
273.707,266.353,5.5054,5.279,659.769,41.664,0
266.371,2.108,8.2365,0.0409,863.315,40.9776,3
273.683,267.323,6.4787,6.2744,712.802,39.3936,0
262.374,205.034,8.6514,8.2595,896.822,44.6875,1
308.498,242.178,2.1228,2.3876,339.427,27.9885,4
269.608,269.092,7.3755,7.0157,774.643,38.7041,0
264.104,2.1469,8.8022,0.042,929.263,43.4071,3
1.6121,273.497,0.1076,8.8433,966.679,44.4111,3
264.713,2.1183,8.7508,0.0421,925.74,43.5448,3
258.534,199.215,8.7416,8.4327,908.444,46.2078,1
296.173,289.743,2.8121,0.7635,322.38,24.5754,4
256.594,200.262,8.8176,8.4207,911.107,46.3547,1
289.544,266.289,4.4213,4.2747,498.655,29.4006,4
256.484,2.1372,9.0271,0.0467,961.694,50.9756,3
257.674,199.421,8.9915,8.6586,956.319,49.3475,1
273.941,289.61,6.3308,5.1741,672.522,38.3628,4
264.271,2.1735,9.0495,0.0452,954.912,42.7289,3
263.738,203.52,9.2883,9.0341,990.04,44.4702,1
291.743,304.091,3.949,1.4203,433.705,26.9953,4
1.6396,273.047,0.1143,8.4992,932.38,48.2081,3
254.5,259.049,9.0101,8.7567,948.945,50.1382,0
249.419,232.045,9.0674,8.5189,968.116,54.1433,2
259.21,2.1562,9.0592,0.0454,945.042,44.9778,3
268.776,270.793,7.3354,7.2062,859.349,48.6182,0
278.75,266.861,6.1243,6.0316,667.386,36.7484,0
248.533,230.157,8.95,8.4096,957.269,56.19,2
279.007,299.33,5.5643,3.6828,599.525,34.4799,4
267.818,206.405,9.0805,8.8436,963.678,42.0952,1
258.77,256.896,7.893,6.8025,818.475,48.5299,2
267.926,348.509,4.6924,0.1319,588.629,18.4245,4
267.249,245.564,9.1427,8.7303,976.977,42.4231,2
267.479,261.321,6.7591,6.6108,731.315,47.9063,0
1.6015,275.893,0.1,8.752,967.188,45.5459,3
267.162,333.76,9.2548,3.1316,990.686,40.5221,2
268.034,260.907,7.4471,7.3014,824.995,43.6084,0
252.851,235.89,9.1271,8.5423,969.981,51.5783,2
287.212,303.348,5.5702,3.5953,601.705,29.9836,4
309.897,269.341,3.914,4.9805,577.014,29.0983,4
262.997,245.059,9.0187,8.5105,956.815,46.0705,2
274.29,265.713,4.4235,0.5079,709.492,22.0391,4
260.931,203.716,9.0482,8.6946,949.152,45.8839,1
296.882,239.438,4.3983,5.0935,601.883,36.6666,0
265.69,245.123,9.1376,8.6942,969.329,42.8829,2
263.841,270.98,7.8888,7.6317,856.68,45.7663,0
259.467,242.86,8.6769,8.1352,900.792,47.3062,2
268.586,2.1017,8.7352,0.037,929.145,43.4857,3
264.672,257.562,6.6411,6.4558,707.133,48.1655,0
255.119,234.822,8.9632,8.4682,936.085,48.9767,2
259.58,204.764,9.3882,8.9545,986.73,43.6126,1
255.302,195.255,9.0123,8.7682,951.53,50.1286,1
255.728,251.838,6.826,6.5687,683.597,53.1614,0
256.819,200.366,8.7907,8.3729,912.914,47.6916,1
261.565,241.183,8.6457,8.2359,903.959,47.0005,2
265.609,2.1273,8.8689,0.0367,932.216,43.9181,3
1.6193,268.985,0.1123,8.5623,928.606,50.0559,3
270.892,247.19,9.1909,8.8074,991.443,38.1832,2
263.589,242.013,9.0129,8.6238,955.588,45.7196,2
1.6131,267.74,0.1159,8.7839,960.577,51.0671,3
282.183,279.607,6.224,6.029,686.949,28.4542,0
264.057,244.921,9.3774,8.841,992.6,40.1002,2
256.409,235.265,9.0502,8.5723,969.86,50.5124,2
259.619,2.107,8.9156,0.0405,923.32,43.0966,3
263.848,270.204,8.517,8.2702,907.912,43.7781,0
255.529,205.326,9.1043,8.4812,949.086,48.1459,1
258.033,199.967,8.974,8.6339,952.948,48.7619,1
252.023,2.1294,9.1817,0.0474,965.666,50.9094,3
302.696,262.756,3.4531,3.3439,388.192,21.0893,4
260.488,202.221,7.9354,7.5869,833.861,47.9204,1
261.326,246.785,7.9223,7.3994,828.803,48.2656,2
264.893,203.185,7.8526,7.5911,819.953,41.7483,1
261.707,204.912,9.0045,8.606,938.922,44.0101,1
265.064,203.279,8.8694,8.6287,937.609,44.4789,1
1.6125,271.387,0.1085,8.5254,928.531,49.0767,3
252.999,234.222,8.8995,8.3688,961.906,53.8019,2
257.828,238.605,8.8989,8.3409,935.721,48.6295,2
260.665,264.902,7.5534,7.3301,859.988,50.1659,0
265.624,246.515,9.3334,8.7859,991.904,40.2007,2
264.536,243.444,9.069,8.6108,968.984,45.7512,2
261.621,243.141,8.6401,8.1554,904.552,47.1476,2
300.171,262.942,3.1228,2.9232,349.15,22.104,4
266.231,203.52,8.8598,8.6875,928.56,41.9647,1
256.043,201.824,9.0624,8.5627,953.18,48.0413,1
294.323,286.651,2.6685,1.0294,311.367,29.0126,4
263.038,244.776,7.8584,7.4722,828.54,48.2655,2
262.325,0.8581,8.8472,0.0401,929.437,43.6995,3
260.017,279.174,5.9513,4.4637,596.407,50.1204,4
268.936,246.131,9.2087,8.7748,990.825,39.8189,2
264.799,247.487,4.8466,4.6418,516.164,45.8516,4
283.361,267.92,5.6735,5.4654,630.679,29.6569,4
264.335,243.129,9.1778,8.7612,967.714,42.3323,2
269.52,275.353,7.5593,7.3576,820.917,39.6637,0
306.04,290.468,2.0629,0.6624,322.414,25.8557,4
260.625,201.924,8.7511,8.3921,909.4,45.5443,1
262.893,201.205,7.9415,7.6818,828.812,43.9016,1
259.681,199.479,9.0516,8.8293,950.378,46.7705,1
265.02,2.1113,8.3461,0.04,869.474,41.0194,3
260.199,202.81,7.9837,7.5769,832.787,46.8425,1
279.191,262.623,4.3052,4.0461,526.565,37.43,4
251.806,2.149,9.1574,0.0472,967.347,52.1941,3
262.8,242.015,8.9754,8.5208,956.301,47.3264,2
278.11,279.039,3.5903,2.4756,403.786,40.5174,4
270.756,275.659,8.4334,8.2819,908.014,37.6319,0
266.387,206.401,8.5183,8.2067,896.562,44.5508,1
261.68,271.183,7.721,5.9761,803.059,46.0861,2
253.552,211.139,9.0466,9.1088,947.731,49.713,1
264.96,200.307,8.8985,8.7696,938.509,44.1334,1
276.782,273.217,6.6771,6.4352,736.927,35.4853,0
1.6558,270.859,0.1037,8.8661,983.878,49.5108,3
260.545,241.311,8.6584,8.2064,902.794,47.3739,2
264.131,241.424,8.5224,8.1782,899.82,46.7895,2
265.807,270.007,7.3672,7.1544,815.556,47.6716,0
259.273,238.397,8.8462,8.3849,938.014,48.8838,2
248.293,232.17,9.0419,8.3984,971.57,56.8876,2
252.338,260.207,8.221,7.9212,884.497,50.7647,0
264.687,203.351,8.9339,8.7281,946.058,45.037,1
260.161,243.273,9.3064,8.7548,971.836,43.2102,2
260.944,203.59,9.3634,9.0382,990.004,43.9365,1
264.719,2.1611,8.7681,0.0434,926.771,43.2171,3
263.379,244.142,9.0386,8.5499,947.359,43.099,2
267.572,245.496,9.021,8.6168,970.313,44.1444,2
264.32,2.0994,8.8556,0.0375,925.861,44.0262,3
267.527,206.825,8.8889,8.6473,949.03,43.761,1
259.521,203.785,9.4141,9.0319,990.01,43.9082,1
264.211,2.125,8.3102,0.0407,863.353,41.0203,3
1.6414,266.909,0.1084,9.096,991.391,49.2959,3
261.093,264.794,7.9224,7.6955,901.508,50.3717,0
263.93,2.1165,8.3719,0.042,866.434,40.0912,3
253.768,2.1415,8.9799,0.0479,933.16,50.1057,3
266.372,207.259,8.5018,8.1311,900.518,45.616,1
255.594,236.966,9.0793,8.5072,968.756,50.7585,2
283.05,259.93,3.9731,3.7875,449.109,35.4447,4
272.759,252.192,6.4728,6.3982,701.683,42.1471,4
255.128,199.152,8.7521,8.3745,911.913,51.5192,1
262.569,2.165,9.1439,0.0487,958.04,42.4082,3
252.847,199.503,9.1675,8.6385,961.43,50.2015,1
271.869,274.597,7.5043,7.3505,837.383,41.8402,0
264.616,267.801,7.3731,7.1566,853.093,47.5153,0
263.702,2.1056,8.7626,0.0423,922.672,43.7076,3
251.938,288.783,7.0373,7.1604,837.946,24.0292,4
252.716,194.983,9.0771,8.7902,950.846,50.103,1
256.95,238.472,8.0923,7.6879,834.233,48.8756,2
277.201,280.052,7.7968,7.6859,875.536,34.9842,0
258.625,196.547,8.7658,8.5384,914.995,47.3165,1
273.487,266.92,7.5168,7.3003,822.589,35.9559,0
299.438,238.091,3.8419,4.671,554.332,34.027,0
282.128,288.358,7.7269,7.5325,876.83,32.8611,0
264.778,245.55,9.0554,8.5548,970.417,45.4578,2
1.5865,270.513,0.1065,8.5573,925.635,50.3347,3
261.849,252.904,7.8068,6.9567,819.594,48.6528,2
312.345,334.594,0.246,0.1667,237.714,14.8693,0
275.067,271.069,6.3476,6.1541,697.826,35.3407,0
250.92,2.1451,9.1716,0.0492,960.822,50.9765,3
1.6474,270.321,0.1073,9.0113,988.271,44.1733,3
336.064,338.496,0.181,0.0471,167.991,8.7337,0
276.293,275.802,7.5307,7.4426,845.036,38.2691,0
258.289,207.176,9.1174,8.5567,945.674,44.9438,1
299.614,300.133,4.1651,2.6742,460.412,23.0493,4
293.936,268.556,4.5644,4.4305,498.382,28.1425,4
271.985,262.991,6.4312,6.213,707.006,42.4318,0
265.083,2.1017,8.7406,0.0423,923.187,43.2068,3
264.958,259.931,7.2857,7.0051,761.938,43.3563,0
1.6153,272.257,0.1122,8.7421,960.244,46.1443,3
1.6132,273.306,0.104,8.7604,966.694,48.1895,3
253.735,2.1436,9.1385,0.0497,964.841,50.8169,3
266.568,205.744,7.774,7.4809,816.855,41.5237,1
266.684,206.344,8.8406,8.5345,936.32,44.5076,1
264.47,206.037,9.1535,8.8167,961.948,42.6383,1
265.323,246.775,9.3757,8.8174,990.612,37.7844,2
265.609,203.315,9.2419,9.0884,989.66,43.108,1
272.269,274.55,0.9005,0.6764,105.401,29.5955,0
268.284,2.0924,8.0824,0.0442,859.188,42.2658,3
263.656,2.1566,9.0742,0.0475,956.297,42.9262,3
254.142,1.9976,8.8468,0.0451,937.419,53.4757,3
270.128,282.243,8.3166,7.9501,888.376,36.8494,0
267.038,211.737,9.0688,8.5166,960.427,41.6945,1
275.358,299.562,7.0208,5.3957,785.985,41.5581,4
246.475,231.645,9.1347,8.4775,968.548,55.4441,2
279.655,272.118,6.1278,5.9513,726.703,36.1842,0
316.279,241.143,2.159,2.7032,354.027,19.9144,0
297.803,295.214,4.2157,3.1042,463.607,23.3834,4
252.37,237.842,8.9954,8.3,942.017,51.9942,2
357.352,281.693,0.1516,0.0472,234.646,-0.6332,0
1.6224,268.906,0.1163,8.7818,958.263,49.2705,3
281.191,258.697,4.4364,4.2494,487.185,36.2004,4
307.472,242.012,2.0529,2.3321,329.539,30.9271,4
265.537,2.1161,8.8944,0.0366,935.747,43.213,3
279.306,260.256,4.7906,4.5437,508.586,35.9303,4
263.349,351.575,4.5019,0.1166,552.446,15.612,4
266.385,328.083,5.1109,2.0414,625.345,17.3232,4
1.6056,274.901,0.104,8.7794,966.814,45.5815,3
253.481,256.191,8.5102,8.2637,852.682,52.1155,0
263.277,206.401,8.9832,8.5822,954.867,46.0204,1
250.782,2.1364,9.2153,0.0472,965.52,50.6883,3
270.327,272.401,7.1338,6.9424,798.206,45.1213,0
257.628,2.1262,8.8636,0.0464,933.919,50.0955,3
252.985,256.588,8.7837,8.5774,943.263,55.0737,0
255.586,198.121,8.7291,8.384,917.842,52.1833,1
273.419,256.042,5.6074,5.3787,584.312,37.0283,4
297.881,262.486,3.039,3.2819,439.172,35.988,0
257.098,242.071,8.1137,7.5836,837.386,48.8097,2
261.696,2.1252,8.8475,0.0424,924.313,42.6939,3
257.453,198.425,8.0281,7.7441,832.549,47.7885,1
262.532,245.829,9.0411,8.4941,958.055,46.1821,2
257.174,2.1379,8.9917,0.0476,958.197,51.2473,3
281.041,278.619,4.9037,4.1054,519.271,33.2137,4
301.91,352.226,3.1851,0.0988,502.981,14.9206,4
254.143,2.1353,8.9096,0.0486,938.438,53.0481,3
258.306,238.084,8.2182,7.8217,857.493,51.5742,2
263.362,256.246,6.7576,6.5581,719.027,48.6727,0
264.248,271.77,4.2706,4.1308,491.307,23.6637,0
260.733,202.787,8.7232,8.3195,910.541,45.3261,1
266.109,303.948,5.8801,1.9544,619.381,45.7618,4
275.116,250.688,4.6933,4.41,497.178,34.9278,4
294.971,252.732,1.9696,0.335,251.827,32.5059,4
264.097,203.841,8.9783,8.7379,948.683,44.1372,1
259.003,199.358,9.0732,8.8315,953.415,47.3135,1
262.155,200.702,7.9213,7.6664,832.793,46.8425,1
263.694,198.104,8.6234,8.5108,910.318,45.0559,1
284.995,307.759,5.5782,3.3476,599.195,30.4711,4
259.024,249.946,7.9578,7.2081,825.16,49.2795,2
279.399,273.01,5.8636,5.6159,629.297,36.316,0
301.221,354.623,1.9462,0.0712,400.59,9.639,4
262.182,260.092,7.4689,7.1043,778.138,45.3927,0
263.77,2.1119,8.7771,0.0409,926.311,43.5357,3
264.713,203.115,8.9704,8.7801,950.5,44.0593,1
267.48,203.64,8.4911,8.3272,895.424,44.2667,1
261.302,241.897,8.4974,7.9921,894.353,47.5684,2
259.646,200.401,8.7367,8.4186,909.899,45.1972,1
1.6138,271.539,0.1035,8.834,965.559,47.7084,3
257.331,194.837,8.6558,8.5224,913.389,51.8755,1
253.627,237.66,8.4435,7.8653,861.699,52.0564,2
260.515,269.672,8.885,8.5184,942.132,47.6141,0
255.74,239.959,8.9643,8.3618,942.429,49.5121,2
262.955,2.1083,8.9023,0.0386,926.669,44.1726,3
272.552,294.509,6.3327,4.8019,668.27,38.2345,4
283.253,269.002,5.3353,5.2985,597.868,38.1382,0
255.313,196.991,8.7407,8.4352,917.114,52.4603,1
263.134,205.229,9.1777,8.8353,960.875,42.3417,1
262.068,243.147,8.6958,8.2462,909.57,46.8863,2
262.785,204.339,9.0128,8.7047,956.015,46.1472,1
229.629,324.538,4.2463,0.15,682.279,20.5348,4
242.716,231.239,9.2032,8.4132,969.162,56.2987,2
275.186,268.523,4.9464,4.8049,555.488,26.6103,0
269.98,289.422,8.1395,7.2456,855.858,41.6859,0
263.464,243.686,8.4636,7.95,891.114,46.3599,2
258.426,203.313,8.7519,8.2937,903.5,46.2108,1
256.006,236.265,8.2947,7.8795,855.623,51.5056,2
313.734,345.536,1.1683,0.061,348.298,14.1208,4
248.285,256.605,8.9775,8.5941,901.367,55.0515,0
265.713,2.0991,8.8206,0.0344,927.835,44.1537,3
325.958,295.698,2.2659,2.1192,470.133,26.271,4
344.029,350.984,0.248,0.0613,326.895,8.5031,4
280.524,270.992,4.1089,3.5441,449.254,36.3838,4
264.02,262.938,7.7825,7.7044,883.108,50.0205,0
254.942,195.545,8.7381,8.4931,918.989,52.6308,1
262.121,200.893,8.9883,8.7833,951.468,47.0726,1
250.915,2.1631,8.9453,0.048,935.179,53.0166,3
255.445,195.383,8.9894,8.7747,948.078,49.8641,1
283.69,288.56,7.6835,7.5156,872.174,30.3538,0
265.409,276.405,8.7085,8.3221,928.458,43.9801,0
259.04,319.558,7.5266,1.5403,795.941,51.3081,4
1.5957,275.37,0.1161,8.4221,926.65,50.1821,3
312.402,308.633,0.6491,0.6422,300.267,33.7409,0
284.359,281.888,7.6589,7.6836,873.435,33.8534,0
286.449,259.59,4.274,4.1407,463.936,34.7418,4
277.804,263.555,5.4416,5.1399,572.826,35.9478,4
267.656,275.281,9.0353,8.8097,969.378,43.826,0
247.145,230.172,8.9862,8.41,956.986,56.3481,2
265.175,259.24,7.0388,6.771,753.086,45.5064,0
260.19,2.1559,8.9063,0.0396,929.695,43.8223,3
254.453,298.32,8.0299,4.9046,838.877,52.4669,4
270.984,250.223,3.6267,3.3272,397.897,39.8198,4
1.6402,268.18,0.1077,8.9484,982.019,49.3808,3
282.669,273.0,5.2321,5.0867,650.037,37.2641,0
258.163,242.161,8.735,8.1787,903.244,47.1966,2
258.933,203.356,9.1404,8.753,955.867,46.3337,1
263.856,2.1059,8.2245,0.0421,858.918,42.4198,3
286.248,310.132,5.4654,2.8103,591.154,31.6572,4
1.6196,275.478,0.1048,8.7586,967.596,46.6172,3
275.261,276.335,6.8147,6.5044,738.677,32.3062,0
261.167,2.1316,8.8598,0.0432,926.339,43.4177,3
1.6059,269.072,0.1128,8.7227,958.455,52.2573,3
265.923,312.332,8.1107,4.6122,838.525,39.6861,4
253.408,197.329,8.8102,8.4399,918.738,52.6015,1
246.233,231.72,8.9559,8.3596,947.392,55.5587,2
263.835,207.394,8.8435,8.4227,925.078,42.854,1
1.6078,269.664,0.1062,8.5545,934.046,46.8129,3
269.071,274.207,9.0067,8.831,974.028,40.7329,0
279.092,275.557,5.4254,5.1187,593.897,37.2996,0
266.588,206.878,9.0813,8.756,959.953,41.5553,1
248.607,230.086,9.0377,8.4683,971.57,56.8876,2
274.499,275.177,6.9135,6.5889,752.824,33.8708,0
263.433,238.783,8.4765,8.1771,883.188,42.885,2
255.645,301.382,9.1085,5.982,968.579,50.1226,2
255.599,230.331,9.0503,8.6427,986.422,52.6227,2
265.614,241.412,8.4439,8.187,900.85,47.3188,2
287.83,271.325,0.9088,0.4016,156.128,24.142,4
254.339,233.927,8.9311,8.4256,937.8,51.303,2
262.805,204.87,8.651,8.2755,896.125,44.4859,1
258.24,238.149,8.9111,8.4388,945.72,49.8409,2
280.68,264.373,5.5485,5.3611,616.569,32.7917,4
1.6236,265.932,0.1073,8.7173,935.99,47.7206,3
275.464,261.684,5.3711,5.0635,560.469,36.1104,4
262.381,267.771,8.5756,8.373,926.039,47.6332,0
267.149,247.006,9.0261,8.5802,968.572,44.3558,2
261.115,204.951,9.0041,8.61,948.518,46.5521,1
260.513,204.503,9.0331,8.6472,949.272,46.3689,1
255.254,201.645,9.1566,8.7366,948.313,46.7305,1
265.67,2.1182,8.1814,0.0435,859.521,42.194,3
264.729,251.444,5.1543,4.8484,535.543,45.7847,4
258.745,2.1011,8.9308,0.0429,923.893,43.5943,3
264.53,198.811,7.8891,7.7651,829.184,44.2566,1
259.918,238.16,8.8244,8.3784,937.99,49.1058,2
264.578,247.542,9.2364,8.6524,975.974,43.2795,2
248.371,225.948,9.1219,8.6608,980.033,56.6793,2
254.156,2.1292,8.8927,0.0473,936.488,53.2588,3
265.369,2.1592,9.0309,0.0424,953.042,42.3003,3
250.706,235.521,9.2066,8.5428,967.266,50.8447,2
318.899,338.294,0.2576,0.1662,207.901,10.7227,0
252.301,239.018,9.16,8.4375,972.486,51.6408,2
253.545,239.028,8.3582,7.7812,853.302,51.0538,2
260.144,199.352,8.9737,8.7691,948.72,47.4901,1
263.775,204.296,9.3131,9.0573,992.27,43.4004,1
265.36,246.092,9.3263,8.7847,989.441,39.3296,2
266.788,251.289,5.1796,4.9204,544.679,43.7174,4
244.474,254.444,9.217,8.7977,929.555,57.5532,0
260.746,239.251,8.7908,8.3522,936.466,48.36,2
258.303,198.429,7.9861,7.7066,830.204,47.3525,1
278.1,252.37,3.841,3.6355,419.495,32.9968,4
277.362,281.206,4.7141,3.9748,575.811,40.9132,4
252.34,196.875,8.8335,8.4446,917.912,52.1478,1
254.198,234.195,8.7491,8.2944,958.437,56.7579,2
265.75,2.1271,8.8849,0.0381,936.144,43.3974,3
252.837,232.106,9.1707,8.6036,992.006,53.57,2
250.781,2.147,9.0032,0.049,937.557,53.1185,3
250.495,2.1387,9.1612,0.0502,960.243,51.7537,3
1.6241,268.208,0.1172,8.8652,961.168,48.1649,3
259.115,204.65,9.1166,8.7055,956.107,47.903,1
1.6135,270.582,0.1119,8.8129,959.896,47.428,3
257.209,284.781,8.066,6.4409,856.01,52.4188,4
282.289,264.431,3.5171,2.7288,387.355,36.0885,4
265.989,207.557,8.8471,8.5368,924.493,40.6892,1
267.661,208.12,9.0638,8.7309,960.235,41.5347,1
262.861,242.686,9.1643,8.6963,970.577,45.4096,2
262.682,2.1709,9.142,0.046,958.128,42.3562,3
260.549,243.597,8.7626,8.275,915.252,48.3978,2
281.117,259.869,5.0113,4.7724,535.185,35.2694,4
268.811,271.101,4.1903,4.1214,488.107,18.4383,0
1.637,272.603,0.1076,8.9344,987.983,44.2369,3
295.895,300.146,4.0548,2.0709,444.466,26.7613,4
266.674,243.857,9.3062,8.8755,992.559,40.0958,2
264.578,345.985,3.6425,0.0988,470.522,17.5105,4
278.784,279.85,6.5044,6.2118,711.624,30.9492,0
263.26,2.1037,8.8095,0.0422,922.973,43.033,3
262.344,310.155,6.1125,1.9816,675.377,49.5986,4
278.539,294.59,4.6654,2.5763,497.799,34.7847,4
259.752,202.417,9.3857,9.0435,989.64,45.188,1
297.811,352.252,1.9668,0.08,402.363,10.8462,4
256.592,194.612,9.0694,8.8724,959.448,49.393,1
263.717,203.655,9.311,9.0782,989.636,43.1382,1
1.616,268.715,0.1076,8.5812,928.492,49.8443,3
252.016,254.976,8.7892,8.5397,885.895,54.5338,0
253.859,2.1634,9.1106,0.0475,968.485,51.8313,3
260.998,201.893,8.6976,8.3497,912.114,46.4705,1
270.49,2.0982,8.1427,0.0397,867.959,40.5528,3
263.168,199.587,8.6152,8.4424,909.77,45.2694,1
257.8,234.346,8.1092,7.8453,842.759,50.2532,2
262.862,2.1622,9.0896,0.046,953.428,43.0485,3
253.818,2.1375,9.0997,0.0445,968.596,51.9964,3
260.476,202.171,8.7067,8.3525,911.463,46.2838,1
265.265,249.233,9.1575,8.5422,971.859,43.1779,2
258.211,243.909,8.7329,8.1177,903.647,47.2108,2
258.507,203.059,9.4336,9.0353,990.944,44.8851,1
285.705,270.059,4.1076,3.8378,518.01,29.6615,4
264.288,243.571,9.1198,8.7057,961.652,42.2325,2
348.121,345.712,0.2342,0.0583,313.383,5.915,4
271.281,283.655,4.9927,3.7885,548.095,44.4284,4
272.392,312.415,5.9744,2.2496,630.379,39.1228,4
277.058,273.069,4.8666,4.5939,590.612,40.6156,0
266.024,261.146,6.8925,6.6457,725.546,44.8796,0
1.6236,270.353,0.1116,8.7154,958.191,50.2477,3
276.59,284.19,5.9758,5.1303,651.315,37.5055,4
258.394,203.667,9.0921,8.6619,953.591,47.2273,1
1.6081,272.376,0.117,8.7517,958.458,46.3535,3
279.826,268.69,5.9352,5.8074,643.836,37.8018,0
1.6018,265.889,0.1107,8.6445,929.771,51.1756,3
261.976,202.854,7.9385,7.5947,825.031,43.5219,1
276.573,296.303,1.9974,1.7781,247.541,33.5954,0
253.773,236.696,8.8081,8.1415,953.844,54.2268,2
1.6269,268.542,0.1153,8.6049,934.294,47.596,3
265.589,2.1712,9.0299,0.0456,957.247,42.6416,3
253.895,257.692,9.0437,8.8364,966.671,55.718,0
258.938,2.133,8.9616,0.0478,965.361,50.8801,3
270.11,2.1034,8.1584,0.0399,868.12,40.5592,3
261.403,243.503,8.4933,7.93,893.059,47.4943,2
266.296,244.477,9.1162,8.7202,969.111,42.8501,2
1.6304,269.318,0.1121,8.5716,934.612,46.8716,3
256.943,196.281,8.7875,8.5292,914.059,47.9023,1
263.192,202.54,8.8731,8.628,949.003,47.5829,1
212.098,210.681,2.7392,0.324,133.362,30.9857,4
255.88,196.236,9.078,8.8053,956.224,48.3542,1
268.607,209.316,8.7733,8.4474,924.301,40.8363,1
254.902,2.1286,8.8915,0.0474,934.385,51.2336,3
277.081,276.235,6.9238,6.6396,761.476,34.4259,0
254.922,2.149,8.8888,0.0455,935.316,51.9859,3
261.196,242.819,7.9518,7.5461,830.529,47.887,2
263.987,204.349,8.6069,8.2737,894.427,43.8436,1
259.717,203.703,9.4374,9.0809,992.196,43.4362,1
269.364,262.213,5.6957,5.4596,624.698,45.2833,0
265.952,245.697,9.0916,8.6506,968.982,43.6925,2
263.17,204.448,9.3109,9.0023,990.758,44.5311,1
286.323,262.579,4.5966,4.455,499.33,30.415,4
1.6171,263.213,0.1147,8.8707,958.734,52.1851,3
264.507,244.53,9.1418,8.7115,963.038,41.8697,2
277.156,285.867,2.4351,2.306,290.32,34.041,0
267.266,267.365,7.8218,7.7293,889.997,47.5542,0
263.63,204.224,8.6064,8.2904,900.673,45.6749,1
276.631,288.615,2.9987,0.9938,337.705,39.812,4
274.293,277.893,7.7968,7.5937,875.369,38.2566,0
271.135,267.63,7.5904,7.2843,822.356,35.9345,0
255.921,239.348,8.9347,8.3152,942.711,50.3117,2
261.29,204.596,8.9983,8.6161,953.173,46.8901,1
249.662,256.37,9.1123,8.7958,980.752,55.7592,0
280.77,288.395,0.682,0.1124,177.839,18.5922,4
258.969,242.109,9.1064,8.5372,956.372,47.0201,2
262.195,242.718,9.0352,8.5598,956.271,46.0615,2
266.377,262.632,6.8963,6.6011,722.35,43.4142,0
287.633,327.667,6.8622,2.9106,759.732,30.2301,4
267.615,2.1587,8.9969,0.0458,958.832,42.0569,3
249.05,2.1565,8.9864,0.0433,934.849,53.0148,3
268.756,315.955,6.5406,1.9609,724.344,46.7945,4
260.36,201.953,9.3489,9.0693,986.434,43.6402,1
262.138,204.769,9.007,8.6574,948.422,44.8742,1
251.616,195.954,8.7897,8.4153,915.071,52.8131,1
256.406,195.725,8.6653,8.4732,914.915,52.9821,1
265.38,270.372,8.3015,8.0385,898.364,43.464,0
264.544,2.1144,8.8919,0.0355,930.496,43.589,3
263.491,268.623,8.0938,7.9047,878.173,45.7518,0
262.83,2.1672,9.0255,0.0455,950.113,43.763,3
267.166,2.1157,8.8563,0.0345,936.563,42.9476,3
1.6569,273.677,0.1053,8.9354,990.989,43.4829,3
288.184,277.535,5.9869,5.8368,649.823,29.9553,0
1.6248,269.205,0.1105,8.577,935.831,47.1451,3
261.079,274.858,5.9809,4.7267,600.558,50.0747,4
250.447,236.656,8.851,8.1871,947.574,55.2852,2
278.292,286.608,7.721,7.5156,845.432,34.5802,0
256.078,197.965,8.7,8.3944,914.258,52.6021,1
249.965,232.89,8.8663,8.3366,948.465,55.2404,2
265.583,247.012,9.0708,8.5806,961.167,42.394,2
260.753,2.1557,8.8876,0.0394,926.915,43.2189,3
264.038,2.0975,8.1346,0.042,853.443,43.7219,3
265.315,303.445,5.8876,1.932,618.668,45.797,4
1.646,270.242,0.1029,8.9597,990.157,49.7292,3
261.635,237.709,8.4957,8.154,884.372,44.3821,2
273.862,233.421,5.9926,5.8876,649.968,40.1883,4
261.589,204.643,9.2236,8.8568,960.394,42.3191,1
265.879,2.1019,8.2869,0.0415,865.701,40.3061,3
268.768,273.197,7.3739,7.1162,862.974,44.5547,0
263.573,2.1128,8.7971,0.0429,925.461,43.6101,3
262.373,244.803,8.6747,8.1668,907.592,46.4193,2
259.656,262.148,7.8436,6.5066,814.076,47.743,2
267.009,205.006,8.9908,8.7598,958.821,43.6217,1
262.958,245.074,9.1939,8.6855,963.846,42.2035,2
307.525,242.507,2.2668,2.593,362.619,31.8631,4
318.331,327.571,0.2527,0.1482,289.983,13.4998,0
264.768,306.402,8.1965,5.6292,851.776,41.2448,4
1.6469,266.902,0.1035,9.0924,991.006,49.225,3
271.062,294.834,6.135,4.3219,650.43,42.4533,4
253.709,2.15,9.0488,0.046,959.483,52.0985,3
259.916,205.816,9.0755,8.6429,955.925,48.671,1
1.6185,272.865,0.1123,8.66,957.667,49.1975,3
308.251,240.21,2.3219,2.6646,368.956,31.0657,4
1.5912,271.884,0.1106,8.6475,958.016,52.8633,3
256.211,2.1297,9.0383,0.0471,963.152,50.991,3
272.886,280.735,4.9288,3.947,538.207,39.1296,4
283.275,244.18,2.9299,1.6021,337.991,32.8304,4
287.214,265.962,5.9124,6.0667,675.932,37.6526,0
250.65,278.524,8.1555,6.8735,806.874,52.6704,0
1.6404,268.596,0.1042,9.0968,996.839,45.3829,3
260.571,203.861,9.0428,8.6721,945.142,45.0282,1
247.379,231.733,8.9812,8.3824,957.258,56.7856,2
257.732,202.657,8.8052,8.3368,910.264,45.0808,1
261.009,204.509,7.9672,7.545,820.672,41.9237,1
268.778,258.668,7.2481,7.1548,798.241,40.6778,0
272.63,263.546,5.7889,5.5924,643.437,45.1914,0
263.89,267.628,7.6404,6.1036,804.276,46.3613,2
281.806,276.367,6.3536,6.1929,700.629,29.7482,0
245.156,230.407,9.2797,8.5446,980.557,55.714,2
270.88,246.707,8.7904,8.5594,950.745,41.9414,2
261.713,203.668,9.0514,8.7429,946.969,44.3682,1
265.356,280.728,8.8016,8.3549,927.997,40.1188,0
284.949,284.141,7.6233,7.5507,853.477,31.0218,0
248.705,259.241,8.8907,8.4934,904.882,54.9729,0
264.602,202.181,8.5651,8.3696,900.279,45.4821,1
251.785,256.661,8.8792,8.6425,926.326,54.1059,0
265.063,2.1247,8.7459,0.0426,925.153,43.4077,3
262.256,242.038,7.9908,7.6473,849.34,50.7372,2
301.005,300.146,5.1943,3.1129,622.073,29.7764,4
310.624,231.306,1.8756,2.0382,299.654,24.5342,4
275.668,286.787,2.2941,2.1629,276.46,33.8471,0
280.162,273.464,5.8304,5.7313,654.752,35.1939,0
253.268,2.1375,9.131,0.0488,968.138,51.8372,3
270.562,279.333,4.8421,3.5078,509.32,40.2423,4
264.186,270.768,8.9498,8.6114,945.814,44.4704,0
273.756,299.702,4.5223,1.9581,499.263,42.6809,4
260.828,2.1691,9.0863,0.045,951.976,44.2755,3
274.251,261.792,4.378,4.0972,466.372,36.9477,4
268.078,2.1104,8.77,0.0355,932.34,43.9709,3
263.805,267.081,7.0132,6.8124,784.82,50.0994,0
1.6507,272.141,0.1097,8.5189,929.851,48.3768,3
268.148,251.216,4.9309,4.7172,528.452,44.6476,4
261.991,275.578,8.815,8.3621,927.785,44.0675,0
315.696,235.613,2.4493,3.141,395.273,24.5148,0
1.6049,271.219,0.1128,8.497,928.553,49.9269,3
255.283,2.1425,8.9002,0.0447,940.364,52.6238,3
249.855,231.213,8.9553,8.4346,963.795,56.5539,2
279.747,263.944,4.7209,4.4008,501.197,35.5552,4
253.578,2.1405,9.1156,0.0483,962.807,50.9917,3
263.321,200.901,7.9069,7.6852,831.995,45.7301,1
258.625,198.49,8.7389,8.4464,914.119,48.0394,1
267.571,244.735,8.9396,8.5866,941.694,41.4038,2
269.547,262.493,0.8654,0.7231,101.781,28.7465,0
266.502,204.691,9.0912,8.8494,960.496,42.2385,1
250.973,236.715,9.0597,8.3922,939.075,50.3097,2
290.257,341.468,1.5111,0.1715,265.589,15.9712,4
253.718,2.1551,9.1071,0.0462,968.787,51.8063,3
255.181,2.1351,9.0591,0.0481,968.913,51.8748,3
306.169,300.992,2.0086,1.7775,258.897,17.8811,4
255.823,240.254,8.9722,8.3313,941.787,49.1292,2
307.686,319.551,2.2637,0.2323,391.182,21.7077,4
301.865,229.825,1.902,2.0388,295.63,29.861,4
1.652,269.808,0.1036,9.0487,993.509,49.6507,3
253.694,2.142,9.1444,0.0491,962.654,50.686,3
289.591,279.237,2.7927,1.2557,311.352,31.3795,4
263.808,2.1251,8.9321,0.0391,935.157,43.6073,3
279.159,238.061,3.0945,2.9817,350.247,33.2483,4
271.717,273.014,7.5481,7.1868,822.422,37.0518,0
248.564,234.603,8.516,7.9139,908.105,56.0257,2
264.894,269.076,7.606,7.3914,843.583,45.8975,0
284.136,283.711,7.4971,7.4511,841.209,32.5692,0
261.163,260.22,7.7965,6.6064,814.359,48.0079,2
1.6442,267.259,0.1031,8.9911,985.728,49.8253,3
259.397,272.052,8.7255,8.2511,923.266,46.7579,0
279.158,259.513,4.2918,4.0571,464.867,36.2731,4
264.334,241.208,8.4143,8.0528,885.238,44.4312,2
269.146,208.46,8.9983,8.6804,960.043,42.1434,1
290.666,289.113,1.5786,0.8284,334.72,33.8184,4
263.805,207.406,8.8465,8.4327,924.926,42.8445,1
318.911,288.918,0.4867,6.4928,770.203,11.7499,4
270.654,310.356,6.9517,3.529,749.172,41.983,4
263.967,248.951,9.023,8.4211,941.117,41.9205,2
288.643,287.776,7.5778,7.4993,868.074,25.4952,0
250.454,236.911,9.2101,8.5265,972.325,51.6418,2
1.5937,269.828,0.1108,8.5943,927.54,50.1006,3
257.399,198.972,9.0078,8.6834,953.376,48.5655,1
249.969,231.613,9.0354,8.4397,973.048,56.6617,2
288.547,254.983,3.1559,2.9425,348.667,32.7955,4
261.056,204.667,9.0354,8.6544,933.489,43.1367,1
261.893,199.69,9.0003,8.8789,955.641,48.9547,1
253.223,239.344,8.6624,8.01,930.729,54.331,2
293.857,274.2,4.8229,4.5963,521.398,23.8497,4
262.462,257.104,7.7658,6.7735,817.034,48.4236,2
281.666,311.095,7.1653,4.9896,780.647,32.965,4
260.57,239.227,8.8021,8.3471,937.056,48.9449,2
258.966,238.177,8.0241,7.698,833.883,48.8937,2
257.037,2.1362,8.8444,0.0453,933.101,51.1775,3
1.6164,276.209,0.1087,8.7335,967.872,46.4743,3
279.035,267.182,6.1306,6.0297,674.708,37.3842,0
260.58,206.318,9.0586,8.5963,946.562,45.1688,1
263.409,243.208,8.492,8.0108,890.438,45.109,2
273.528,268.875,7.1892,6.9903,786.834,36.9309,0
265.724,245.083,9.2924,8.7831,991.105,40.4243,2
294.303,243.32,5.7343,3.642,683.958,21.7459,4
253.141,236.286,8.9277,8.3191,966.338,54.5914,2
266.412,2.1176,8.8374,0.0369,931.709,43.5856,3
1.6561,270.182,0.1019,9.0363,994.036,49.4602,3
280.968,254.095,3.7223,3.5282,412.112,32.7394,4
289.196,286.544,7.691,7.6671,882.065,27.6516,0
255.784,268.477,8.2854,7.8664,866.334,51.2888,0
257.161,199.566,9.1332,8.8283,954.18,47.1758,1
267.239,275.322,6.6669,6.3397,780.918,46.4912,0
264.561,204.055,8.6054,8.3119,896.007,44.34,1
268.987,288.235,4.3872,1.8443,476.975,40.8154,4
253.446,197.063,8.7943,8.4336,919.166,52.8625,1
266.865,2.1041,8.2833,0.0409,867.875,40.5411,3
307.304,286.101,3.4043,2.0957,514.674,32.5671,4
1.6179,270.815,0.1077,8.5012,929.226,50.5378,3
293.076,257.034,3.6192,3.4578,402.412,26.7362,4
1.626,269.908,0.1132,8.6135,934.359,47.9513,3
276.422,282.069,7.6802,7.5124,869.089,35.731,0
274.736,273.129,7.8647,7.8278,886.437,40.2683,0
288.605,318.802,5.1788,1.4003,563.935,29.0763,4
264.977,2.1623,9.0633,0.0454,957.676,42.4252,3
303.879,317.384,0.2462,0.1642,255.001,9.1115,0
283.179,281.43,7.6298,7.6279,872.428,35.4612,0
263.24,277.412,8.8891,8.3872,943.118,43.9603,0
267.398,2.1022,8.8202,0.0367,931.698,43.4645,3
264.094,247.988,8.9994,8.3991,944.203,43.5184,2
257.42,198.981,8.9749,8.6646,955.024,49.5937,1
257.115,237.112,8.9144,8.4275,936.405,48.6544,2
286.707,251.452,3.0058,2.8178,339.948,34.6497,4
280.72,277.887,7.5546,7.5588,841.404,33.6443,0
262.135,239.051,8.4761,8.1031,891.012,47.1705,2
261.385,202.508,8.9935,8.6775,938.105,44.0272,1
261.298,261.456,7.1096,6.7263,734.884,44.3973,0
268.164,269.694,6.812,6.6979,809.023,45.8012,0
248.64,233.584,8.9715,8.313,960.886,56.5112,2
274.359,270.224,6.6621,6.4269,727.587,35.8842,0
264.399,201.841,8.5827,8.3643,893.8,43.7842,1
1.5983,272.504,0.1081,8.5245,929.415,50.2338,3
251.282,2.136,9.0188,0.0465,939.924,52.3228,3
270.364,267.96,7.677,7.6747,878.067,45.3345,0
252.749,196.712,8.824,8.4545,919.031,52.6485,1
258.737,239.732,8.0977,7.6933,841.356,48.7768,2
253.218,238.502,8.2732,7.7104,904.452,56.9984,2
248.27,230.524,9.0945,8.4606,969.08,54.8271,2
257.985,268.757,8.7768,8.3083,925.794,44.6773,0
261.518,265.647,7.715,6.2181,805.09,47.025,2
1.6457,269.608,0.1027,8.9309,984.942,47.5314,3
255.945,202.639,8.076,7.5624,832.616,47.8229,1
280.1,311.89,4.5586,1.0959,500.131,36.6618,4
1.6185,269.436,0.1174,8.8376,959.609,46.2967,3
275.109,278.703,6.4029,5.8284,676.75,37.0486,0
277.774,325.147,3.5278,0.2219,477.149,26.1247,4
284.81,277.243,6.1832,6.08,686.591,28.426,0
261.023,2.1197,8.8689,0.0416,925.183,43.348,3
267.129,261.773,7.4007,7.1269,776.67,41.0379,0
263.026,272.217,7.6621,7.3376,873.96,46.9487,0
274.027,257.546,5.3828,5.1292,559.051,36.0803,4
261.603,197.107,7.9281,7.8042,835.405,47.2644,1
274.698,263.523,6.3675,6.201,705.87,42.3319,0
254.703,232.781,9.1077,8.6527,969.971,50.4986,2
283.895,263.763,4.2148,3.9481,451.857,33.2588,4
257.887,196.75,8.0162,7.7768,831.045,47.3126,1
246.45,234.141,9.1094,8.373,967.062,55.6221,2
258.436,239.432,8.8794,8.3514,937.619,48.8522,2
264.409,244.365,8.6089,8.2014,910.784,46.833,2
1.6135,272.001,0.108,8.4599,928.83,50.6161,3
250.63,197.456,8.9027,8.4458,921.034,52.8717,1
258.686,265.267,7.2685,6.9731,799.381,49.3102,0
258.364,236.362,9.0198,8.5669,969.089,50.1546,2
284.255,267.12,4.6321,4.4178,514.605,36.5884,4
282.706,279.133,5.8704,5.6937,651.968,29.3536,0
262.4,2.081,8.2296,0.0427,856.007,43.133,3
275.333,266.449,6.0733,5.9543,736.65,41.908,0
262.754,2.1168,8.8182,0.0396,925.082,42.9027,3
265.551,246.473,9.3052,8.7591,992.335,41.1662,2
1.6431,273.03,0.1068,8.9159,993.073,49.082,3
260.716,246.32,9.2135,8.606,960.895,42.2037,2
265.756,206.027,9.2414,8.968,989.934,42.851,1
254.323,195.717,8.7466,8.4924,914.099,52.4148,1
256.185,234.243,8.8744,8.4396,942.756,52.0608,2
273.108,275.353,4.9842,4.3645,549.68,44.0771,4
257.42,2.1392,8.9912,0.0471,961.255,51.0605,3
263.472,2.1118,8.405,0.0434,869.33,41.3847,3
261.152,265.88,7.887,7.6409,892.695,47.9201,0
273.667,268.564,6.3565,6.0792,680.492,39.3032,0
249.328,237.948,8.4131,7.7212,903.542,57.0241,2
267.003,329.857,7.6584,1.5941,804.825,42.3501,4
262.926,202.255,7.9153,7.6309,831.882,45.5408,1
254.247,276.414,8.1907,7.2405,857.405,50.9091,0
249.403,229.083,9.0166,8.4996,972.213,56.4491,2
267.057,206.742,8.4599,8.1261,892.554,43.9505,1
264.8,243.802,8.9406,8.5074,955.519,46.2854,2
266.617,278.96,6.2093,5.3188,649.814,42.0876,4
265.009,206.769,8.8602,8.5411,923.599,41.221,1
257.525,196.196,9.0311,8.8472,948.222,48.295,1
265.246,206.668,9.1399,8.8093,963.136,42.354,1
266.585,2.1602,9.018,0.0437,952.893,41.6931,3
269.213,285.085,7.0429,6.0076,785.353,46.1769,4
1.6217,269.436,0.109,8.6281,935.58,47.7703,3
277.954,281.637,3.4968,2.0512,386.026,32.3532,4
267.98,298.703,8.1611,6.6885,851.599,41.3855,4
265.3,2.1203,8.7381,0.0411,924.906,42.9899,3
262.469,292.684,6.6255,4.7843,728.532,49.3266,4
265.381,2.1607,9.0138,0.0459,953.302,42.9555,3
276.718,270.311,6.9944,6.8507,771.241,35.4347,0
277.683,300.519,4.6586,2.5762,513.783,37.2355,4
261.997,303.072,7.9867,5.3897,829.315,45.8199,4
1.6146,269.208,0.11,8.5587,928.607,49.9269,3
267.862,242.704,8.9915,8.7265,961.063,42.23,2
288.73,218.527,2.9534,0.4175,342.356,28.088,4
245.478,227.92,9.1467,8.5381,963.532,54.3191,2
284.626,286.406,7.6052,7.5191,850.852,31.5398,0
264.771,2.1194,8.8974,0.0361,931.232,43.4913,3
285.491,277.862,7.0372,7.0849,840.67,34.6974,0
257.547,199.585,9.0465,8.667,960.249,48.9833,1
260.576,203.971,9.3779,9.0233,989.464,43.8934,1
260.475,267.616,7.8783,7.552,868.47,48.6217,0
256.398,193.825,8.9721,8.8263,949.328,49.9998,1
285.252,279.066,5.7458,5.5933,637.177,28.0279,0
261.617,268.13,7.4753,7.2062,844.163,50.5384,0
1.6212,272.576,0.1124,8.7522,959.96,47.428,3
355.829,352.947,0.2147,0.0441,300.083,5.8572,4
284.283,280.741,0.9996,0.9919,116.979,20.3123,0
264.721,207.997,8.8159,8.4141,922.638,42.0838,1
307.509,285.898,1.415,0.5566,228.323,20.1197,4
261.879,278.625,8.117,7.4606,855.888,48.1887,0
265.618,245.206,9.0746,8.6135,969.068,43.9173,2
265.08,274.208,8.7759,8.5044,935.201,44.2395,0
257.918,236.302,8.88,8.4189,935.905,48.9548,2
308.576,291.638,1.9641,0.6376,307.497,24.7784,4
265.958,203.186,7.8242,7.5941,820.671,41.8629,1
258.835,196.887,8.7405,8.5133,909.383,46.0109,1
252.319,229.285,9.111,8.6322,984.028,54.2075,2
265.296,244.165,9.2409,8.7952,976.706,42.2204,2
248.548,230.609,8.9847,8.4356,961.7,55.9242,2
261.783,242.99,9.0644,8.5963,958.371,46.2504,2
263.301,245.345,9.157,8.6405,968.35,43.9338,2
258.8,272.074,6.0659,5.0768,606.007,49.6135,4
263.085,245.854,9.1304,8.5952,951.431,41.7969,2
261.735,246.132,7.9088,7.4222,828.765,48.2678,2
280.377,316.957,4.4482,3.3169,644.302,18.852,4
266.164,271.21,7.5541,7.3571,850.131,45.6702,0
327.044,286.362,0.344,7.0226,822.628,6.6113,4
259.016,260.1,7.856,6.5524,812.924,47.698,2
257.622,248.809,8.0427,7.2988,826.818,48.4559,2
266.156,2.1668,9.0842,0.0466,958.261,41.8859,3
257.234,199.284,9.0564,8.6808,960.069,48.9689,1
251.843,2.1381,8.987,0.0477,935.037,51.1898,3
335.138,287.907,0.3519,7.0013,824.45,6.6937,4
259.564,199.963,8.7616,8.4549,908.462,45.9996,1
275.046,267.393,5.6887,5.5233,691.454,40.6013,0
262.004,236.019,8.8496,8.8492,920.17,43.0001,1
250.223,228.695,9.0771,8.5844,982.266,56.4222,2
264.318,203.786,8.9349,8.6469,940.46,44.0774,1
263.857,210.198,9.1688,8.6479,963.346,42.4806,1
267.843,269.476,7.8967,7.7535,892.721,44.8542,0
252.289,260.513,9.0081,8.6165,921.623,52.6614,0
1.6445,268.969,0.1053,9.0621,992.066,48.6873,3
254.981,2.1261,9.0567,0.0486,959.119,50.869,3
249.355,234.011,8.4045,7.7835,890.074,53.7399,2
266.688,241.778,8.3676,8.081,881.852,42.5799,2
245.986,229.274,9.0015,8.4431,953.617,56.2794,2
259.892,235.749,7.9913,7.7615,835.934,49.4275,2
320.047,300.879,1.6797,1.3965,294.904,17.6579,4
263.96,202.663,8.6006,8.3607,897.166,44.6713,1
1.6065,274.096,0.104,8.7731,965.887,47.4736,3
269.041,271.933,7.5251,7.3258,864.879,44.5133,0
261.674,244.161,8.4875,7.916,883.359,44.339,2
1.651,266.936,0.0998,9.0054,985.768,48.6408,3
252.657,196.067,8.849,8.5043,921.115,52.9199,1
344.69,293.081,0.3587,7.017,831.824,13.6566,4
262.263,201.452,8.6199,8.3422,906.349,46.3603,1
269.582,290.069,4.2679,1.8603,466.165,40.4293,4
271.612,269.832,7.7119,7.757,887.104,45.1419,0
266.634,273.292,8.9654,8.7207,960.618,43.557,0
297.778,263.837,5.8271,2.6517,701.336,21.5693,4
259.01,270.813,8.3236,7.894,887.381,45.5771,0
250.327,2.1522,8.9754,0.0479,936.854,53.6802,3
260.26,241.624,8.6698,8.1927,902.851,47.3739,2
249.927,228.275,9.0238,8.5898,969.046,55.3545,2
265.6,242.032,8.453,8.1563,900.793,47.3193,2
264.823,246.066,8.4163,7.9173,883.511,43.4126,2
263.672,203.829,9.2699,9.0189,989.781,43.8896,1
266.315,2.0941,8.0763,0.042,854.745,43.4094,3
267.006,249.26,9.3028,8.6832,991.256,38.8189,2
1.622,273.747,0.1068,8.8189,966.226,46.577,3
255.313,239.595,8.4003,7.7991,863.041,51.9381,2
293.005,254.885,2.68,2.5582,309.238,29.5347,4
250.987,227.567,9.0146,8.5781,974.313,55.77,2
264.774,203.953,9.1388,8.891,962.16,42.6563,1
1.6074,273.627,0.1117,8.8213,967.201,45.4946,3
262.858,2.1561,9.0912,0.0464,956.002,42.8909,3
268.922,2.107,8.7483,0.0366,930.644,43.542,3
288.135,355.883,3.0954,0.0888,474.42,11.1926,4
326.915,304.906,1.599,1.3645,499.068,17.6265,4
269.183,345.972,3.6303,0.0992,477.876,17.3214,4
249.752,256.295,9.0208,8.7161,957.652,54.8337,0
257.731,198.899,8.7717,8.45,909.554,45.6985,1
265.752,206.445,9.1282,8.8286,964.543,42.1917,1
265.449,207.401,9.1261,8.7342,960.235,41.7715,1
308.053,324.844,2.5173,0.2916,439.207,22.2268,4
264.528,200.296,8.9278,8.8277,948.306,45.1007,1
251.863,258.005,8.747,8.4041,881.081,53.9929,0
261.783,350.285,4.5343,0.1187,563.185,19.5316,4
263.004,245.541,9.0096,8.441,956.054,46.3252,2
278.179,252.369,3.841,3.635,419.671,32.9752,4
276.228,275.803,7.4032,7.3465,862.107,40.1237,0
275.785,278.802,7.2633,6.8702,791.922,33.2392,0
1.6116,268.934,0.1078,8.8506,966.793,49.9605,3
261.408,317.368,5.1289,3.1541,626.644,20.3011,4
259.263,199.724,9.3815,9.1508,986.033,43.6113,1
277.468,356.088,3.2818,0.0799,455.884,11.7184,4
249.207,228.681,9.1556,8.613,984.641,55.8532,2
252.979,234.122,8.9766,8.4364,941.698,51.8741,2
260.339,322.818,7.3965,0.7358,780.875,49.3266,4
268.979,246.84,9.2757,8.8163,991.359,38.1832,2
1.6268,268.004,0.1108,8.6692,935.809,47.8603,3
256.127,237.73,8.9444,8.4139,941.519,49.3356,2
274.071,271.149,6.9226,6.6544,728.392,37.3961,0
259.799,267.368,9.1888,8.8543,989.711,48.3761,0
1.6035,269.395,0.1065,8.5818,928.47,50.5005,3
257.056,237.238,8.1777,7.7931,846.679,50.5842,2
272.044,267.892,6.6732,6.4231,724.384,37.865,0
257.052,202.52,8.8105,8.3237,906.607,46.3383,1
268.18,278.1,4.7278,3.1993,513.612,45.2453,4
256.531,196.005,8.6882,8.4747,918.003,52.1995,1
258.289,247.241,8.025,7.3624,827.914,48.0735,2
263.491,2.1291,8.7907,0.0437,924.808,43.3587,3
281.27,283.748,7.7273,7.6125,856.04,31.0512,0
266.203,2.1116,8.8457,0.0393,931.27,43.5358,3
268.803,268.315,7.1999,7.1124,849.095,45.8443,0
275.304,278.798,7.7992,7.6445,881.917,39.1264,0
261.281,200.642,8.6362,8.361,914.32,47.9955,1
263.483,2.1261,8.3971,0.0414,865.842,40.0613,3
312.107,293.857,0.3315,6.9713,820.136,10.8134,4
262.358,269.343,8.5298,8.1938,914.262,44.3758,0
304.987,338.83,1.5547,0.1779,272.248,16.8724,4
276.181,274.319,7.4102,7.3969,862.245,39.963,0
260.414,203.749,9.0678,8.7112,945.831,44.7534,1
256.1,247.182,8.0676,7.3282,826.102,48.6385,2
261.533,266.738,7.5172,7.2638,859.432,50.1779,0
271.411,279.97,7.2676,6.9946,797.108,38.8105,0
253.644,2.1258,8.9432,0.0461,934.824,51.2947,3
257.996,350.119,5.003,0.1445,607.328,21.5712,4
277.518,280.382,7.7846,7.6781,875.539,34.9842,0
280.574,304.103,4.4372,1.1009,479.736,33.9611,4
272.33,356.069,3.5099,0.0846,464.132,11.8747,4
259.713,2.159,9.1139,0.0457,951.577,44.3478,3
267.264,268.467,7.2504,7.1257,845.331,47.6802,0
256.464,2.143,9.0001,0.0486,964.399,51.7132,3
1.6253,277.339,0.1068,8.71,967.036,46.2078,3
279.945,294.447,4.7191,2.6751,501.78,32.8544,4
259.108,244.872,9.1551,8.531,957.326,45.8555,2
263.59,246.928,9.1002,8.5082,967.439,44.444,2
256.476,238.751,8.9441,8.4007,941.366,49.3226,2
270.895,276.12,7.5791,7.3966,867.381,41.0144,0
262.411,198.46,7.8923,7.7366,832.571,47.2512,1
289.249,260.318,5.1008,5.2595,610.222,36.0118,0
255.873,239.507,8.1834,7.6909,841.714,49.4068,2
275.259,275.044,7.7728,7.6812,864.563,39.8661,0
276.671,295.977,2.0787,1.8414,255.184,34.092,0
258.838,201.684,8.7533,8.3513,905.887,46.3607,1
263.585,289.511,6.1233,3.9539,642.899,46.9554,4
261.508,2.1284,8.9857,0.038,934.186,43.7665,3
266.488,242.152,9.297,8.9236,992.859,40.517,2
265.259,205.718,8.8916,8.5872,945.524,44.9748,1
261.139,201.092,8.9359,8.5993,959.346,48.7137,1
262.878,201.562,9.3506,9.1556,992.614,43.413,1
263.124,245.591,9.4044,8.81,990.156,39.4599,2
269.715,274.823,4.8982,3.823,514.138,40.613,4
274.482,279.989,6.6147,6.3819,774.394,38.6233,0
270.077,250.256,9.2302,8.6958,991.839,38.2786,2
263.249,247.986,9.4038,8.7288,992.983,40.1082,2
264.234,2.1047,8.842,0.0383,924.053,43.7313,3
247.882,234.322,9.066,8.3105,970.632,56.1873,2
267.349,202.369,7.7792,7.62,822.774,42.5094,1
264.635,244.995,9.2239,8.7286,976.084,42.5217,2
263.505,199.644,7.8855,7.7214,831.675,46.2138,1
266.023,246.114,9.0507,8.5854,966.578,44.1224,2
317.77,249.736,2.4481,3.2185,404.608,23.6786,0
255.788,196.175,8.9827,8.7369,947.455,49.9311,1
248.871,231.189,9.2819,8.5993,987.442,52.7218,2
267.677,2.0865,8.7452,0.037,925.845,44.1637,3
1.6167,275.719,0.1054,8.7375,965.679,47.0231,3
263.929,2.1154,8.7846,0.042,925.764,43.5987,3
260.82,281.396,6.7173,5.6322,744.707,51.6689,4
279.07,278.94,6.7296,6.437,735.512,30.2706,0
261.185,202.17,8.6393,8.2878,906.732,46.2873,1
276.23,262.302,4.2399,3.939,519.556,38.8156,4
251.31,196.296,8.8073,8.3992,914.819,52.8129,1
264.359,2.13,8.7663,0.0433,924.607,42.758,3
263.332,2.1735,9.0925,0.0436,956.487,43.0268,3
252.878,261.974,8.0433,7.6745,808.844,54.8199,0
263.748,248.324,9.076,8.4513,949.732,42.4902,2
269.7,283.008,4.0539,3.843,486.406,14.6477,0
249.808,234.284,9.2608,8.5045,986.357,52.516,2
1.6301,268.962,0.1057,9.0342,991.343,49.2829,3
252.812,2.1385,8.926,0.0457,936.463,53.2066,3
266.301,249.02,4.9266,4.7186,525.106,45.0708,4
274.063,278.234,7.3922,7.2655,818.607,39.5738,0
1.6021,276.641,0.11,8.6967,968.771,49.3461,3
252.929,2.1447,8.9728,0.0453,940.153,52.6841,3
262.283,199.99,9.0086,8.8278,948.388,45.4577,1
267.472,247.577,9.079,8.6157,969.251,42.4386,2
253.961,202.928,9.1477,8.5997,948.554,48.0834,1
267.727,204.261,9.0491,8.8692,960.924,42.2385,1
1.653,272.318,0.1044,8.932,993.521,49.4756,3
260.576,202.892,7.9923,7.5915,825.024,43.3755,1
274.756,273.472,4.6147,4.3945,523.718,25.7748,0
279.43,288.096,5.2729,3.8103,584.346,40.0495,4
259.666,197.775,8.7348,8.4852,908.66,45.5374,1
250.424,233.809,9.1624,8.555,965.766,51.6478,2
260.446,267.921,8.536,8.3087,921.414,48.3735,0
263.214,273.289,8.9631,8.6318,953.665,42.067,0
260.206,238.641,8.0471,7.7271,843.348,49.632,2
262.072,245.975,9.1842,8.6161,967.616,43.9175,2
276.16,264.924,5.4685,5.3116,614.593,44.4407,0
267.249,2.1206,8.2668,0.0422,865.637,39.9104,3
262.663,244.458,9.2787,8.7631,973.393,42.294,2
356.948,284.904,0.1595,0.0487,247.346,0.2536,0
268.711,276.969,4.2482,4.0743,493.859,16.9883,0
265.683,248.251,9.0812,8.5438,963.203,42.2756,2
259.21,204.077,9.0038,8.5595,948.1,47.6856,1
265.677,2.1181,8.334,0.041,869.737,41.0884,3
250.25,229.445,8.976,8.4829,970.21,56.411,2
260.221,205.663,9.392,8.9566,989.149,43.854,1
275.501,274.049,4.9879,4.7323,556.011,23.9217,0
260.691,207.783,8.7094,8.1291,897.867,44.8119,1
259.15,199.372,8.7766,8.4758,909.813,45.9815,1
245.194,228.362,9.2574,8.5917,981.288,56.2122,2
268.282,2.106,8.217,0.0404,867.326,40.5602,3
275.016,271.834,7.3637,7.3836,834.632,42.6568,0
1.6073,274.253,0.1124,8.4589,930.506,48.2927,3
257.975,200.751,8.7839,8.4015,913.722,47.2384,1
251.754,234.443,8.816,8.283,952.39,56.1796,2
280.004,277.393,6.1231,5.8842,674.449,31.2241,0
285.167,273.075,6.6952,6.5693,728.359,30.1777,0
257.418,279.405,6.8048,5.6364,745.203,51.5983,4
280.774,286.273,7.9701,7.7534,885.659,31.3597,0
264.426,271.177,7.3146,7.0292,842.953,47.9497,0
253.418,198.484,8.7858,8.3802,912.98,51.8093,1
303.91,276.238,3.0776,2.653,467.746,32.6167,4
248.801,229.308,9.1011,8.5384,979.987,56.9831,2
266.3,245.018,9.0174,8.5702,969.205,45.5427,2
253.708,310.798,7.8562,3.1683,820.163,53.3647,4
267.111,276.941,8.3718,7.9933,881.544,42.9514,0
265.334,243.838,8.3247,7.9128,882.762,44.5664,2
294.219,254.323,2.0649,0.382,243.657,27.7856,4
259.262,200.344,8.7148,8.3871,908.443,46.2318,1
261.016,203.206,9.3909,9.064,990.699,44.4576,1
1.6453,267.302,0.1062,9.0018,982.966,47.7104,3
262.832,2.1094,8.8211,0.0406,922.806,42.8511,3
252.503,230.703,9.1646,8.6232,989.775,52.6646,2
261.281,204.286,9.003,8.6316,953.541,47.0048,1
263.867,202.383,9.2774,9.0843,990.851,44.493,1
249.838,255.426,8.6879,8.4543,937.781,57.4889,0
248.713,226.53,9.0326,8.5859,972.197,57.1208,2
263.257,200.856,8.5947,8.3716,903.35,46.2463,1
260.332,239.173,8.8098,8.3474,937.645,48.9049,2
273.967,311.638,6.884,3.8091,754.388,42.3667,4
289.573,289.963,3.6478,2.3286,408.75,31.3179,4
1.6336,269.068,0.1097,8.6147,931.417,48.3386,3
264.009,244.208,9.0817,8.6052,967.296,44.444,2
252.92,2.141,9.132,0.049,961.864,50.9632,3
259.361,0.8624,8.8703,0.0422,933.128,47.2171,3
301.044,255.527,2.8575,3.1579,437.955,35.2753,0
264.162,2.1074,8.923,0.0389,934.058,43.5965,3
262.307,200.789,8.9655,8.7659,953.854,46.8984,1
261.267,202.698,9.3411,9.0547,991.145,45.0373,1
267.848,249.24,9.3108,8.7381,992.766,38.315,2
277.816,252.396,4.153,3.9121,444.991,31.3362,4
265.717,253.519,5.1343,4.8071,538.625,43.2097,4
266.778,246.473,9.281,8.7731,989.946,39.5858,2
265.566,279.791,9.1626,8.7398,969.146,42.8457,0
260.402,267.655,7.6064,7.3077,858.63,50.6989,0
1.6549,274.243,0.1088,8.9173,995.929,45.2218,3
251.443,198.872,8.8606,8.3533,918.005,52.131,1
259.055,244.033,8.711,8.1168,903.788,47.1666,2
249.322,233.539,8.9571,8.3409,963.173,56.6187,2
266.897,2.1547,8.9622,0.0493,956.573,42.7035,3
1.6085,270.356,0.1112,8.5602,928.736,50.4032,3
257.876,235.632,8.2231,7.9065,856.559,51.5004,2
258.069,200.179,9.0136,8.646,953.45,48.0177,1
266.356,271.383,8.6699,8.4882,930.298,44.9195,0
258.921,313.785,7.5068,2.8753,752.638,49.2554,4
253.0,231.942,8.9323,8.5124,965.913,54.2748,2
282.799,296.393,5.3853,3.6134,581.597,36.213,4
289.612,344.994,2.0695,0.0685,341.016,9.5982,4
262.722,238.642,8.4493,8.1,882.209,44.2593,2
1.6183,273.47,0.1092,8.7201,958.718,46.3299,3
264.586,254.137,5.0679,4.6901,522.912,43.8466,4
358.318,350.134,0.1925,0.0511,281.878,3.1175,0
256.357,2.1351,8.849,0.0458,939.198,52.9208,3
263.21,200.834,9.2662,9.1239,988.688,44.5702,1
269.493,287.799,6.0518,4.4869,642.564,42.8418,4
256.591,2.1557,8.9992,0.0497,967.592,51.835,3
264.919,204.579,9.1278,8.8629,961.141,42.4141,1
286.718,276.407,4.5201,4.3774,570.781,33.3552,0
267.04,208.717,9.1059,8.7416,964.421,42.1178,1
262.365,257.151,7.7613,6.6503,813.965,47.8211,2
254.296,313.127,7.5945,2.5134,787.016,47.4442,4
276.986,282.942,7.8469,7.6405,876.774,34.0105,0
286.956,324.273,6.9365,4.0801,763.997,29.4092,4
248.915,230.292,9.0225,8.4568,969.762,56.038,2
258.954,282.681,6.2533,4.3705,647.547,46.6646,4
259.401,200.322,8.0322,7.7147,831.78,45.4348,1
268.735,2.1036,8.0821,0.0419,861.737,41.774,3
263.629,202.772,7.8861,7.6047,819.553,41.7483,1
262.898,263.192,7.6802,6.2758,805.507,47.1061,2
257.282,305.897,7.7427,3.4087,821.536,53.348,4
258.894,240.901,9.1107,8.5814,957.917,47.1212,2
252.245,256.095,8.9936,8.7636,908.92,52.4844,0
267.128,202.338,7.7683,7.617,816.67,41.5784,1
305.371,297.422,2.7872,0.5201,321.944,19.9862,4
255.585,195.317,8.746,8.5186,920.499,52.8696,1
255.977,194.811,8.6738,8.5062,914.723,52.9679,1
269.617,273.695,8.4732,8.4012,929.489,43.1083,0
281.389,281.043,3.4905,2.1942,386.916,30.1847,4
294.059,252.9,2.7188,2.621,314.656,29.9957,4
267.038,245.65,9.0326,8.6018,969.366,43.6908,2
257.439,2.1122,8.9648,0.0409,923.763,43.5821,3
258.301,199.754,9.0107,8.6739,954.321,47.9812,1
262.032,247.824,9.1856,8.5572,961.811,42.3873,2
265.873,317.867,7.8489,3.2255,826.22,42.5602,4
262.949,244.315,9.2361,8.7231,972.606,42.8815,2
255.096,234.209,8.6749,8.2771,953.774,56.4496,2
288.12,264.151,4.7581,4.5905,511.265,29.5116,4
276.826,272.37,6.8638,6.667,753.712,33.8339,0
258.043,198.641,8.7587,8.4466,913.931,48.0091,1
263.204,2.0973,8.7753,0.0404,922.696,43.9615,3
267.189,333.127,7.5575,1.063,783.242,40.3592,4
260.625,2.1526,9.1994,0.0445,956.811,42.1131,3
249.362,234.872,9.1569,8.3877,975.839,54.4853,2
260.0,236.869,8.109,7.8427,853.822,51.6829,2
268.123,2.1734,8.9843,0.0449,952.575,41.4433,3
264.776,2.1272,8.7478,0.0382,925.289,43.3944,3
263.778,2.0842,8.8659,0.0389,924.015,43.859,3
314.102,339.656,0.2293,0.131,268.112,11.692,0
269.349,249.113,9.0396,8.5729,971.911,42.6875,2
247.682,236.416,8.6072,7.8995,912.872,55.5161,2
1.6192,271.985,0.1092,8.8577,966.31,45.7387,3
288.474,333.036,6.6949,2.1083,741.345,30.4627,4
319.788,247.821,2.3456,3.1688,396.778,23.466,0
271.48,303.477,7.0277,4.6406,765.872,42.8174,4
1.6418,272.328,0.106,8.9649,994.437,49.4346,3
263.714,241.074,8.4695,8.103,881.875,42.536,2
250.452,232.319,9.018,8.4107,966.897,54.3724,2
287.113,288.685,7.4463,7.3798,858.312,29.9552,0
260.184,199.595,9.3861,9.1678,990.952,44.8561,1
271.953,270.772,4.9011,4.1664,518.081,40.7756,4
255.122,196.489,9.1041,8.809,954.157,47.9825,1
261.108,199.595,8.9857,8.8072,948.816,46.9044,1
262.039,200.561,8.9855,8.7869,954.664,46.6005,1
302.799,306.467,3.4198,3.0906,555.294,27.4039,4
258.262,201.261,8.7709,8.3645,908.982,45.5647,1
273.635,277.037,7.1805,7.0373,835.781,41.6137,0
272.336,283.247,1.0487,0.5436,158.888,19.3895,4
263.384,2.1658,8.8234,0.0422,928.103,43.3595,3
260.616,200.868,8.6702,8.3556,914.886,47.9432,1
257.739,204.482,9.4493,8.9639,989.764,45.1714,1
262.782,203.938,8.963,8.6303,937.808,44.0267,1
245.93,228.583,8.9807,8.4608,950.486,56.0347,2
266.099,205.733,8.8629,8.5717,936.529,44.5449,1
256.173,233.857,8.9876,8.5843,967.281,51.6936,2
256.518,196.53,9.0481,8.7971,954.409,48.4622,1
299.361,260.299,3.3406,3.206,374.01,23.944,4
268.168,261.19,6.6072,6.4867,746.362,46.1034,0
252.536,260.622,9.2862,8.9483,981.244,52.6307,0
319.652,351.906,0.9813,0.1116,536.156,18.6625,4
265.285,206.344,9.1484,8.7932,960.785,41.6395,1
280.412,270.239,5.296,5.1592,653.946,38.0406,0
278.356,277.437,6.7702,6.4854,744.187,32.9315,0
257.605,201.065,8.0124,7.6086,829.922,47.3386,1
263.996,204.841,8.5964,8.2515,893.918,43.7982,1
267.014,204.548,9.0737,8.8744,961.682,42.6756,1
277.125,270.936,6.9226,6.7582,769.159,36.7156,0
259.749,205.301,8.7346,8.256,899.493,44.9441,1
284.468,293.128,5.7692,4.8066,620.543,30.6517,4
249.371,253.668,8.741,8.5217,932.624,57.23,0
267.158,277.526,4.5614,3.1387,484.528,40.3464,4
257.957,236.695,8.8872,8.4383,937.658,48.9406,2
1.5978,276.077,0.1083,8.6698,965.831,50.1454,3
1.6141,274.431,0.1102,8.7779,965.934,46.9656,3
256.231,196.941,9.0751,8.7759,957.095,48.1449,1
257.117,203.675,9.4294,8.9511,987.586,45.4845,1
256.413,195.888,8.6749,8.4757,916.985,52.8913,1
296.669,322.67,0.2686,0.2091,226.24,13.0373,0
260.257,309.141,7.9601,4.225,829.765,47.4766,4
282.145,269.414,6.0156,5.9487,662.202,36.918,0
260.155,202.927,8.6938,8.2715,908.343,45.8287,1
249.812,231.175,9.053,8.5435,967.735,54.1409,2
273.189,282.198,2.8004,2.4542,324.059,37.2219,4
272.607,274.679,6.458,6.3034,769.029,44.8365,0
1.6497,269.47,0.099,9.0513,994.417,49.4476,3
258.337,239.218,8.1079,7.7152,844.989,50.4221,2
256.564,239.174,8.8697,8.4188,914.867,48.4806,2
276.34,277.875,7.0252,6.9284,824.558,40.9422,0
267.644,294.836,8.1591,6.8536,852.37,41.7107,0
259.922,245.451,8.7631,8.1423,908.375,46.8115,2
255.354,240.071,8.9537,8.2823,935.525,49.1565,2
267.364,2.1512,8.9001,0.0372,938.639,42.4341,3
305.096,273.486,1.3626,0.5592,222.862,27.0906,4
278.471,275.261,7.172,6.9412,784.262,32.3725,0
278.475,282.065,2.0213,0.9007,235.071,37.1977,4
258.371,350.104,4.9463,0.1404,601.482,21.1365,4
268.092,307.272,6.2768,3.1682,698.896,47.4636,4
251.216,326.721,3.6577,0.1563,680.138,20.3813,4
251.2,236.184,9.1446,8.4799,966.498,51.9123,2
276.363,280.494,7.6831,7.5148,874.196,38.3636,0
263.14,248.605,9.1735,8.5355,965.207,42.4988,2
268.109,253.632,6.1345,5.9264,686.69,43.5363,4
1.6056,271.352,0.1104,8.5538,929.244,50.2408,3
280.262,283.316,7.7384,7.6042,870.582,35.9511,0
270.429,281.702,8.2187,7.8614,878.832,36.9177,0
257.7,320.129,5.0481,2.4762,609.938,20.6228,4
261.674,199.802,8.6517,8.411,904.196,46.3676,1
268.549,252.372,6.2581,6.0798,704.155,44.009,4
258.111,2.1161,8.8662,0.0443,935.053,50.0136,3
258.914,238.744,8.0261,7.6818,834.649,48.8756,2
263.78,205.294,8.818,8.5044,920.989,42.1513,1
262.011,2.1034,8.8524,0.0434,923.336,43.3569,3
1.6567,268.509,0.0997,8.9876,986.339,48.1625,3
260.51,199.327,7.9802,7.7306,831.72,46.4773,1
268.804,244.786,9.2112,8.8338,989.901,39.5638,2
1.646,269.654,0.1021,8.9069,982.924,49.7157,3
290.189,255.478,3.2176,3.0342,363.539,31.0372,4
282.092,233.103,2.6678,0.2807,331.062,27.7525,4
248.661,226.942,8.8956,8.4935,949.14,56.0259,2
269.125,270.627,6.6271,6.4886,783.596,47.0711,0
1.6135,270.068,0.1132,8.5604,935.625,46.6061,3
254.012,196.544,8.7584,8.4511,912.732,51.9866,1
254.61,2.1294,8.9233,0.0492,938.428,52.2364,3
258.291,236.895,8.8983,8.4575,942.992,49.1329,2
264.878,247.534,9.1355,8.6013,963.223,42.155,2
263.533,2.1162,8.9235,0.0381,931.223,43.4511,3
272.597,255.635,5.4873,5.2376,574.828,39.7773,4
254.497,235.421,8.9528,8.4115,941.121,51.0207,2
257.309,270.394,8.6862,8.2716,924.235,48.9696,0
249.044,257.283,9.1979,8.8152,980.86,53.271,0
267.853,276.508,9.0114,8.7218,956.631,40.5595,0
260.532,257.8,7.8159,6.6383,814.36,47.776,2
261.816,202.489,7.9544,7.6106,826.651,43.6076,1
273.222,284.069,2.6214,0.9632,296.791,38.6162,4
276.806,265.163,6.0478,5.9426,662.527,37.6953,0
281.082,283.624,3.2295,1.2243,364.765,33.6131,4
267.777,2.1071,8.8044,0.0366,934.148,43.8938,3
260.146,235.224,8.8201,8.4728,936.882,49.0382,2
264.004,244.089,9.0026,8.5561,955.873,45.7209,2
280.117,278.357,7.4697,7.3908,861.027,34.2074,0
268.47,2.1012,8.7624,0.0371,932.152,43.9805,3
1.623,269.296,0.1148,8.738,958.522,50.6546,3
268.563,243.455,9.2791,8.9436,992.726,38.1969,2
263.663,294.708,6.1113,3.4306,637.909,45.3766,4
1.5982,274.268,0.115,8.6727,960.889,48.505,3
259.214,206.836,9.0948,8.5687,945.827,44.9611,1
266.092,2.1629,9.0304,0.0415,957.853,42.3854,3
255.379,235.55,8.3369,7.915,859.619,52.4258,2
282.071,279.615,3.2958,1.879,371.481,33.3231,4
272.325,268.172,6.5544,6.319,689.869,39.3932,0
258.864,240.113,8.0355,7.637,831.35,48.3139,2
252.466,229.013,9.0978,8.6455,983.39,53.5264,2
255.598,192.853,9.0912,8.9159,962.932,50.3314,1
273.713,291.191,7.8985,7.4286,848.709,34.5556,0
260.281,204.595,9.1195,8.7349,948.355,43.8136,1
262.204,2.1028,8.9398,0.0361,929.339,43.626,3
256.927,265.848,9.1793,8.8356,978.196,49.6147,0
1.6212,272.024,0.1073,8.8488,965.02,47.1506,3
276.609,240.611,3.2621,3.0553,364.357,33.2157,4
268.085,2.1602,8.95,0.0442,956.687,42.2043,3
256.493,240.454,8.9338,8.2679,935.261,48.5642,2
258.462,205.273,9.0697,8.5658,950.071,47.4301,1
1.649,272.289,0.1012,8.9279,991.869,46.283,3
263.123,261.598,7.7498,7.696,887.377,51.204,0
264.002,246.791,9.1955,8.6171,973.261,43.6205,2
262.596,247.335,5.7706,5.5019,606.023,46.5343,4
266.961,272.273,7.7668,7.4898,881.785,47.7494,0
266.255,248.553,5.5061,5.2682,577.923,45.9791,4
259.67,240.051,8.1536,7.7458,856.036,51.6467,2
261.699,203.943,8.672,8.2926,900.599,45.6749,1
258.391,243.513,9.1536,8.5689,957.044,46.3615,2
269.076,264.641,7.0866,6.8258,748.283,39.412,0
307.201,286.024,1.1268,0.5426,183.327,19.4138,4
263.984,206.938,8.9213,8.507,938.247,44.0274,1
259.914,199.879,8.6899,8.3921,913.987,47.7968,1
263.127,216.731,8.9104,7.7313,937.619,44.3042,1
274.29,269.674,4.4933,0.4829,709.479,22.0311,4
251.819,2.1413,9.1578,0.0473,959.391,51.1612,3
257.012,241.902,8.1516,7.6176,843.346,49.8132,2
257.84,2.1642,8.9769,0.0406,929.235,43.6092,3
267.929,288.221,4.475,2.1382,484.611,41.4777,4
263.8,271.953,8.0917,7.807,881.46,45.8745,0
301.902,350.603,2.9724,0.0989,492.722,14.5017,4
261.742,205.899,9.0806,8.6876,950.267,43.8695,1
287.065,275.165,6.4772,6.3593,713.737,31.1852,0
258.483,265.59,7.6445,7.33,863.989,50.0198,0
275.197,270.7,4.7856,4.5318,576.399,39.6711,0
255.181,2.1363,8.9389,0.0459,934.199,50.2872,3
255.215,239.629,8.5866,8.0005,931.144,54.324,2
264.816,204.277,9.2025,8.9756,989.343,44.4952,1
262.358,334.429,4.8825,0.3234,593.619,17.2759,4
268.921,209.916,9.0041,8.6272,960.732,42.2667,1
263.097,205.212,8.9859,8.6372,945.588,44.7563,1
264.041,2.0909,8.8631,0.038,925.436,43.9186,3
1.6251,273.615,0.107,8.812,967.737,46.6585,3
1.6208,275.954,0.1054,8.706,964.987,47.7345,3
279.065,277.48,4.0946,3.1939,444.457,36.3111,4
1.6015,272.173,0.1072,8.7628,966.568,50.4269,3
260.326,247.796,7.9345,7.3021,825.471,48.8655,2
296.451,263.286,5.8587,2.5945,700.563,21.5966,4
258.202,197.764,9.0943,8.8756,954.69,47.2871,1
263.16,268.428,8.8713,8.5371,925.131,44.2325,0
257.614,201.285,8.7865,8.3526,909.803,45.5825,1
1.6156,275.974,0.1127,8.6936,965.17,47.7534,3
254.158,264.759,8.8264,8.376,927.796,49.8219,0
261.86,246.345,9.074,8.4908,957.582,45.8808,2
267.513,268.112,6.6524,6.2817,700.391,42.1339,0
257.732,255.591,7.9096,6.8003,816.99,48.3438,2
265.717,2.1102,8.8569,0.0367,931.343,43.7323,3
312.087,303.293,2.2836,2.042,296.918,15.1155,4
266.791,267.566,4.7249,3.8483,509.973,45.5484,4
264.543,198.658,8.5898,8.4874,909.854,45.6199,1
258.603,202.1,9.1189,8.7664,948.924,45.4794,1
251.269,2.1273,9.2038,0.0479,961.902,50.812,3
279.65,282.265,3.4447,1.8172,382.39,32.449,4
267.765,208.04,9.0536,8.7242,959.45,41.5085,1
261.008,2.1014,8.2324,0.0415,853.86,43.634,3
251.672,196.87,8.8184,8.4211,914.807,53.0114,1
288.464,277.753,6.2671,6.6349,794.125,40.1905,0
260.831,246.246,9.225,8.5783,969.063,43.9635,2
266.394,245.184,9.0356,8.6539,961.419,42.198,2
277.291,288.452,2.9274,2.3775,337.41,34.9391,4
252.495,2.156,8.9557,0.0477,938.466,53.0436,3
258.909,200.023,8.7657,8.4426,909.155,46.1919,1
287.826,289.989,1.304,1.327,192.864,32.6764,0
262.711,202.839,7.9277,7.5949,825.357,43.5915,1
270.473,264.988,5.5044,5.2616,654.092,42.9191,0
264.542,256.37,6.3829,6.2231,680.246,46.0683,0
274.754,287.973,7.5789,7.1554,826.292,35.9367,0
274.365,265.802,7.1262,7.0023,767.667,38.8231,0
252.575,238.283,8.4796,7.8528,863.51,51.902,2
348.169,346.503,0.1826,0.0456,260.524,2.0452,0
264.006,201.224,8.9075,8.7445,954.137,46.9977,1
1.5952,273.582,0.1065,8.7162,965.012,50.4639,3
260.596,201.698,8.7125,8.3679,910.238,45.2057,1
248.693,230.737,9.2289,8.5896,982.556,53.8094,2
285.444,270.603,6.477,6.4341,716.63,32.9844,0
263.855,2.1071,8.7752,0.0427,922.855,43.2945,3
265.771,243.875,9.3202,8.8641,991.275,39.7905,2
266.767,204.537,9.0762,8.8783,962.805,42.5982,1
261.487,2.131,8.8468,0.0389,924.875,42.9561,3
285.477,284.432,7.7776,7.7458,884.531,28.9775,0
283.143,284.831,7.869,7.7667,888.562,30.9152,0
268.822,262.957,6.4905,6.2853,728.067,41.4627,0
284.109,279.296,0.8313,0.8329,100.141,19.3242,0
278.682,325.521,6.639,1.935,729.985,39.9099,4
291.686,270.158,4.9514,4.7682,536.556,26.4119,4
275.79,272.253,7.3787,7.1312,810.247,35.2659,0
262.094,207.012,9.1482,8.6795,957.578,43.7099,1
276.166,273.17,7.5751,7.5474,847.954,38.2639,0
272.432,293.513,6.4023,5.1759,667.763,36.3203,4
258.858,234.509,8.2268,7.9617,860.631,52.5553,2
265.931,250.101,5.2192,4.9719,545.137,45.8045,4
266.068,2.1275,8.85,0.0365,931.103,43.7323,3
280.825,315.538,0.3221,0.3316,149.88,23.6041,0
303.642,262.269,3.7956,5.0007,582.095,34.3649,4
250.664,232.7,8.9497,8.4056,963.338,55.7132,2
270.081,271.179,7.391,7.3076,833.566,44.8162,0
260.297,245.984,8.7682,8.1646,915.858,47.7346,2
265.573,204.85,9.1144,8.8451,960.49,42.2393,1
1.613,270.704,0.1112,8.7073,958.502,50.2237,3
288.41,277.856,6.254,6.1017,682.627,29.3877,0
281.553,286.754,1.1423,1.0859,129.86,21.6112,0
263.168,206.743,8.645,8.1959,895.705,44.2281,1
288.799,271.733,3.7155,3.4285,417.886,31.804,4
302.458,240.003,3.8525,4.6988,562.811,34.9062,0
275.678,245.631,8.6266,8.6009,948.664,41.6702,2
261.995,201.347,8.9926,8.7668,951.594,46.8904,1
278.628,304.725,5.2917,2.6112,563.661,35.9898,4
255.34,2.1502,9.0511,0.0522,968.817,52.1673,3
260.536,237.187,7.9672,7.7221,835.506,49.4118,2
263.064,2.095,8.1919,0.0404,855.16,43.4085,3
250.517,261.428,8.8028,8.3712,897.2,53.5902,0
260.448,278.918,1.8373,0.2503,312.407,32.4635,4
271.55,268.385,7.3583,7.0734,779.467,38.6878,0
266.132,204.702,9.194,8.9838,990.535,44.5262,1
267.877,263.105,7.6588,7.3829,829.89,39.2722,0
1.6398,269.707,0.0997,9.019,991.779,49.1873,3
265.921,272.714,8.0204,7.7828,876.913,45.7551,0
254.638,201.123,9.1302,8.5952,956.931,48.1558,1
310.491,284.011,1.1372,0.416,189.86,20.1182,4
297.473,178.674,4.6487,0.9871,678.974,27.1551,4
256.274,291.582,7.9178,5.7794,793.326,49.5608,4
272.806,294.692,4.4774,1.6886,481.761,40.1043,4
261.792,250.593,5.4897,5.1283,570.46,45.199,4
285.396,315.495,3.6093,1.8215,527.585,26.8716,4
249.749,258.474,9.1642,8.8044,928.257,52.326,0
258.921,198.309,8.7334,8.4552,913.853,47.9023,1
260.723,241.065,9.0484,8.5831,955.895,46.815,2
263.655,198.281,8.9491,8.8932,954.404,46.1325,1
250.61,2.147,8.935,0.0466,933.469,53.0278,3
261.064,248.315,9.2116,8.5368,961.331,42.2037,2
293.843,296.293,4.1909,2.7173,456.255,25.9878,4
266.83,2.1312,8.8197,0.0373,934.183,43.9159,3
261.182,246.932,8.726,8.0685,909.191,46.9433,2
255.149,239.382,8.9693,8.3124,935.988,48.663,2
291.48,293.247,4.1693,2.9209,456.51,26.8459,4
249.795,196.869,8.8777,8.4092,917.018,52.7674,1
273.478,279.111,8.0777,7.9175,882.711,37.4432,0
273.074,245.871,4.3046,4.0731,462.182,38.4314,4
283.559,263.714,4.4387,3.4518,655.132,19.0726,4
270.926,265.501,6.9197,6.7539,765.222,39.4697,0
266.309,203.913,9.118,8.8868,961.475,41.6636,1
1.6644,272.152,0.1043,9.0008,992.28,42.7796,3
288.752,233.012,2.9354,0.3716,339.907,27.9064,4
358.78,290.993,0.3584,7.0944,826.716,14.1045,4
267.573,2.0973,8.2458,0.0418,866.811,40.539,3
268.664,275.295,8.6966,8.4983,939.525,42.9048,0
1.6148,276.135,0.1086,8.6343,960.86,47.8476,3
256.94,233.647,8.9121,8.5381,941.609,49.5165,2
258.218,198.888,8.0419,7.7537,836.078,47.1773,1
266.321,206.725,8.825,8.5523,923.895,40.7157,1
251.703,196.218,8.8513,8.4733,918.612,52.1188,1
255.902,196.033,8.7089,8.4658,917.48,52.1833,1
261.969,201.578,7.9656,7.6638,828.03,43.824,1
265.476,265.682,7.861,7.7409,901.287,47.1328,0
255.603,200.966,9.1718,8.7808,954.19,47.1311,1
1.6135,270.506,0.1076,8.8172,966.455,49.4157,3
263.894,248.351,5.3488,5.1224,563.281,47.5953,4
253.499,256.868,8.5891,8.381,905.495,55.5951,0
262.035,203.559,9.305,9.0122,988.298,44.162,1
257.347,260.947,8.6067,8.378,892.925,51.433,0
295.225,284.806,4.9948,4.8564,620.935,28.4896,0
264.661,247.477,9.0604,8.4863,968.062,44.7776,2
320.461,295.134,0.3317,6.9115,806.811,4.0896,4
267.677,249.956,6.4004,6.2717,719.398,44.7849,4
1.6272,269.214,0.113,8.6205,930.676,48.2868,3
269.343,277.129,8.0794,7.7745,869.04,38.6371,0
271.887,263.438,5.4964,5.2807,606.579,44.7762,0
264.349,248.114,9.1498,8.5462,968.452,42.8126,2
293.637,265.319,2.8083,2.4786,325.615,29.3916,4
264.617,2.1159,8.7396,0.0409,925.215,43.3635,3
263.323,246.893,7.8555,7.3839,828.983,48.2179,2
272.675,276.975,7.4357,7.2439,826.542,40.9203,0
302.995,275.502,3.5047,4.248,519.406,26.5583,4
285.289,294.717,5.6947,4.5617,611.68,30.3916,4
258.587,255.483,6.6695,6.3839,698.505,47.8283,0
261.983,238.957,9.0212,8.6403,956.752,47.0598,2
275.078,327.098,3.7072,0.2226,489.04,26.3147,4
266.189,204.279,7.7991,7.5415,818.67,41.5684,1
249.321,234.339,8.7873,8.2073,933.087,54.561,2
282.874,282.391,3.9853,2.7979,440.522,36.1893,4
251.679,232.372,8.9686,8.4845,966.178,54.4199,2
255.335,198.182,9.1044,8.7135,959.026,49.2635,1
262.95,349.36,4.6143,0.123,571.434,19.4654,4
264.413,2.1036,8.2058,0.0432,858.297,42.4371,3
255.296,196.345,8.7314,8.4558,914.397,52.1694,1
277.518,284.851,7.7036,7.5099,843.038,35.0597,0
269.768,269.156,6.909,6.5835,723.145,38.1846,0
278.19,278.225,7.6365,7.5795,874.359,38.3458,0
258.157,205.649,9.1119,8.572,939.983,44.0335,1
272.329,256.632,5.7901,5.585,650.307,40.4351,4
276.127,298.901,6.2328,4.6591,659.818,36.2743,4
316.827,310.2,1.9571,1.703,270.609,14.7752,4
266.789,2.1695,9.0415,0.0437,958.625,41.998,3
276.117,307.521,4.5235,3.639,655.124,25.4814,4
247.178,226.267,9.14,8.6055,970.106,54.6264,2
255.353,238.678,8.2923,7.7836,855.249,51.7405,2
263.889,248.115,5.364,5.1334,563.692,47.3219,4
251.012,256.053,9.0294,8.7671,911.606,53.6425,0
284.191,296.655,5.6819,4.5392,613.937,30.8715,4
264.864,274.561,8.6328,8.2496,923.734,45.0766,0
310.387,244.173,2.1143,2.3926,340.611,28.1936,4
263.969,243.84,8.994,8.5441,944.771,43.4639,2
266.407,243.96,6.2668,5.9782,662.052,42.4504,4
263.062,205.68,9.1827,8.7966,961.883,42.1031,1
259.935,205.666,9.3876,8.9403,988.275,43.9645,1
264.713,288.26,0.5045,0.2172,238.761,32.1461,4
282.674,286.663,5.7029,4.9778,620.607,34.254,4
288.156,268.213,4.8295,4.6004,519.442,29.896,4
264.16,2.092,8.9007,0.038,931.328,44.0903,3
259.599,243.66,8.5458,7.9336,882.029,44.4174,2
255.677,240.42,8.9469,8.2685,935.5,48.6095,2
251.11,195.352,8.8633,8.5157,918.659,52.3246,1
268.186,208.788,8.7698,8.4779,923.836,40.7157,1
287.803,308.222,5.5225,3.2311,596.491,28.4157,4
263.453,2.1691,9.0808,0.0477,956.002,43.0049,3
267.886,207.299,8.7061,8.461,922.676,41.9942,1
265.55,2.108,8.8654,0.0361,931.399,43.4659,3
253.658,232.953,9.0922,8.531,983.374,52.8435,2
256.41,198.184,8.0684,7.7443,832.49,47.3007,1
259.277,198.038,8.9992,8.7608,957.337,48.0403,1
251.66,231.594,8.9156,8.4405,962.972,55.8241,2
314.1,326.691,1.9723,0.2042,364.932,17.7825,4
265.473,204.96,7.8281,7.5107,831.665,45.5408,1
258.236,241.918,8.7321,8.1859,902.758,47.3695,2
281.152,273.809,5.8729,5.668,703.12,35.6289,0
256.848,2.1358,8.8831,0.0459,933.654,50.2638,3
293.779,251.219,4.5344,1.1333,660.564,19.4091,4
247.286,231.704,9.2012,8.495,981.102,55.8654,2
260.543,203.052,9.0531,8.7174,948.991,46.0245,1
259.437,203.094,9.0836,8.7395,947.084,45.049,1
268.895,265.687,7.7212,7.6896,888.759,46.0402,0
276.666,261.435,0.82,0.652,101.469,33.9001,0
253.138,2.1617,9.1207,0.0489,967.314,51.8364,3
258.616,209.265,9.1085,8.4535,945.573,44.9438,1
280.514,267.652,3.5119,3.0341,399.408,37.3704,4
1.6421,272.456,0.106,8.976,992.539,48.6118,3
261.367,201.847,8.6567,8.3247,904.078,46.3482,1
258.146,236.304,9.0067,8.5846,973.516,50.5104,2
285.835,286.95,7.6683,7.6115,877.251,31.8383,0
259.719,274.985,9.1486,8.6595,958.995,45.629,0
273.809,265.214,6.3613,6.1534,696.348,40.7946,0
305.192,298.468,2.8137,0.6799,324.255,20.0109,4
261.84,203.58,9.3335,9.0257,988.826,43.9691,1
262.511,200.727,8.6605,8.4,915.67,46.9888,1
264.727,270.832,7.2065,6.9403,837.292,48.3571,0
265.701,269.355,7.6243,7.412,878.331,47.3616,0
267.835,269.766,7.7095,7.6015,869.099,45.5728,0
280.412,280.253,6.5808,6.2989,723.989,30.2901,0
255.764,196.425,9.0971,8.8139,957.518,48.0887,1
262.894,243.673,8.5799,8.1132,898.853,46.4891,2
248.73,236.496,8.7995,8.1153,932.39,54.5714,2
265.757,246.803,9.3144,8.7509,989.545,39.3024,2
259.488,202.484,9.3958,9.075,988.98,43.9604,1
255.984,203.026,9.1053,8.6112,948.741,47.6232,1
256.621,199.045,9.0727,8.6904,956.966,48.1496,1
267.967,262.091,7.0607,6.8905,748.237,44.6313,0
262.234,238.496,7.9198,7.6924,835.924,48.7543,2
250.657,227.697,8.9479,8.546,962.468,55.4263,2
263.996,239.297,8.449,8.1593,882.947,42.8968,2
262.113,202.158,7.9578,7.6319,828.181,43.7346,1
306.158,238.937,2.7175,3.1135,416.919,29.4511,4
306.565,242.536,2.2623,2.5516,357.151,30.1425,4
333.356,318.761,0.3489,0.1608,283.175,12.9897,4
272.151,249.024,8.7597,8.483,951.233,41.8353,2
255.146,238.941,8.9628,8.3162,936.09,48.9448,2
282.555,271.399,5.9724,5.8745,653.26,35.069,0
260.401,199.557,8.6913,8.4288,904.797,46.3982,1
259.312,200.786,8.7345,8.3856,903.264,46.235,1
264.162,209.871,9.163,8.662,963.644,42.4806,1
1.6224,274.368,0.1093,8.8113,966.52,44.6071,3
261.665,242.255,8.6583,8.2139,905.842,46.6316,2
265.346,2.1172,8.8642,0.0367,930.512,43.4115,3
264.815,200.625,8.91,8.7592,936.203,44.2571,1
260.701,203.546,9.3497,9.006,988.668,44.5862,1
260.826,316.751,7.5588,2.3005,804.177,51.6149,4
270.465,265.214,6.0138,5.7733,712.331,44.118,0
245.205,230.926,9.1524,8.4459,970.824,56.1313,2
266.604,260.569,7.3818,7.1282,776.093,42.0123,0
286.179,292.013,7.4888,7.2646,854.552,24.8891,0
312.002,300.433,2.1889,1.5982,457.062,24.5709,4
256.197,197.84,9.0457,8.692,960.247,50.5875,1
269.442,272.302,7.4591,7.2887,856.771,44.1155,0
262.671,272.415,7.684,5.9528,803.237,46.1021,2
270.808,257.087,5.4936,5.1863,571.727,39.7326,4
261.651,246.66,7.9134,7.3801,827.963,48.0634,2
271.29,262.947,6.1191,5.9191,721.935,42.8469,0
259.774,238.955,8.8418,8.3494,933.82,47.9084,2
318.608,346.37,1.7456,0.1522,295.946,18.9822,4
1.6415,271.094,0.1052,8.9928,992.773,49.1218,3
257.965,200.656,8.7782,8.3827,914.092,47.3334,1
260.644,264.809,7.8054,7.5683,880.643,50.1162,0
284.653,242.359,4.6879,1.8216,666.142,26.2879,4
263.124,245.643,9.1415,8.6041,969.843,44.748,2
270.829,248.413,8.7973,8.4942,950.355,41.9981,2
273.049,260.916,5.2461,4.9113,547.522,38.4702,4
257.293,267.517,9.3197,8.8756,991.537,47.5683,0
323.806,330.23,1.7228,0.2256,300.259,16.4267,4
271.086,276.212,7.5688,7.3144,828.16,41.8154,0
282.155,286.495,7.7572,7.5508,858.422,30.9769,0
1.6532,266.294,0.1028,9.0479,988.034,50.0685,3
260.862,244.992,8.7281,8.1536,908.93,46.9147,2
249.651,232.011,9.0329,8.4341,973.028,56.5031,2
1.6156,265.573,0.1144,8.6822,934.096,47.5213,3
266.612,2.1127,8.848,0.0346,934.579,43.8575,3
272.149,265.283,5.5379,5.32,660.089,41.9769,0
265.283,202.303,9.1343,8.9216,959.033,41.7294,1
280.619,280.911,7.4419,7.3025,855.917,32.9967,0
260.825,264.83,7.567,7.3665,859.586,51.236,0
255.668,200.265,8.71,8.288,912.874,51.9742,1
263.304,243.041,9.4007,8.9062,992.87,40.2585,2
269.351,286.648,3.9462,1.8887,434.179,39.3957,4
276.88,271.03,7.0202,6.8637,775.166,35.8276,0
255.905,194.051,8.7254,8.5638,920.389,52.8559,1
266.799,255.152,6.8017,6.7805,767.581,47.4173,0
262.024,204.057,9.0523,8.7165,955.989,46.3938,1
255.483,2.1382,8.9414,0.0427,935.127,50.0044,3
268.624,209.599,9.0137,8.6424,960.999,42.2667,1
271.7,313.026,4.7602,2.825,640.953,24.1242,4
245.811,229.105,9.0719,8.4992,964.378,56.5753,2
262.901,240.534,7.8959,7.626,836.762,48.7531,2
254.95,237.399,9.1379,8.5252,969.375,50.0946,2
257.34,265.358,7.9317,7.6369,871.053,50.6617,0
246.087,233.445,9.1434,8.4182,968.505,55.4441,2
281.396,311.441,7.2337,5.3803,785.539,31.7704,4
266.339,205.185,8.9331,8.7159,948.763,43.7828,1
264.931,317.169,5.9138,1.2018,650.776,47.7403,4
286.272,288.226,7.5816,7.4927,851.712,30.9325,0
264.931,296.862,6.0778,3.2323,635.808,45.0091,4
283.179,278.44,1.8067,0.9174,216.658,36.1939,4
1.2575,278.842,0.1069,8.6847,965.7,43.7344,3
267.351,205.323,9.0857,8.873,964.308,42.1618,1
311.112,285.227,0.5031,6.7265,800.444,11.6915,4
270.174,272.961,7.0646,6.6947,766.7,35.5466,0
267.751,204.913,7.74,7.5023,817.55,41.5393,1
269.706,276.825,3.9121,2.8376,413.96,36.1679,4
1.5981,269.855,0.1076,8.5503,929.744,51.06,3
251.175,233.794,8.7869,8.1421,939.58,53.6056,2
259.147,243.563,8.6318,7.9869,891.334,45.2824,2
260.665,242.745,8.7342,8.2488,907.934,46.6649,2
1.6116,272.826,0.1114,8.8471,966.534,46.5355,3
266.139,248.48,9.3622,8.7698,991.291,38.1641,2
255.138,235.929,9.0558,8.5417,970.507,51.5747,2
265.15,204.493,9.2233,8.9942,990.971,44.7341,1
253.333,2.1424,9.1144,0.0499,958.857,51.1822,3
278.014,281.945,6.3425,6.1684,752.16,38.093,0
352.878,330.454,0.1686,0.0476,245.018,0.7209,0
265.929,205.064,9.1071,8.8357,959.756,41.5172,1
264.366,2.115,8.9011,0.0358,934.692,43.8278,3
258.323,302.753,7.7309,4.5547,814.644,48.4407,4
266.563,248.085,8.9825,8.4859,943.219,41.4457,2
257.262,241.214,8.254,7.7054,857.211,51.6941,2
274.553,271.384,6.8638,6.6145,747.982,34.8168,0
308.399,292.211,0.3287,7.0062,819.878,10.8055,4
1.6136,267.013,0.1139,8.7846,958.401,52.2565,3
260.646,265.667,8.7142,8.436,917.458,46.7805,0
262.381,241.794,7.9027,7.5751,829.99,48.1396,2
249.055,253.2,9.0508,8.8596,918.902,56.617,0
261.264,320.877,7.4613,1.0257,786.185,48.7459,4
263.064,205.86,8.6306,8.2088,893.624,43.7909,1
282.79,251.891,3.1519,3.0207,348.626,29.1151,4
261.359,270.383,8.3036,7.949,862.706,45.5946,0
262.593,2.1635,9.1136,0.0461,955.183,42.8808,3
289.214,252.81,3.1523,2.9821,354.671,31.7494,4
358.035,345.723,0.1763,0.0473,267.982,1.9667,0
253.432,197.284,9.151,8.7666,956.459,48.1309,1
1.6215,271.043,0.1117,8.7958,960.464,47.6475,3
259.765,238.272,8.091,7.7708,847.59,50.647,2
275.787,310.974,6.9752,3.8421,765.328,37.3444,4
259.438,198.562,8.9758,8.714,956.053,48.2133,1
1.6264,275.175,0.1118,8.8147,966.771,43.7755,3
257.712,265.754,9.1168,8.7625,975.835,48.2612,0
263.816,241.949,9.1106,8.7046,971.075,45.6797,2
262.163,252.869,7.8006,6.9565,819.903,48.6653,2
259.227,200.536,9.0109,8.7105,947.828,47.8536,1
246.352,256.436,9.1994,8.7897,934.128,58.1344,0
265.683,247.186,9.0085,8.5209,942.838,41.4192,2
254.056,2.1343,9.0429,0.0481,959.006,51.9618,3
248.183,226.596,9.1714,8.666,984.966,56.2629,2
264.03,246.676,9.1293,8.5955,961.318,42.2497,2
262.574,206.753,8.9909,8.5551,936.332,43.8492,1
262.683,204.689,8.6503,8.2794,897.023,44.6897,1
272.276,270.005,7.4477,7.4287,879.905,45.6666,0
275.914,266.409,6.1044,6.0016,744.444,42.6033,0
251.365,234.831,8.8102,8.2485,947.39,55.3783,2
291.993,256.437,3.7959,3.609,413.527,26.205,4
276.288,275.332,6.5041,6.2827,717.648,32.6635,0
1.6259,268.707,0.1133,8.5845,929.064,49.5588,3
275.497,271.787,6.454,6.2445,712.91,36.685,0
250.484,237.103,8.488,7.8485,858.093,51.9068,2
247.716,230.56,9.0563,8.4428,970.523,55.9689,2
264.007,350.749,4.7253,0.1185,581.679,18.3492,4
269.296,2.093,8.1799,0.0421,865.642,39.903,3
256.352,235.413,9.0278,8.5872,970.579,51.2665,2
294.583,284.625,2.6599,1.0246,311.112,28.9885,4
320.603,276.435,2.0707,1.5615,343.929,18.3747,4
288.22,293.531,0.3041,0.6651,121.141,23.4761,4
264.676,243.766,8.5649,8.1693,905.665,46.5966,2
268.695,269.23,7.2235,7.1033,849.866,45.0186,0
276.973,268.89,6.0617,5.8669,652.738,38.5172,0
1.6463,270.879,0.1092,9.0043,991.071,48.9891,3
264.532,201.299,9.2726,9.1495,988.896,42.6615,1
269.695,300.388,4.4137,0.675,467.94,38.8129,4
263.62,2.104,8.854,0.0355,923.71,43.7366,3
307.247,252.629,2.4071,2.768,381.435,32.4973,0
265.963,244.674,9.0492,8.663,961.371,42.2392,2
279.529,283.552,2.2584,0.9443,263.125,37.7527,4
256.252,234.809,8.3275,7.9439,860.286,52.5709,2
261.757,199.485,8.9863,8.8154,953.578,46.9531,1
251.212,2.1489,8.9512,0.0484,936.563,53.6793,3
253.436,194.84,8.7702,8.5112,912.564,52.0117,1
250.438,255.245,9.1467,8.8774,968.846,52.1838,0
249.66,2.1668,8.9702,0.0435,935.888,53.6078,3
304.405,307.451,0.9524,0.4695,156.502,19.3858,4
258.555,196.848,8.0344,7.8171,836.019,47.1773,1
269.139,262.506,5.9744,5.7607,704.485,43.9612,0
263.884,245.127,9.3842,8.82,990.251,39.623,2
258.643,200.499,8.9936,8.6121,955.701,48.3727,1
250.533,234.23,9.139,8.4286,982.695,54.8731,2
270.132,245.741,4.1012,3.8261,442.216,37.9,4
283.671,283.536,7.5318,7.5196,873.275,35.5584,0
255.439,199.85,9.089,8.6173,959.773,50.1021,1
258.634,196.52,8.7559,8.5423,914.674,47.3203,1
262.019,268.844,8.6854,8.3386,930.728,44.6537,0
1.6194,274.682,0.1106,8.8062,966.122,46.1916,3
261.989,202.891,8.6214,8.2742,905.142,46.4726,1
265.283,247.979,5.1279,4.8976,534.816,42.7544,4
1.6093,275.069,0.1057,8.6741,966.445,50.4615,3
269.773,245.386,8.931,8.6514,962.534,42.254,2
260.848,2.1103,8.9692,0.0375,929.319,43.6071,3
1.6105,267.062,0.1085,8.6997,935.574,47.8369,3
249.506,261.84,8.2138,7.7447,816.376,55.0031,0
1.6203,274.929,0.1123,8.4532,931.017,48.3066,3
278.953,276.894,7.4286,7.3896,841.748,38.4724,0
259.444,199.0,8.7016,8.4326,907.528,46.2754,1
262.691,0.8802,9.1565,0.0475,959.188,42.0378,3
268.788,204.198,8.7272,8.636,922.395,41.0169,1
289.625,255.59,3.0429,2.8386,337.263,32.1694,4
288.967,342.532,2.1498,0.0657,351.056,9.8747,4
258.287,197.872,8.0298,7.7717,833.179,47.1362,1
265.352,244.632,9.3455,8.8514,992.037,40.3033,2
1.6102,271.258,0.1128,8.7791,958.759,45.7774,3
270.74,284.516,3.6676,2.0243,409.171,40.1632,4
267.346,207.717,8.4466,8.0806,892.282,43.9454,1
288.213,268.425,4.0511,3.8211,514.613,29.4519,4
276.137,301.992,4.5798,1.6211,487.087,34.8045,4
270.289,244.101,4.3818,4.1396,466.032,38.8292,4
263.641,221.167,8.5874,8.6383,892.839,44.0242,2
274.085,275.65,7.6212,7.4793,850.142,38.9098,0
273.647,258.287,3.5864,3.0324,395.132,37.7128,4
246.015,235.15,9.1418,8.339,964.646,54.0196,2
260.286,266.006,7.7437,6.1447,803.898,46.5543,2
260.499,199.717,8.5575,8.3489,911.539,51.2929,1
273.702,272.112,7.2868,7.0184,801.182,36.1102,0
1.591,271.151,0.1095,8.5614,928.986,50.1914,3
265.095,246.357,9.0434,8.5335,949.693,42.2463,2
252.414,237.351,8.4296,7.8411,858.072,51.9144,2
256.506,195.374,9.0857,8.8625,958.34,48.0828,1
252.914,199.849,9.1616,8.6489,956.438,48.1263,1
256.168,194.283,8.6909,8.5302,918.236,52.6813,1
1.6091,268.589,0.1095,8.561,929.434,50.6956,3
260.33,266.048,8.8964,8.6207,939.2,46.0058,0
280.52,301.264,6.9778,5.4598,781.328,38.0846,4
265.618,2.1644,9.0251,0.0466,957.227,42.6416,3
258.116,236.236,8.0971,7.7983,843.96,50.5263,2
1.6049,271.443,0.111,8.5556,928.953,50.1738,3
1.6437,269.598,0.1057,9.0368,988.885,43.9432,3
258.955,261.248,8.9669,8.7807,961.585,49.8415,0
255.589,197.913,8.7271,8.4027,919.295,52.6113,1
263.187,242.696,9.1142,8.6487,969.559,45.5252,2
275.607,280.885,5.3489,4.5405,586.336,41.0709,4
263.641,201.203,7.9065,7.6707,830.273,45.0194,1
268.069,265.703,6.8029,6.5389,720.523,44.4453,0
262.592,198.26,8.6566,8.5007,916.65,46.9818,1
263.475,243.854,9.0219,8.5655,957.049,45.724,2
253.322,232.356,8.9825,8.5263,938.013,50.6,2
261.763,243.729,9.2635,8.7178,973.295,43.1159,2
279.189,289.789,3.8333,1.8593,419.287,36.8703,4
271.191,268.804,7.6025,7.5698,886.157,46.4232,0
272.918,277.066,6.3533,6.1557,754.742,43.8879,0
262.994,345.989,4.7632,0.1358,589.819,20.3311,4
287.255,322.254,5.2748,1.1129,567.537,30.9859,4
264.052,2.1686,9.0176,0.0439,950.468,43.2534,3
281.079,270.924,0.9346,0.4076,157.235,24.1708,4
250.506,230.577,8.9529,8.4394,969.774,56.0331,2
315.697,250.005,2.9181,3.8364,473.14,25.7388,0
270.332,255.135,5.6176,5.3192,587.219,40.4716,4
265.521,269.9,4.2935,4.1765,492.925,16.3805,0
282.282,352.461,3.2751,0.0959,474.28,13.7616,4
1.6531,266.722,0.1058,9.1234,994.891,49.4953,3
319.667,328.509,1.8645,0.2239,319.996,20.4848,4
260.507,271.866,8.6054,8.1695,887.71,43.7998,0
279.343,354.197,3.3862,0.088,469.773,12.1222,4
255.398,237.855,9.1189,8.5011,969.196,50.0946,2
257.232,197.354,8.6604,8.4151,915.346,52.1759,1
1.6395,267.75,0.1047,9.1002,993.973,49.553,3
277.911,236.619,5.3902,5.2811,618.51,38.8518,4
1.6045,275.472,0.116,8.656,960.988,47.8002,3
254.926,195.93,8.7313,8.4775,913.415,51.9645,1
262.897,2.101,8.2156,0.0427,855.756,42.9003,3
256.398,197.401,9.072,8.7466,959.994,49.8126,1
280.944,261.71,4.4408,4.1961,473.529,35.1778,4
254.586,196.766,9.0657,8.7455,956.237,49.9803,1
263.599,202.524,7.9039,7.6174,824.831,43.0431,1
315.898,258.325,2.3038,2.7457,379.109,23.5851,0
254.115,199.675,9.0926,8.6311,957.391,49.8255,1
250.996,227.558,9.1279,8.6718,983.161,54.5551,2
311.116,327.974,1.5973,0.2158,272.022,14.2404,4
293.702,325.107,2.0836,0.2391,365.486,18.5165,4
260.938,267.09,7.7366,6.0245,802.674,46.0381,2
267.151,2.1008,8.2534,0.0436,865.979,40.0842,3
1.6401,269.602,0.1116,8.6013,931.071,48.2927,3
257.225,298.91,7.6659,4.4312,773.904,50.6698,4
255.898,197.949,8.7025,8.4025,913.698,52.3239,1
318.144,238.961,1.9267,2.1849,323.537,18.0636,4
1.6105,270.79,0.1068,8.5037,928.647,50.4585,3
264.54,208.052,8.8707,8.502,923.942,40.7837,1
283.3,290.013,7.6429,7.4323,851.085,31.6022,0
268.873,297.436,8.1321,6.778,852.655,41.7089,0
255.615,237.472,8.9295,8.3867,941.059,50.3046,2
257.034,262.223,8.1595,7.8959,870.427,50.7189,0
282.133,292.406,0.8589,0.8282,134.596,29.9071,0
261.838,2.1698,9.1263,0.0452,956.193,43.0049,3
309.715,286.985,1.2743,0.4469,209.993,20.7107,4
263.69,243.319,8.4458,7.9741,885.33,44.4588,2
248.264,223.852,9.1616,8.7471,982.276,56.5206,2
249.659,234.012,9.261,8.6164,970.408,51.0522,2
251.905,2.1516,9.1635,0.0475,962.562,50.6043,3
313.576,266.604,2.1652,2.0285,359.865,22.9093,4
255.035,257.472,8.6359,8.4704,911.484,50.4266,0
1.6043,271.173,0.1076,8.5612,928.692,50.1679,3
284.016,284.435,7.8483,7.7367,882.747,27.6593,0
300.02,283.326,0.9783,0.3549,170.169,18.7051,4
264.367,2.1295,8.9128,0.0363,934.002,43.9275,3
268.085,206.366,8.4511,8.1891,893.933,43.826,1
251.677,237.305,8.7447,8.1149,936.753,54.9214,2
255.301,235.776,8.9534,8.4461,936.199,49.1901,2
260.127,203.798,8.9853,8.5823,947.63,47.3817,1
256.489,235.556,9.0482,8.5619,970.161,51.073,2
261.805,206.749,9.3611,8.8992,989.645,44.4136,1
308.829,230.562,2.6764,3.2913,413.78,28.5526,0
249.92,232.517,9.1903,8.5171,983.085,53.9285,2
303.385,239.395,2.3263,2.5973,361.67,30.8314,4
255.293,235.612,8.3666,7.9289,861.444,52.4158,2
255.763,254.652,7.2274,6.8546,722.016,50.8974,0
257.431,2.1436,8.9882,0.0489,962.015,51.1109,3
264.721,308.827,8.1456,5.3459,848.061,41.794,4
258.751,242.093,8.6394,8.0458,890.749,45.3426,2
275.568,275.267,3.3002,0.9586,368.58,36.8672,4
263.961,2.1117,8.9201,0.038,932.854,43.9696,3
275.911,266.837,6.3031,6.0999,678.85,39.1981,0
263.743,235.927,8.4275,8.1951,882.739,44.05,2
263.348,306.106,7.8166,4.7638,821.511,46.8745,4
270.528,245.939,8.7848,8.5846,950.89,41.9534,2
252.643,291.15,8.032,5.767,793.024,49.5227,4
261.476,241.492,9.029,8.5677,957.439,47.0863,2
288.465,294.602,5.5875,4.6896,614.252,31.1256,4
264.671,2.1019,8.7774,0.0381,923.156,43.2095,3
286.768,292.063,0.3148,0.5366,107.212,24.202,4
279.43,311.108,6.8908,4.1686,764.896,38.1102,4
254.383,234.486,8.9819,8.4867,935.102,49.213,2
271.3,244.587,3.7654,3.5698,414.352,39.3855,4
284.384,278.567,6.2612,6.0123,670.553,28.0306,0
263.422,200.44,9.265,9.1277,985.596,43.4243,1
276.256,208.588,0.8986,0.8332,106.404,28.326,4
286.087,254.72,3.9662,3.8139,438.729,31.1477,4
299.957,261.36,3.2514,3.5745,469.599,37.1017,0
269.417,297.78,4.246,1.1828,455.78,38.6661,4
253.585,261.972,9.0302,8.7072,933.122,54.4359,0
265.327,2.1823,9.072,0.0489,958.227,42.0749,3
274.147,322.569,6.6099,2.1672,732.603,42.8523,4
265.083,203.636,8.916,8.7141,949.534,45.464,1
260.151,262.323,4.0141,3.9508,473.318,14.0031,0
266.264,2.0927,8.0831,0.043,855.011,43.4264,3
261.132,244.903,5.3121,5.0867,554.752,48.3303,4
275.895,290.354,4.8162,3.1963,528.87,37.8702,4
252.544,198.416,8.8232,8.3884,913.202,51.7542,1
260.358,238.096,8.5487,8.1485,891.317,46.8735,2
259.733,2.0148,8.924,0.0399,929.285,43.728,3
1.62,270.589,0.1108,8.8126,960.248,47.3354,3
265.909,261.118,7.0912,6.8902,743.531,43.1216,0
248.613,230.456,9.0583,8.4853,972.473,56.5783,2
292.109,277.182,4.2562,3.86,468.409,28.4707,4
279.929,261.087,5.5724,5.3339,586.831,34.5139,4
299.862,299.121,2.0209,0.1155,304.223,19.1053,4
286.155,274.854,5.8789,5.7518,633.608,29.6921,0
258.13,195.879,8.7562,8.5409,912.748,47.6482,1
270.617,266.944,7.6631,7.6764,892.258,45.2127,0
260.957,204.802,9.3512,8.9579,991.072,45.0206,1
275.081,277.929,7.3387,7.2639,818.079,40.337,0
247.914,225.178,9.1404,8.6664,976.355,55.5261,2
261.922,242.445,9.0041,8.5126,955.908,47.3428,2
256.907,234.788,8.1443,7.8392,842.935,50.498,2
253.776,195.824,8.7928,8.5095,911.576,51.4887,1
265.733,205.634,9.1148,8.7973,959.662,41.9449,1
268.303,243.397,8.9967,8.7043,968.836,44.2239,2
251.491,261.142,8.7874,8.3588,921.359,52.3529,0
309.661,282.828,1.3188,0.4709,219.93,20.991,4
261.782,2.0986,8.225,0.041,854.97,43.4831,3
262.369,245.946,9.2507,8.6629,972.689,42.8861,2
284.7,258.321,4.5281,4.3958,490.111,35.6547,4
268.22,205.289,8.4552,8.2382,894.387,43.9479,1
263.948,2.1563,9.1181,0.0479,957.485,42.0842,3
321.271,287.366,0.5481,6.7084,807.178,11.6824,4
272.166,293.692,4.2244,1.3198,459.515,39.0529,4
292.235,253.404,3.2015,3.0682,363.552,31.072,4
291.951,301.526,3.9622,1.6742,435.52,26.7374,4
320.875,253.91,2.5049,3.2322,408.16,21.5385,0
251.62,199.066,8.8417,8.3378,916.978,52.4069,1
268.48,203.83,7.7355,7.5653,823.159,42.6435,1
257.852,241.074,8.0594,7.6098,834.492,49.1,2
256.093,194.853,8.6985,8.5143,913.051,51.9442,1
265.648,278.398,9.142,8.7954,966.311,42.6627,0
1.6426,268.053,0.1037,9.0198,989.303,49.8483,3
308.633,332.019,0.2233,0.1204,242.003,10.2605,0
259.946,243.143,9.0722,8.4973,957.391,47.2075,2
248.676,232.844,9.0675,8.4711,967.871,54.6719,2
269.334,276.776,7.4727,7.251,815.906,40.2277,0
264.582,206.551,8.794,8.4502,922.448,42.6605,1
285.179,274.687,6.7125,6.5502,731.653,29.538,0
1.6143,275.456,0.1115,8.6567,959.092,46.7583,3
246.838,230.515,9.2049,8.5148,975.033,55.4058,2
258.224,197.288,8.7505,8.4944,914.126,47.8794,1
273.948,259.812,5.1296,4.8271,536.988,35.6345,4
254.919,241.294,8.2257,7.6453,844.974,50.4921,2
262.882,201.844,9.3088,9.0991,987.089,42.8032,1
252.529,194.654,8.8183,8.5223,916.665,52.3935,1
277.444,259.939,5.5319,5.2839,575.693,34.0766,4
289.522,244.533,3.1756,3.0587,364.191,29.1668,4
292.936,282.397,0.7267,0.5083,105.572,19.6164,4
258.569,234.783,8.7963,8.4308,938.278,50.8655,2
1.6188,271.545,0.1056,8.7935,966.396,49.1604,3
256.033,244.127,8.7682,8.0783,898.194,46.4855,2
263.72,206.713,8.6128,8.1854,897.699,44.8634,1
264.464,2.1145,8.8931,0.0381,931.353,43.4374,3
257.63,236.876,8.9129,8.4303,933.153,47.3057,2
1.5947,274.788,0.1127,8.4121,929.046,50.7294,3
249.302,231.24,9.1843,8.5516,982.782,54.6669,2
250.613,222.646,9.0499,8.7644,980.837,56.6431,2
263.629,2.1074,8.7959,0.0402,923.737,43.4467,3
275.191,276.703,7.4366,7.3241,866.365,41.0302,0
1.6187,269.663,0.1104,8.8327,966.175,49.8419,3
250.951,2.1499,8.9473,0.0446,934.48,53.0485,3
261.182,237.962,8.5138,8.1251,892.347,47.5256,2
261.47,266.047,7.0742,6.8344,784.506,50.1493,0
263.999,209.536,9.1582,8.6214,961.344,42.079,1
253.098,257.776,8.4439,8.1984,911.275,53.0267,0
304.875,260.408,3.8029,5.0274,581.531,34.6416,4
250.412,197.007,8.8298,8.3774,914.928,52.8089,1
256.47,203.919,8.7906,8.2238,904.612,46.3977,1
257.372,234.365,8.2659,7.9509,858.959,52.2477,2
247.698,235.901,8.6247,7.9221,914.073,55.5106,2
1.6277,274.14,0.1046,8.6992,960.1,47.5997,3
265.125,296.569,6.1384,3.4958,645.234,44.712,4
254.991,194.946,9.0073,8.7832,950.727,50.111,1
252.012,2.1513,9.1794,0.0469,965.469,50.7192,3
1.6192,272.859,0.1127,8.7457,961.258,47.8631,3
254.564,2.1513,9.1028,0.0486,964.612,50.9339,3
283.83,303.973,5.6145,3.5112,601.106,30.1455,4
266.342,204.849,8.875,8.6399,930.3,42.0035,1
284.253,286.841,5.4563,5.1198,598.833,26.826,0
1.5993,267.972,0.1174,8.7708,958.567,52.8952,3
253.591,195.005,8.8132,8.5397,920.199,52.8696,1
316.685,251.674,2.3169,2.9531,377.336,20.3323,0
277.606,259.274,5.32,5.0977,559.671,36.0877,4
1.6211,268.562,0.1151,8.7827,957.704,49.4311,3
273.815,264.545,3.5498,2.7203,391.894,37.4192,4
272.987,246.127,4.0376,3.836,439.979,39.6032,4
302.969,351.114,2.9301,0.0955,487.516,14.083,4
265.885,244.027,9.0855,8.6752,968.99,43.493,2
278.732,260.504,5.5769,5.4224,614.904,32.5313,4
265.142,204.468,8.8182,8.5925,922.707,41.7532,1
262.324,2.1741,9.1089,0.0453,954.991,42.7289,3
251.037,232.467,9.2161,8.5714,989.342,52.6495,2
275.631,257.509,4.5195,4.2132,498.284,41.271,4
263.702,205.135,9.2641,8.9656,989.255,43.7894,1
263.113,246.488,9.1703,8.6242,963.137,42.3684,2
277.099,322.445,6.8236,2.4933,750.169,38.4972,4
253.512,197.7,9.1515,8.7184,961.09,50.1979,1
1.6068,265.933,0.1106,8.8054,958.526,52.3511,3
267.353,274.24,8.2404,7.924,879.77,39.8336,0
274.781,257.013,3.8349,3.5563,423.992,40.4271,4
263.778,2.113,8.3793,0.0418,867.5,40.5162,3
273.397,302.03,6.2706,4.3135,654.789,36.171,4
259.641,243.627,9.2129,8.6311,967.683,44.4057,2
256.628,240.238,8.2439,7.7215,853.861,51.4388,2
247.112,232.222,9.1174,8.4882,970.225,54.9437,2
273.784,288.592,2.7994,0.9789,314.475,39.2647,4
258.658,240.131,8.0749,7.6482,837.888,48.8582,2
261.96,2.1185,8.8475,0.0408,924.519,42.7617,3
279.479,284.58,1.1578,1.1013,129.765,21.5641,0
256.842,198.393,8.6845,8.3783,917.209,52.3403,1
256.003,238.924,8.2901,7.7927,858.431,51.7721,2
264.392,203.025,8.9247,8.7179,949.087,46.067,1
288.885,289.433,7.6666,7.5716,879.133,27.0544,0
264.437,205.26,8.9759,8.6893,946.924,44.2784,1
254.593,203.924,9.2502,8.7378,955.559,46.7565,1
261.194,2.1788,9.1587,0.0452,953.698,42.1482,3
1.5875,271.453,0.1056,8.5372,926.203,50.374,3
268.776,283.612,4.7999,2.9314,501.966,39.5364,4
260.92,2.1166,8.8824,0.0393,925.367,42.8104,3
257.18,199.03,8.8007,8.459,914.089,47.2914,1
287.676,242.699,3.2204,3.1035,367.081,29.3022,4
253.001,231.689,9.0383,8.5296,981.732,54.9221,2
266.477,2.1008,8.8588,0.0374,934.155,43.7656,3
268.484,2.0924,8.755,0.0374,930.874,44.0653,3
257.949,245.564,8.0105,7.3493,825.714,48.7765,2
255.067,199.007,9.0747,8.6769,952.799,48.5912,1
262.929,2.1001,8.8185,0.0425,923.302,43.033,3
265.959,296.174,6.0263,3.5371,627.911,42.0989,4
280.314,342.008,2.4514,0.0845,380.719,15.9096,4
261.933,273.744,8.8531,8.5054,934.346,44.3216,0
250.015,237.613,9.227,8.4991,971.422,51.3832,2
265.779,242.512,9.3372,8.9288,993.491,40.1819,2
258.9,242.408,9.1107,8.5246,958.426,47.1469,2
255.773,235.712,8.6318,8.204,944.603,55.0828,2
247.295,228.258,9.0856,8.5399,971.151,56.7044,2
291.31,264.729,2.7939,2.4419,322.533,29.425,4
264.988,245.77,9.0898,8.591,970.356,45.5561,2
247.086,256.039,9.2033,8.8182,934.219,55.8939,0
1.661,268.505,0.1071,8.9264,983.319,48.9126,3
264.106,241.657,8.5316,8.1965,903.382,47.3716,2
264.55,249.114,7.7822,7.2492,825.151,48.9912,2
256.18,264.177,7.8382,7.5665,858.565,51.0079,0
258.785,202.542,9.0085,8.6223,947.661,47.7334,1
262.004,240.054,8.4627,8.0446,881.862,44.3298,2
267.885,243.631,9.0068,8.7123,963.633,42.1199,2
261.683,265.01,7.7801,7.5695,882.97,50.0516,0
251.234,224.613,9.0347,8.7183,980.97,56.6013,2
255.818,237.248,9.0525,8.4699,966.407,50.697,2
264.132,201.998,8.5903,8.3658,902.401,45.9359,1
276.683,273.012,7.0118,6.8043,775.589,34.8644,0
263.364,200.101,8.9041,8.7367,937.703,44.3374,1
296.638,274.973,0.2155,0.1188,124.854,9.405,0
265.389,243.483,8.3703,7.9517,884.613,44.359,2
1.6147,271.47,0.1079,8.5117,928.869,49.3699,3
248.666,229.354,9.0743,8.5627,968.576,55.4197,2
265.294,2.1101,8.2182,0.0449,861.85,41.8573,3
273.434,275.112,7.8214,7.7075,877.237,39.1945,0
1.647,269.497,0.1013,9.0552,992.513,49.5596,3
263.603,204.959,8.9566,8.6229,934.102,43.362,1
339.166,350.701,0.2113,0.0495,283.902,3.4414,0
267.8,274.916,7.6783,7.4273,860.682,44.7613,0
248.527,230.932,9.0774,8.5255,968.442,55.057,2
264.825,245.018,9.3323,8.8081,992.94,40.7307,2
262.651,203.184,9.3437,9.0693,992.071,44.3554,1
271.337,269.62,7.4464,7.3747,862.365,44.6325,0
1.598,270.411,0.1081,8.5603,926.219,50.5206,3
261.885,207.752,8.9034,8.4035,924.57,42.8445,1
279.365,234.972,2.9653,0.4197,341.853,35.5026,4
302.824,229.165,1.4902,1.5709,239.978,27.8431,4
262.266,2.1696,9.0297,0.0455,951.093,44.6882,3
251.63,204.85,8.8093,8.7917,907.218,50.8976,1
256.993,237.002,8.8606,8.4705,915.006,48.5258,2
278.281,293.282,5.5355,4.1839,590.748,36.5467,4
262.885,206.7,8.9676,8.5605,944.91,44.8228,1
258.983,235.614,8.0897,7.8363,844.583,50.4557,2
316.038,245.859,2.9178,3.9139,473.153,25.7009,0
248.642,253.607,8.749,8.5095,912.751,57.4169,0
262.258,197.956,8.6409,8.5001,912.08,47.0555,1
264.251,243.014,8.4072,7.974,884.767,44.3746,2
267.111,201.051,7.7827,7.6667,825.007,43.2008,1
269.975,273.043,8.2665,8.1137,890.199,39.3201,0
258.811,201.911,9.0769,8.7155,954.531,47.3133,1
269.247,204.764,8.9925,8.8442,960.548,42.2519,1
274.899,267.488,6.1719,5.9536,659.693,38.3376,0
255.579,235.095,8.3153,7.9247,856.737,51.503,2
1.6373,269.259,0.1059,9.0397,994.014,49.5603,3
281.948,310.735,2.3311,1.5989,256.42,24.4152,4
334.824,335.895,0.3138,0.2317,452.743,11.6357,0
272.111,244.841,3.8461,3.6762,420.822,39.2542,4
263.662,2.1771,9.0593,0.047,955.944,43.066,3
263.809,2.1465,8.8102,0.0384,929.355,43.4201,3
267.828,264.896,6.3864,6.1048,666.813,40.2858,0
265.577,306.551,6.6553,3.5243,735.005,48.5045,4
268.319,205.683,8.7383,8.5751,922.709,41.0972,1
250.816,234.606,9.0233,8.317,973.291,55.1271,2
258.515,239.683,8.0943,7.6986,842.401,49.7023,2
265.076,267.312,7.8246,7.637,889.997,49.356,0
259.159,266.948,7.7776,6.1543,804.583,46.7538,2
258.07,242.394,8.089,7.5726,838.203,48.852,2
280.527,278.243,6.572,6.333,720.213,29.6187,0
255.202,2.1288,9.0545,0.0491,960.674,50.9992,3
261.138,242.545,9.1704,8.6503,969.147,45.707,2
265.623,201.217,8.8301,8.7147,937.571,44.4055,1
265.844,205.394,8.5251,8.2189,901.316,45.7092,1
248.354,2.1558,9.0324,0.0496,935.825,53.5939,3
298.503,279.778,0.9398,0.3497,165.724,18.4263,4
274.478,289.696,6.0302,4.7055,679.753,40.4624,4
258.829,250.552,7.9137,7.0875,822.636,49.1137,2
265.173,309.186,7.9873,4.8778,829.213,42.3847,4
258.975,199.867,8.7066,8.3881,905.967,46.2346,1
246.725,281.023,0.612,0.2331,136.067,32.3506,4
262.155,205.637,9.3241,8.9335,988.565,43.9691,1
246.884,254.348,9.132,8.7963,928.446,57.3111,0
263.731,205.029,9.1596,8.8626,962.805,42.6771,1
261.924,303.362,6.0167,2.3306,624.375,45.7381,4
266.381,331.453,7.3965,0.9885,791.43,46.3298,4
250.637,2.1474,9.0431,0.0483,940.666,52.465,3
252.914,236.203,9.1605,8.5706,971.439,50.9578,2
263.269,289.824,6.8657,5.01,754.974,48.8364,4
262.23,246.17,9.0476,8.4845,957.532,46.2005,2
291.793,266.233,4.995,4.8791,545.079,28.417,4
257.838,196.614,8.7735,8.5365,913.945,47.7559,1
290.407,293.806,7.4199,7.2531,855.359,23.9246,0
266.115,265.224,6.7336,6.4301,711.889,45.4409,0
266.796,248.779,9.0914,8.5664,965.24,42.2813,2
276.005,278.84,7.4105,7.2288,838.318,41.9067,0
254.027,196.377,9.1019,8.7878,954.802,49.0551,1
294.349,255.73,3.6605,3.5315,406.912,26.7511,4
323.227,312.96,1.2088,0.9378,551.887,18.8345,4
288.278,279.525,4.2439,4.0621,538.336,30.7442,0
269.658,271.828,6.4771,6.3332,766.834,46.4111,0
263.987,240.714,8.6236,8.3192,907.763,46.3807,2
266.259,2.1029,8.1664,0.0411,860.196,42.2083,3
254.875,313.688,7.7916,3.0383,801.441,48.7069,4
255.884,194.888,9.0935,8.8609,957.008,48.1432,1
261.754,204.397,7.9306,7.5398,816.959,41.5266,1
254.089,197.395,9.1332,8.7464,959.896,49.8494,1
274.124,246.524,3.6996,3.5254,407.838,38.0031,4
266.219,346.049,3.623,0.1,470.804,17.5468,4
263.532,203.739,8.6229,8.3033,894.408,43.8724,1
262.708,264.686,8.8222,8.6651,944.391,46.7042,0
266.286,204.425,8.9003,8.7084,948.174,44.1578,1
276.632,274.266,4.9359,4.482,545.941,39.3178,4
265.534,272.871,8.3072,7.9874,900.858,43.8207,0
262.854,291.001,6.611,4.8751,729.261,49.6551,4
255.119,266.846,8.6196,8.1458,895.331,50.1626,0
283.217,269.033,5.9601,5.9251,655.835,35.3539,0
254.486,237.178,8.9389,8.3272,939.707,51.03,2
247.445,233.509,8.4656,7.8697,902.87,57.1169,2
295.151,257.822,3.7751,3.6004,415.463,26.0101,4
314.468,269.145,3.4741,4.62,539.252,28.7884,4
275.388,280.132,7.8343,7.6098,891.019,40.9114,0
263.988,2.1147,8.7873,0.0414,923.262,43.0136,3
263.237,202.953,8.9475,8.691,955.11,46.6659,1
271.973,284.943,3.5747,1.7094,393.884,40.7775,4
263.19,203.806,7.9204,7.5661,824.908,43.0809,1
289.13,234.729,2.2173,0.5932,262.965,32.9445,4
265.938,201.259,9.1927,9.1303,991.409,44.6852,1
278.476,277.229,7.1021,7.0603,841.878,41.5519,0
274.244,269.494,6.7739,6.5525,715.193,38.051,0
265.818,277.199,7.6322,7.2722,826.247,42.2869,0
267.57,306.259,5.8633,2.1906,609.407,40.5977,4
263.355,2.1661,9.0717,0.0477,955.638,43.0644,3
262.272,218.704,9.3369,8.1071,988.051,43.4199,1
258.834,237.788,8.2744,7.8845,864.721,52.1455,2
279.716,275.073,7.2088,7.2625,854.304,39.7278,0
259.298,238.675,8.8477,8.3747,937.336,48.6807,2
265.976,201.366,9.1673,9.0928,987.733,43.5806,1
266.426,263.685,7.0763,6.8053,743.038,43.9129,0
261.147,245.913,8.6252,8.0095,898.724,46.6831,2
262.198,238.896,9.0397,8.6909,957.201,45.9664,2
266.953,245.784,9.2891,8.8071,992.454,40.0865,2
275.457,276.839,7.7567,7.6457,869.937,38.4555,0
253.932,195.866,9.1374,8.797,961.068,50.1979,1
263.733,2.1255,8.9245,0.0363,932.209,43.9601,3
265.84,2.0991,8.2147,0.0441,862.159,41.7127,3
267.059,204.605,8.513,8.2761,895.198,44.006,1
268.265,2.1189,8.7422,0.0357,929.264,43.4877,3
254.085,239.754,8.3249,7.7468,853.336,51.2278,2
269.546,267.611,7.5479,7.5088,880.692,45.416,0
261.934,254.247,9.0044,7.9039,957.242,47.4558,4
285.168,287.863,7.6243,7.5168,855.87,31.0611,0
1.6084,274.586,0.1064,8.8027,965.484,45.0623,3
268.782,2.1209,8.8665,0.0362,939.321,42.4732,3
267.229,245.806,9.2736,8.7893,992.759,40.502,2
256.368,289.666,7.9331,5.8743,795.051,49.6618,4
249.793,231.927,9.0792,8.4476,975.922,55.4281,2
264.356,350.646,4.616,0.1185,570.403,17.3815,4
266.167,2.0961,8.8359,0.037,930.042,43.6412,3
249.658,235.202,8.9836,8.3085,961.536,55.1198,2
270.532,270.075,5.1442,4.874,567.455,27.8085,0
262.421,275.015,8.3921,7.922,870.464,44.8873,0
249.827,229.912,8.911,8.4366,959.327,56.4713,2
253.186,236.933,9.1368,8.5058,968.429,50.656,2
270.77,270.667,6.9637,6.8617,824.472,46.1556,0
1.643,270.591,0.1061,8.8697,980.936,49.3,3
252.843,2.1431,9.1697,0.048,962.407,50.7524,3
266.397,203.187,8.8904,8.7498,948.176,44.3755,1
278.39,278.233,7.3939,7.3604,871.105,41.2835,0
259.512,242.704,8.0094,7.5417,835.968,49.1998,2
298.607,288.88,2.8824,1.2783,331.04,24.5954,4
1.6626,272.725,0.1092,8.948,994.937,49.4346,3
1.6441,270.965,0.1034,8.9424,989.61,46.8498,3
265.931,271.13,8.963,8.7886,960.212,45.9812,0
262.202,206.685,9.0613,8.6467,947.589,43.8501,1
269.426,270.135,6.6115,6.2654,687.805,39.0205,0
261.741,247.285,3.8591,3.5059,415.748,36.3004,4
318.786,250.696,2.4397,3.196,398.199,21.2796,0
268.029,276.852,8.7612,8.3906,918.979,41.7707,0
288.859,293.993,0.2961,0.6293,117.315,23.5909,4
281.866,273.014,6.7445,6.546,724.66,30.1254,0
263.763,2.1697,9.0994,0.0465,957.617,42.5383,3
269.748,273.201,7.7359,7.6337,884.095,44.4998,0
249.302,237.399,8.4042,7.7399,903.016,57.0471,2
266.288,252.511,5.4936,5.2144,570.462,42.9788,4
258.098,199.78,9.1056,8.8219,951.315,47.1375,1
1.6439,275.246,0.1031,8.857,993.471,48.8062,3
282.879,306.659,7.1917,5.7923,788.291,31.6239,4
1.6064,271.743,0.1088,8.5468,931.652,48.2958,3
280.57,300.394,3.5973,0.4072,394.394,36.1742,4
260.754,199.451,8.6605,8.4256,904.927,46.4455,1
252.984,235.383,8.9278,8.3846,966.349,54.3317,2
1.6353,272.06,0.1076,8.9699,991.524,48.6134,3
264.037,298.654,3.8981,2.1099,472.826,11.3743,4
1.5962,273.078,0.11,8.4826,928.112,50.2672,3
282.144,275.383,3.4786,2.7194,396.38,36.1412,4
261.869,200.995,9.3119,9.113,989.972,45.109,1
1.6017,268.226,0.1141,8.5806,928.719,50.1316,3
279.979,272.58,3.4802,2.844,393.887,37.0365,4
259.667,198.337,8.7214,8.4752,913.412,47.5782,1
264.689,204.64,7.8561,7.5324,819.265,41.6664,1
269.103,279.039,7.7603,7.4439,841.47,39.6262,0
265.327,243.403,9.1285,8.7506,965.819,42.6466,2
251.939,193.951,8.7842,8.4946,915.568,52.8108,1
251.87,236.52,9.1743,8.542,972.368,51.6405,2
287.387,269.528,4.0091,4.5303,557.802,35.079,0
281.166,293.355,3.8122,1.1155,419.882,37.2015,4
1.5923,266.922,0.1137,8.8053,957.554,52.823,3
262.391,198.11,7.8822,7.7503,832.688,47.7069,1
253.569,196.087,8.7906,8.4782,918.404,52.1799,1
259.586,203.081,9.3783,9.023,985.624,43.5269,1
1.5991,270.575,0.1119,8.771,959.493,48.6838,3
255.282,246.889,8.8149,7.9905,903.849,47.2895,2
304.712,241.552,2.3842,2.6325,366.076,28.3351,4
268.52,279.602,5.2903,4.3199,575.04,44.2406,4
257.971,2.1281,8.8467,0.047,934.086,50.2792,3
1.5994,266.426,0.1129,8.8003,959.83,51.7387,3
263.822,2.1259,8.7921,0.039,925.325,43.1083,3
310.203,244.359,2.1576,2.4595,348.367,28.9867,4
297.396,272.991,4.7605,4.6253,521.905,23.9155,4
250.95,237.687,9.1368,8.4266,965.963,51.948,2
254.848,238.071,9.0781,8.4806,970.77,51.2375,2
262.06,203.514,8.9199,8.6101,948.841,47.5118,1
1.6194,272.543,0.1162,8.7536,959.785,47.4114,3
263.723,201.657,8.9999,8.8298,955.523,46.6077,1
264.789,240.219,8.5935,8.3484,909.972,46.9199,2
275.238,309.008,5.1154,1.4036,553.481,39.2995,4
267.274,205.656,8.8174,8.5664,935.922,44.4648,1
1.6532,269.094,0.1054,9.0595,994.24,49.5099,3
261.928,242.829,8.6354,8.1653,904.639,47.1476,2
265.75,2.1601,9.0506,0.0461,957.134,42.0673,3
249.049,234.982,9.0369,8.3474,962.363,53.5377,2
257.705,251.82,7.9438,6.9892,820.905,48.7285,2
259.484,246.096,8.7003,8.0233,903.605,47.2269,2
265.831,204.221,9.1026,8.8933,963.078,42.6243,1
265.25,243.806,9.167,8.7359,973.927,42.8999,2
273.009,259.002,0.8818,0.7555,103.546,28.2931,0
263.496,220.778,9.2034,9.4548,987.849,45.7273,1
315.097,262.259,3.0311,3.9669,480.809,23.9255,0
257.374,235.063,8.8877,8.4852,941.915,50.0483,2
290.192,266.611,4.638,4.4617,497.895,27.8518,4
291.885,253.501,3.0595,2.928,347.501,30.4554,4
294.189,271.86,1.0091,0.8558,181.211,35.4256,4
268.928,248.04,8.8676,8.4364,944.381,42.6926,2
264.674,241.61,9.0815,8.7112,966.707,44.2608,2
286.498,265.996,3.9078,3.7056,433.285,32.134,4
272.879,273.573,7.6577,7.6463,884.019,45.0553,0
258.452,244.24,8.6496,7.962,891.263,45.2344,2
261.018,203.669,9.0294,8.7289,955.646,49.021,1
263.96,239.072,8.5322,8.2712,899.509,46.4375,2
299.399,263.594,5.7861,2.9178,699.542,21.4309,4
259.929,197.6,8.7441,8.5297,910.621,45.274,1
264.751,2.1565,9.1025,0.0443,957.866,42.002,3
252.479,239.351,9.0406,8.3333,941.924,49.8442,2
259.69,199.817,8.0108,7.7114,825.875,43.5552,1
1.6274,270.458,0.1088,8.5884,933.326,48.0315,3
261.946,2.142,8.846,0.0411,924.864,43.3488,3
256.165,201.852,8.7972,8.3209,904.81,46.3977,1
277.63,255.014,4.5917,4.3752,496.078,37.5093,4
263.855,205.232,8.6074,8.2538,898.963,44.917,1
258.724,280.371,8.0115,6.8892,851.735,50.6808,0
253.265,233.119,8.4091,7.9901,859.709,52.0993,2
264.223,203.314,8.5623,8.2821,892.636,43.9121,1
296.068,269.117,4.8871,4.8069,538.65,26.9493,4
278.502,286.135,2.0644,0.8912,240.359,37.2894,4
264.542,203.117,8.8944,8.6879,950.742,46.8167,1
257.742,2.1438,8.9931,0.0456,963.327,50.3445,3
256.967,196.97,9.0527,8.7767,957.001,48.1496,1
254.128,2.1383,8.965,0.0481,932.842,50.247,3
254.808,240.233,8.9793,8.275,936.128,48.6459,2
275.864,287.716,3.3985,1.3844,380.324,40.7452,4
282.697,271.928,4.8434,4.8556,569.105,26.3103,0
259.272,319.501,7.5634,1.7135,800.007,51.3027,4
257.746,196.472,8.9117,8.7166,947.627,49.9488,1
1.6515,270.4,0.11,8.9422,989.892,50.1279,3
272.221,264.145,7.4939,7.3165,822.783,37.9482,0
263.7,238.477,8.472,8.1848,883.183,42.8737,2
283.866,280.62,7.5175,7.552,845.015,33.2244,0
263.266,202.249,8.9752,8.724,933.421,43.1861,1
260.371,200.398,9.3626,9.126,989.094,45.2083,1
305.139,286.18,3.3988,2.0635,507.628,32.5518,4
275.593,270.873,7.4128,7.5104,870.608,43.8533,0
264.888,2.1697,9.0523,0.0439,952.015,41.9552,3
317.752,261.112,2.9648,3.9116,472.137,24.1506,0
267.178,271.659,8.4774,8.3198,919.566,44.6698,0
257.677,241.411,8.8798,8.2133,934.73,48.7003,2
278.124,320.707,5.7875,0.9634,610.613,35.9275,4
252.668,195.409,8.8175,8.5001,917.889,52.1534,1
253.02,232.908,9.1457,8.5641,989.056,53.6178,2
278.914,272.117,4.72,4.5019,575.795,39.4286,0
256.914,203.97,9.192,8.728,956.216,46.3337,1
253.579,235.15,8.4475,7.9553,862.097,52.0191,2
255.255,0.8346,9.0601,0.0467,967.586,51.9095,3
281.103,287.002,5.8695,5.4567,648.45,29.5067,0
262.941,208.352,8.6432,8.0951,897.597,44.8038,1
262.898,201.435,8.9903,8.7958,947.462,44.451,1
264.882,240.219,9.1548,8.848,973.751,43.4419,2
263.314,205.907,9.3171,8.9803,989.822,43.0484,1
248.902,233.399,9.0747,8.432,968.44,53.9299,2
247.703,227.158,9.0531,8.5478,969.108,56.9941,2
249.52,229.721,9.0835,8.5056,974.793,55.2049,2
268.819,251.124,8.917,8.3701,943.126,41.4644,2
251.909,195.814,9.179,8.7853,960.864,50.454,1
255.644,2.1373,8.9289,0.0457,933.296,50.0955,3
1.6196,273.448,0.1031,8.7859,965.353,47.6757,3
277.359,271.501,6.8769,6.7243,755.174,33.81,0
255.527,201.177,9.1509,8.7523,950.154,47.3864,1
268.105,264.533,6.6777,6.4643,753.25,46.539,0
256.606,199.466,8.7993,8.4163,913.836,47.9295,1
279.126,297.069,2.1131,1.8836,258.874,33.9327,0
246.529,257.938,9.3294,8.9307,942.653,56.5629,0
293.801,277.408,2.6366,1.7294,306.478,29.5988,4
260.771,2.1255,8.8753,0.0389,924.409,42.6891,3
255.85,240.624,8.1916,7.6645,845.065,50.4315,2
261.52,243.076,8.7273,8.2704,912.082,47.5562,2
266.342,247.611,9.105,8.596,969.261,42.4848,2
262.428,2.111,8.2344,0.0418,855.998,43.0261,3
156.381,326.685,0.5763,0.1491,218.571,21.8126,0
269.872,277.645,8.14,7.8293,875.196,38.4711,0
261.099,2.1191,8.8693,0.0402,924.263,43.5802,3
276.025,278.153,2.5163,2.1104,289.746,36.3208,4
266.885,207.295,9.0716,8.73,959.688,41.592,1
270.656,284.822,8.1499,7.7243,874.662,37.0299,0
273.937,278.319,7.4231,7.2308,861.328,40.8063,0
247.965,227.693,9.0945,8.5557,964.687,54.3545,2
268.585,2.125,8.2178,0.0418,868.923,40.6813,3
1.6212,273.784,0.1113,8.6979,960.451,45.9475,3
272.574,268.111,5.8492,5.587,696.127,43.2407,0
257.59,203.051,9.1078,8.6833,953.495,47.3578,1
267.509,207.556,9.0742,8.7507,959.966,41.5632,1
282.198,282.743,7.5675,7.5339,872.28,35.5525,0
264.355,206.356,8.8317,8.4834,925.389,42.8903,1
266.349,248.305,9.3033,8.6998,990.202,39.5155,2
297.692,261.47,3.7071,3.5477,411.077,23.8066,4
284.65,275.004,5.7842,5.6451,697.851,34.5744,0
267.126,267.686,7.7302,7.6434,875.38,45.724,0
263.895,261.43,7.1009,6.8252,738.285,43.7669,0
258.977,204.065,9.1001,8.6838,948.969,45.8522,1
249.637,233.112,9.0325,8.4323,969.479,55.4274,2
283.086,248.262,2.1913,0.3617,256.433,32.718,4
289.58,316.125,5.4324,2.6848,590.672,28.2762,4
258.488,241.108,9.1068,8.5822,956.313,46.7397,2
262.582,256.676,6.8604,6.6269,727.545,48.48,0
280.643,278.192,5.8538,5.647,643.245,28.3686,0
258.993,198.364,9.0041,8.7406,957.486,48.0403,1
1.6274,272.352,0.1136,8.7517,958.558,46.3431,3
274.581,285.69,5.025,3.7079,558.563,44.441,4
271.178,247.542,8.7779,8.5301,951.561,41.9274,2
258.981,240.204,8.8573,8.286,937.639,49.0815,2
284.092,253.596,4.1081,3.9348,449.001,31.4636,4
274.083,265.142,5.9906,5.8075,714.6,42.582,0
254.612,198.2,8.7699,8.4042,911.909,51.6409,1
280.828,254.879,3.4312,3.1989,379.941,30.3137,4
274.01,263.505,5.8525,5.7129,705.887,44.0002,0
284.838,294.685,7.1794,6.8215,795.223,30.7725,0
267.755,206.738,8.4713,8.1687,893.98,43.826,1
257.597,200.093,8.8134,8.417,915.433,46.9813,1
266.743,2.1004,8.0921,0.0417,856.847,42.6097,3
259.868,202.121,9.1098,8.811,955.62,47.5016,1
258.839,252.208,7.0982,6.8928,710.287,49.6098,0
279.176,272.386,7.023,7.1649,801.531,41.637,0
255.246,2.142,8.8829,0.0483,934.397,51.2424,3
275.67,275.037,6.5859,6.3352,726.413,33.5358,0
254.767,236.571,8.2083,7.7839,842.851,50.141,2
273.536,273.183,7.4618,7.444,860.576,43.0641,0
259.179,2.1141,8.916,0.0396,925.479,42.9702,3
270.483,250.651,6.4027,6.2801,685.916,41.618,4
264.22,270.325,7.545,7.2773,836.487,46.0203,0
251.139,2.1261,9.0405,0.0466,933.83,50.5006,3
264.414,268.194,7.4258,7.2141,855.834,48.7805,0
257.887,198.929,8.7557,8.4276,913.871,48.022,1
1.6153,265.291,0.1123,8.812,958.173,52.2691,3
258.113,203.271,9.0714,8.6448,947.812,46.9386,1
260.284,249.364,7.956,7.2795,826.886,48.2688,2
261.503,2.1131,8.8494,0.0412,926.129,43.1357,3
257.168,266.906,8.9292,8.5259,936.658,48.045,0
284.517,279.28,6.3035,6.0695,684.371,30.7694,0
251.945,207.168,8.8062,8.7901,906.969,50.8976,1
260.628,270.418,8.5267,8.2357,915.138,47.4392,0
257.664,244.386,8.0664,7.4951,831.007,47.9077,2
269.889,326.917,7.6314,2.3686,803.765,42.3327,4
253.954,236.165,8.9504,8.3792,939.093,50.8097,2
277.498,265.016,4.2372,3.8301,518.681,38.7202,4
262.774,202.441,9.3095,9.0709,988.939,43.7828,1
262.938,200.787,8.9876,8.8432,956.337,48.3888,1
315.561,293.036,0.3383,6.8515,811.157,6.6986,4
265.025,326.429,7.7232,1.9064,812.703,44.6512,4
265.15,312.028,6.0508,1.9661,675.205,49.4258,4
267.899,2.1634,8.9758,0.0445,951.54,41.4534,3
262.731,204.881,8.6352,8.2577,900.01,45.5278,1
257.163,241.528,8.0823,7.5701,835.5,49.4537,2
266.482,202.967,8.5422,8.3428,895.021,44.0253,1
257.025,199.347,9.014,8.6641,952.552,48.665,1
1.6231,273.576,0.1068,8.8258,966.528,46.6057,3
261.278,199.417,9.3316,9.1624,985.954,43.6114,1
335.356,320.765,0.369,0.1682,293.924,13.061,4
267.374,247.006,9.1867,8.7129,979.705,42.6832,2
264.217,199.913,7.8723,7.7172,830.858,45.262,1
264.997,2.1071,8.1362,0.0423,855.879,43.2226,3
268.169,206.014,9.0684,8.8577,964.646,42.0936,1
249.617,233.163,9.0302,8.4465,965.82,54.5431,2
266.409,268.593,7.0962,6.9204,826.131,46.0249,0
255.633,2.1471,9.0356,0.0463,968.977,52.1832,3
252.403,2.1367,9.0963,0.0493,959.66,51.823,3
293.659,271.839,4.8851,4.6959,530.214,25.571,4
279.691,252.945,4.1866,3.9519,452.487,32.0398,4
266.068,314.404,9.153,3.6026,974.091,42.6582,2
267.831,246.781,8.9339,8.5258,940.916,41.2506,2
256.853,2.1383,9.0204,0.0479,964.752,50.4228,3
277.97,274.001,7.3942,7.475,867.261,41.2072,0
250.507,2.1564,8.9727,0.0482,936.51,53.6795,3
257.834,232.682,8.2465,8.001,858.844,51.8485,2
272.845,270.61,7.5792,7.5915,871.21,45.2414,0
279.074,321.006,4.5541,3.1283,641.843,18.099,4
273.784,290.088,2.1864,2.0146,261.789,36.2497,0
256.402,235.871,8.9423,8.4693,937.652,48.7418,2
265.967,2.0937,8.084,0.0442,855.237,43.3878,3
263.24,202.441,9.168,8.9088,962.997,42.6684,1
246.391,230.266,9.1196,8.4575,962.708,54.3191,2
256.91,239.154,8.8961,8.2952,940.174,50.3341,2
258.378,0.9255,9.5729,0.0442,993.281,37.9044,2
268.435,206.767,8.811,8.5732,933.584,42.944,1
282.369,257.959,4.2902,4.1398,474.208,35.7565,4
263.214,201.761,8.9533,8.7237,938.593,44.0138,1
257.107,197.178,8.7835,8.5088,909.447,45.7686,1
245.279,229.086,9.138,8.4874,969.67,56.351,2
256.771,238.811,8.1652,7.7217,845.281,50.4885,2
255.373,2.1302,9.0697,0.0472,961.817,51.1361,3
256.769,234.552,8.9293,9.0481,946.229,49.657,0
255.595,259.241,8.5759,8.3479,906.841,53.8481,0
270.382,280.181,3.5629,2.298,396.04,38.1816,4
275.067,258.176,5.775,5.4985,601.08,35.0507,4
280.135,300.996,5.3558,3.0286,573.335,36.304,4
257.892,204.831,9.4328,8.9543,986.766,43.4083,1
268.366,244.677,9.2007,8.8398,989.477,40.5264,2
254.476,2.1412,8.9412,0.0458,933.419,50.9733,3
285.236,254.731,3.8171,3.6609,423.15,31.2528,4
266.119,2.0956,8.3208,0.0413,869.179,40.7547,3
273.484,291.058,2.2848,2.0876,272.75,35.6723,0
271.542,271.892,7.6326,7.614,883.133,45.6073,0
258.28,201.197,9.1506,8.8384,956.372,46.9888,1
285.131,281.89,7.2718,7.2783,810.83,32.4772,0
250.038,235.613,9.0201,8.3581,967.825,54.8365,2
266.177,2.106,8.8178,0.0362,929.408,44.0923,3
282.371,283.178,7.3423,7.2546,811.331,32.4531,0
270.13,262.683,5.448,5.2007,604.396,45.5156,0
259.428,200.863,9.1112,8.8518,956.277,48.1401,1
255.639,194.929,8.9967,8.7818,950.77,50.1358,1
262.39,201.501,8.9299,8.7056,947.267,47.0818,1
306.073,240.717,2.3773,2.6319,367.63,28.027,4
263.04,2.116,8.8096,0.0393,925.161,42.8802,3
1.6001,272.62,0.1114,8.7374,959.67,45.875,3
279.811,254.367,4.4662,4.3063,486.392,36.2124,4
263.948,2.1547,8.9462,0.044,946.296,44.9442,3
316.835,324.266,1.8184,0.2215,306.65,19.9453,4
269.108,263.391,6.6404,6.465,709.305,45.082,0
295.109,351.766,2.0375,0.0681,374.465,10.4266,4
257.141,196.867,8.6739,8.4499,913.625,51.7803,1
260.343,200.108,9.0354,8.8042,950.69,46.7753,1
256.705,2.1343,9.0117,0.0481,960.82,51.2275,3
293.355,255.733,3.591,3.4497,399.163,26.9246,4
263.314,202.876,8.9971,8.7561,947.961,44.4117,1
246.047,229.676,9.1008,8.4617,969.148,56.1492,2
274.53,275.22,7.8621,7.7616,883.116,41.0357,0
250.442,198.568,8.8504,8.3207,916.938,52.7812,1
260.445,205.514,9.044,8.5922,945.072,45.0084,1
262.683,245.668,9.2934,8.7203,975.675,43.2795,2
262.117,353.742,4.3876,0.106,547.389,20.5131,4
276.572,276.998,7.7912,7.6805,874.887,39.7384,0
338.604,296.378,0.3658,2.9149,424.965,11.7138,4
273.935,281.233,7.2384,6.8765,790.314,40.2564,0
256.104,202.51,9.0424,8.5,954.158,48.9976,1
275.848,267.291,5.5912,5.4478,683.481,40.1702,0
259.066,243.011,8.5951,7.9935,883.24,43.6974,2
262.142,2.1115,8.9843,0.0359,934.536,43.8142,3
304.712,332.115,0.2239,0.1218,236.374,10.4252,0
254.496,2.1347,9.115,0.0482,962.358,50.7233,3
258.398,245.914,8.7151,8.0199,899.02,46.4913,2
258.015,267.969,9.0122,8.6075,948.54,48.5789,0
260.12,2.1188,8.8973,0.0402,925.217,43.111,3
269.433,295.415,4.2369,1.1714,455.349,38.5987,4
1.6442,268.212,0.1061,9.0973,992.299,49.4714,3
265.983,318.045,5.7544,1.0282,635.604,47.4931,4
229.808,264.27,0.8223,0.1966,728.173,25.1929,4
283.688,283.624,7.5559,7.4559,832.325,28.8988,0
1.6158,277.932,0.1132,8.6924,967.96,46.2274,3
265.398,2.1716,8.9949,0.0447,954.931,42.9251,3
281.273,259.04,3.6522,3.3314,402.178,31.1373,4
268.829,267.242,7.0073,6.7152,736.993,40.9444,0
247.671,256.691,8.8891,8.4574,887.871,55.5539,0
250.117,2.1618,8.9681,0.0454,934.385,53.0815,3
274.969,299.05,4.4224,1.2104,478.841,39.5684,4
258.046,235.006,8.872,8.4759,935.505,49.2001,2
1.5928,272.148,0.1062,8.5042,928.18,50.3385,3
264.613,201.33,8.5673,8.3755,908.72,45.1831,1
260.169,2.0896,8.2739,0.0393,853.924,43.5315,3
261.079,208.981,9.3582,8.801,987.505,43.7364,1
258.139,235.636,8.1058,7.8216,843.186,50.5166,2
255.682,197.554,8.984,8.6817,950.85,50.1229,1
250.984,2.1483,8.9345,0.0459,935.555,53.6781,3
267.386,2.1186,8.2508,0.0406,867.933,40.5687,3
267.068,245.979,9.0395,8.6406,961.755,42.0364,2
254.036,195.954,8.7779,8.4695,916.741,52.251,1
259.976,199.238,8.7072,8.4307,914.698,47.9817,1
267.244,202.985,8.5089,8.3529,896.302,44.418,1
246.221,227.123,9.2002,8.6029,975.347,55.3732,2
266.075,273.39,7.1852,6.9012,841.942,46.5991,0
253.635,2.1397,9.0662,0.0476,961.904,51.8513,3
264.299,266.351,7.8902,7.7015,897.92,48.8912,0
257.257,262.489,8.9795,8.7522,967.864,52.1639,0
264.766,202.868,8.5314,8.2892,904.02,46.2365,1
257.259,200.615,8.8009,8.4085,911.119,46.3474,1
258.672,200.226,9.0003,8.6532,954.17,47.9967,1
276.271,272.617,6.7021,6.3756,742.794,38.8508,0
256.198,2.1344,8.9971,0.0463,963.005,51.7915,3
261.793,203.683,8.9556,8.6114,937.652,44.4371,1
262.879,2.1553,9.0013,0.046,949.08,43.9519,3
1.653,271.707,0.1066,8.951,992.508,46.2306,3
341.013,337.992,0.3133,0.2279,454.494,11.5963,0
249.635,255.947,8.8786,8.5702,928.081,53.13,0
268.052,205.236,7.7322,7.491,817.403,41.5393,1
276.797,266.68,6.2582,6.082,694.355,41.1661,0
253.908,194.089,9.1321,8.8778,962.764,50.2587,1
254.088,2.1331,9.087,0.047,959.496,51.2447,3
264.179,264.172,7.0884,6.7368,738.132,44.1638,0
327.037,286.2,0.3343,7.0206,820.636,6.5977,4
250.764,236.176,8.3597,7.7108,890.092,53.727,2
293.057,325.092,2.2005,0.2506,370.245,19.2929,4
265.224,245.65,8.9732,8.4982,944.099,43.3689,2
261.864,201.331,9.3107,9.0882,985.945,43.4584,1
301.095,280.534,1.2942,0.5226,210.807,26.4661,4
262.151,206.995,8.6572,8.1561,899.486,45.274,1
276.547,277.242,7.3047,7.2132,858.58,41.0751,0
270.44,233.195,7.6368,7.8427,816.072,42.2802,2
255.363,198.913,8.7026,8.3359,914.471,52.9611,1
264.39,201.221,7.8858,7.6606,822.73,42.4173,1
311.427,322.76,2.3223,0.4254,447.903,23.1886,4
264.049,2.1065,8.885,0.0355,929.006,43.5033,3
253.54,235.5,8.5688,8.1065,925.788,54.9005,2
266.297,274.232,4.2433,4.0658,488.294,18.6262,0
255.059,260.046,8.9876,8.7397,926.121,52.2609,0
267.322,242.74,9.3191,8.9542,993.015,38.2297,2
272.451,246.228,8.7114,8.5786,949.374,42.0094,2
262.534,208.778,9.0538,8.5539,947.912,43.834,1
273.53,270.584,3.832,3.0737,421.621,40.2192,4
296.464,261.663,3.7446,3.5656,413.737,23.9571,4
1.5982,266.418,0.1161,8.785,958.683,52.2584,3
273.101,259.751,5.038,4.7295,528.345,38.304,4
264.389,204.076,8.5711,8.2695,892.791,43.7764,1
255.668,269.641,9.3537,9.0024,983.732,48.1124,0
252.186,234.888,9.1919,8.5822,970.667,51.0609,2
263.338,247.598,9.0304,8.4277,944.296,43.3689,2
261.525,205.76,9.2182,8.7906,961.714,42.1918,1
257.993,241.661,8.1416,7.6394,846.808,50.5927,2
262.031,242.266,8.6724,8.2365,906.225,46.547,2
303.236,284.096,3.3799,2.0873,504.35,32.5731,4
287.403,260.075,3.3871,3.1742,377.998,29.65,4
265.184,2.1655,9.0141,0.0443,956.189,42.8256,3
263.725,241.568,8.4702,8.0843,883.347,43.0815,2
261.13,242.903,9.2876,8.7644,973.894,43.1536,2
262.832,203.825,9.1547,8.8541,957.23,43.2686,1
275.754,320.984,6.8474,2.4653,749.463,38.484,4
254.213,196.704,8.7515,8.4209,914.29,52.1826,1
257.599,198.528,8.0281,7.7398,832.622,47.3066,1
276.526,270.678,5.0783,4.9156,568.881,25.3482,0
289.133,234.742,2.2148,0.5582,262.765,32.9403,4
260.104,199.778,8.7261,8.4445,912.127,46.5696,1
259.903,199.33,8.0025,7.7339,832.007,46.4095,1
277.723,275.561,7.7698,7.7356,874.609,39.5173,0
262.081,241.154,8.4548,8.0087,882.341,44.7498,2
275.776,288.633,2.2796,2.1376,274.539,33.9089,0
257.505,239.161,8.4927,8.0247,930.371,54.4052,2
310.656,233.557,1.913,2.0969,307.239,24.8494,4
257.847,204.608,9.0453,8.5211,948.525,47.6626,1
1.6042,274.569,0.1049,8.7951,966.297,46.2639,3
1.6156,275.634,0.1151,8.6453,959.5,47.4798,3
263.31,260.43,7.71,7.6893,879.937,50.0854,0
250.487,228.895,8.9996,8.5629,966.358,54.286,2
255.028,257.608,8.686,8.5009,921.396,51.9205,0
256.614,234.474,8.2854,7.9332,858.21,51.8019,2
262.587,245.063,9.0438,8.5375,956.872,45.8837,2
284.412,274.919,6.2962,6.147,682.408,30.0226,0
304.929,242.602,2.7659,3.0169,422.652,30.2606,4
276.716,280.387,7.8216,7.6901,877.533,35.2592,0
271.742,268.71,6.8184,6.5584,719.503,38.5388,0
265.769,255.054,7.0411,6.6279,738.102,41.7919,4
278.395,284.43,4.3433,3.6034,534.106,39.4935,4
261.065,240.312,8.7264,8.3354,911.828,47.16,2
281.897,246.628,3.5181,3.3051,387.522,35.8148,4
281.704,351.989,3.2646,0.0944,475.285,13.7276,4
296.11,284.727,2.4017,0.4231,283.275,28.4844,4
1.6021,271.022,0.1126,8.766,960.282,48.6131,3
269.999,306.826,6.1924,2.9755,694.824,47.0856,4
250.416,229.981,9.0043,8.5578,965.41,54.3977,2
258.076,2.1303,8.9864,0.0497,962.389,51.1563,3
1.642,269.012,0.1154,8.615,932.96,48.1292,3
268.278,204.641,8.4111,8.2327,892.361,43.9501,1
256.052,2.1363,8.9351,0.0457,936.002,49.9097,3
259.438,243.942,9.0826,8.4717,956.013,46.8966,2
1.6101,272.997,0.1022,8.7682,967.011,48.2735,3
272.13,273.002,7.6572,7.6263,885.993,45.1237,0
259.9,350.696,3.439,0.0908,451.163,13.519,4
269.1,274.32,7.7686,7.6092,886.857,45.3441,0
253.495,311.165,8.9734,4.235,944.814,52.4659,2
278.453,282.553,1.9441,0.9067,226.704,36.4857,4
263.353,306.106,6.7445,3.0357,735.736,48.2305,4
261.455,2.105,8.851,0.0437,922.494,43.2328,3
260.544,2.1776,9.0441,0.0457,946.149,44.9825,3
256.653,244.754,8.7503,8.0466,898.027,46.5181,2
258.3,194.953,9.026,8.8565,959.375,48.8321,1
252.82,253.596,9.0163,8.8669,927.607,53.4663,0
259.62,253.453,7.8807,6.9758,822.874,48.8778,2
274.185,284.997,7.954,7.6211,862.253,35.9186,0
270.959,266.23,6.9476,6.7512,731.871,38.9275,0
265.097,2.1679,9.0209,0.0464,953.999,42.9555,3
262.188,203.545,9.3219,9.034,989.444,43.854,1
264.591,204.296,8.8773,8.6533,923.747,40.7345,1
255.522,2.135,9.0485,0.0479,960.872,51.0123,3
255.506,235.404,9.0749,8.5537,967.881,50.648,2
260.547,265.688,8.634,8.348,904.292,46.432,0
268.594,296.345,6.072,3.4405,638.269,42.0548,4
269.413,276.399,6.3241,5.7093,697.877,40.224,0
1.6205,272.471,0.1139,8.5299,933.597,48.0315,3
248.23,230.476,8.9563,8.3919,956.029,56.1368,2
262.441,201.777,9.0369,8.8223,956.748,47.2028,1
253.827,264.797,8.2747,7.8105,858.421,48.2164,0
248.886,233.454,9.0479,8.4193,965.782,54.6948,2
282.137,281.653,5.7397,5.1881,624.263,34.0854,4
267.454,205.308,9.049,8.8218,960.314,42.2276,1
318.652,308.446,1.4441,1.2671,205.011,12.0832,4
259.761,240.497,8.8415,8.2747,936.026,48.6548,2
248.607,227.51,9.0342,8.5509,971.186,56.9224,2
264.815,2.1278,8.9954,0.0389,939.706,42.4455,3
257.465,204.019,9.0883,8.6226,949.558,47.1458,1
257.652,236.419,9.038,8.5596,969.006,50.5417,2
269.66,205.261,8.7252,8.6321,924.751,40.6863,1
265.245,2.1812,9.0184,0.045,956.88,43.0367,3
304.143,317.576,0.2449,0.1642,251.104,8.9918,0
260.706,205.013,9.0338,8.6464,932.712,42.7153,1
258.408,203.087,8.7702,8.2959,911.761,46.3946,1
260.276,198.838,9.0151,8.8254,953.098,47.326,1
283.302,255.108,2.7658,0.3422,321.993,32.3928,4
251.873,233.505,8.9602,8.4145,966.195,54.357,2
252.378,2.151,8.9772,0.0467,936.665,51.5543,3
257.387,260.973,9.0123,8.7535,961.973,50.4758,0
252.167,258.817,9.3559,9.0475,992.88,52.7392,0
301.741,322.849,2.5481,0.2323,410.513,20.1709,4
251.201,2.1453,9.1679,0.0469,967.31,52.1978,3
252.353,236.475,8.914,8.263,962.199,54.3541,2
281.357,275.971,0.9374,0.6509,123.899,26.8125,4
248.122,228.733,9.0965,8.5419,973.368,56.7978,2
263.919,240.186,8.4359,8.1065,883.906,43.617,2
312.13,249.714,2.7752,3.5225,443.301,27.5243,0
277.818,271.681,6.4839,6.3137,721.312,36.6058,0
270.994,256.562,5.7602,5.4686,596.367,36.9081,4
254.758,237.865,9.0782,8.4909,970.29,51.3044,2
286.241,312.578,7.0341,5.2932,775.506,30.2149,4
261.957,207.393,9.0074,8.5159,936.201,43.7684,1
251.59,262.463,8.4983,8.0412,911.148,52.9848,0
255.064,198.458,8.7662,8.396,921.553,52.8511,1
277.105,278.652,7.2012,7.1165,815.177,41.3336,0
287.298,285.174,7.7024,7.6826,878.445,26.9657,0
318.822,325.962,1.8528,0.238,310.821,17.1397,4
251.775,230.348,8.8134,8.4138,953.306,56.3178,2
310.137,343.977,1.9962,0.112,518.912,18.6285,4
257.119,252.458,6.8769,6.6463,690.989,53.0293,0
261.065,202.481,8.9537,8.6543,949.333,47.5113,1
268.716,202.763,7.6959,7.6027,817.111,41.747,1
263.477,244.265,9.098,8.5949,970.337,45.581,2
254.023,198.893,8.7555,8.3329,918.138,52.6921,1
265.085,2.1565,9.046,0.0491,957.349,42.6074,3
272.151,274.613,7.581,7.4886,873.661,41.9819,0
275.476,283.692,7.0125,6.6573,790.394,42.0195,0
250.905,260.425,9.2421,8.8709,968.984,50.0911,0
272.621,274.487,4.9574,4.1395,516.48,35.8927,4
260.812,202.284,9.3475,9.051,989.053,45.2083,1
267.521,2.0857,8.9115,0.0356,940.392,42.6003,3
251.354,230.889,9.0573,8.5169,982.087,55.9331,2
267.847,279.77,8.7462,8.3888,928.594,39.9095,0
322.876,341.065,0.2455,0.1645,242.901,14.8785,0
265.682,246.598,9.2411,8.7261,978.853,42.3503,2
274.618,273.415,7.1918,7.1844,825.542,44.8274,0
256.461,197.414,8.7799,8.4849,904.427,46.4227,1
266.819,248.63,9.0305,8.5383,961.483,42.3364,2
276.071,350.188,2.7192,0.0859,429.776,12.8155,4
259.377,234.332,8.7565,8.4245,937.921,51.0645,2
1.6548,274.02,0.1058,8.9344,991.881,43.2675,3
1.6216,271.288,0.1097,8.8667,964.91,47.1506,3
259.436,265.72,8.4649,8.1947,895.388,50.4135,0
292.194,268.546,4.5972,4.437,498.119,27.9273,4
348.082,350.252,0.1997,0.0507,282.768,3.2235,0
252.87,197.553,8.7702,8.3603,916.254,52.7923,1
253.094,195.018,8.8135,8.5279,919.573,52.1752,1
258.343,246.62,8.7149,7.9819,898.128,46.5738,2
262.903,265.988,7.5064,7.35,854.877,50.174,0
251.298,234.586,9.2167,8.5982,970.677,51.0618,2
254.552,262.517,9.2828,8.9155,992.031,52.3432,0
253.236,234.474,8.8591,8.3343,963.284,55.604,2
263.198,247.385,9.191,8.6018,968.483,42.5336,2
259.945,231.831,9.3314,9.4363,988.676,45.7736,1
262.003,205.886,9.341,8.9743,989.261,43.5039,1
285.623,273.217,4.1643,3.6682,448.559,33.2478,4
272.522,262.18,6.0514,5.8882,657.671,41.4039,0
268.844,2.1209,8.2036,0.0399,866.363,40.0533,3
258.519,199.85,9.0828,8.7972,954.369,47.2871,1
273.181,274.692,6.4932,6.0885,685.737,37.3162,0
259.514,204.833,9.0846,8.6503,947.791,44.9299,1
271.639,248.369,3.9666,3.7027,431.622,40.0153,4
270.005,279.463,8.748,8.4705,945.033,40.1817,0
281.387,323.292,7.0122,3.1549,756.572,30.5354,4
1.5881,268.708,0.1099,8.6192,927.627,50.1045,3
361.99,351.712,0.1885,0.0512,297.478,4.7847,0
260.984,203.866,9.0732,8.7154,955.49,46.1697,1
345.813,309.483,0.3237,1.9982,463.825,10.0976,4
260.978,239.895,9.0783,8.6477,955.999,46.2104,2
319.358,298.838,0.3212,6.852,809.014,4.0647,4
259.79,200.997,9.0274,8.7554,949.534,47.0174,1
247.107,231.728,9.1014,8.4814,966.095,54.6616,2
264.396,201.479,8.5401,8.3425,904.442,46.5088,1
264.019,259.752,7.172,6.9214,763.214,47.0526,0
261.543,244.434,9.0849,8.5639,958.043,45.8808,2
272.059,290.623,3.9034,1.8549,434.543,39.4477,4
265.375,2.1105,8.8902,0.0344,934.14,43.6349,3
283.596,290.694,1.4486,1.3341,162.937,22.9309,0
263.787,269.45,8.7675,8.4422,942.186,44.677,0
254.532,195.45,9.0991,8.7967,960.416,50.5147,1
277.785,278.541,6.3487,6.0662,701.086,31.4919,0
251.876,232.504,9.1163,8.6055,965.487,51.6257,2
246.533,230.046,9.1119,8.4707,971.053,56.6412,2
244.686,229.08,9.1494,8.4835,969.483,56.3559,2
266.139,205.198,8.5095,8.2392,900.895,45.635,1
258.46,317.263,7.662,2.7668,799.767,49.2696,4
259.419,327.88,7.5818,0.9342,788.096,46.225,4
252.273,225.796,8.9523,8.6057,967.831,54.5782,2
264.079,2.1218,8.3818,0.0414,869.523,41.446,3
261.26,201.366,9.332,9.1007,987.505,43.8345,1
264.487,2.0936,8.8438,0.0379,924.805,43.8952,3
273.434,270.115,4.8031,4.538,575.748,39.4964,0
261.609,204.279,9.0679,8.741,947.886,43.8806,1
296.104,251.242,4.379,2.4173,657.787,19.0795,4
265.498,245.028,9.0342,8.5701,969.412,45.5411,2
250.347,233.016,8.9608,8.3949,963.218,55.6781,2
277.526,276.482,6.8606,6.5952,760.469,34.4874,0
259.516,2.1504,8.9408,0.0409,929.488,43.6741,3
310.648,249.154,1.9908,2.1555,321.163,25.8839,4
260.184,196.244,8.9761,8.8252,959.138,48.4075,1
187.825,328.47,0.3558,0.1456,185.128,23.337,0
313.236,269.172,3.8099,5.0691,586.768,30.0216,4
258.024,235.085,8.8434,8.4508,938.849,50.261,2
270.893,265.728,3.0347,2.3283,337.671,35.6494,4
300.556,245.147,1.9905,0.3008,275.208,31.1927,4
270.578,294.018,5.9591,4.3675,654.693,37.5879,4
270.841,282.453,7.5126,7.0916,811.281,39.4431,0
264.816,203.299,8.54,8.2789,892.036,43.9545,1
265.81,274.062,8.7684,8.4041,931.229,40.7644,0
264.36,2.1178,8.7528,0.041,925.438,43.182,3
254.973,196.034,8.7621,8.5017,921.44,52.8457,1
1.6257,273.426,0.1071,8.828,967.455,46.0515,3
264.807,242.879,8.3507,7.9555,881.724,44.4383,2
263.28,2.1036,8.8071,0.0426,923.534,43.1663,3
265.335,200.599,8.8604,8.729,936.889,44.5297,1
287.273,275.922,6.3021,6.1665,688.539,30.5962,0
260.916,253.662,7.2532,7.0915,801.158,48.137,0
1.6252,271.745,0.118,8.7748,960.134,47.6251,3
304.766,231.862,1.8725,1.9986,293.517,29.7506,4
250.677,232.959,9.1611,8.5061,983.082,53.8814,2
265.522,207.404,9.1258,8.7332,960.061,41.7626,1
260.144,200.395,8.5689,8.3152,910.039,51.0546,1
286.578,282.038,5.7433,5.5765,636.093,26.7196,0
250.391,230.004,9.1701,8.6157,982.399,53.7981,2
303.115,242.265,1.4068,1.1884,227.604,27.324,4
263.29,270.477,8.3414,8.044,868.3,44.5373,0
260.599,204.77,9.0534,8.6903,955.656,48.7473,1
265.565,263.303,7.0232,6.7439,786.66,47.2879,0
302.579,342.031,2.1809,0.0918,436.919,17.4011,4
278.765,249.794,3.8487,3.6784,418.353,32.7977,4
248.463,252.883,8.8786,8.6599,942.993,57.8078,0
263.749,208.002,9.1912,8.7356,960.752,41.5811,1
306.043,343.914,1.3573,0.0635,321.923,12.7698,4
313.77,285.18,1.4544,0.5117,241.45,21.6926,4
255.928,195.375,9.0036,8.7869,954.612,50.0271,1
1.6513,268.596,0.1091,9.0828,991.758,49.5206,3
265.486,2.1141,8.7314,0.043,925.855,43.6145,3
256.338,267.913,8.8311,8.549,922.927,51.2371,0
266.107,202.862,8.8963,8.7613,947.67,44.3855,1
249.592,231.422,8.8954,8.3655,955.876,56.67,2
271.855,263.605,6.0538,5.8524,715.529,42.4675,0
267.141,209.749,8.8379,8.4391,928.613,41.961,1
262.219,2.1512,9.1392,0.0453,957.363,42.5995,3
279.31,302.518,5.5463,3.3528,609.185,38.0988,4
1.6517,271.704,0.1038,8.9863,992.242,48.72,3
264.648,2.1132,8.9081,0.0351,933.972,43.7656,3
268.712,252.258,6.3079,6.1436,709.667,43.8094,4
264.765,2.16,9.0418,0.044,955.115,42.8615,3
324.281,314.949,1.7366,1.3132,316.417,17.4773,4
263.447,243.723,8.9623,8.4841,955.832,46.815,2
259.248,238.822,8.0399,7.6837,836.524,48.7741,2
273.391,262.719,4.9944,4.6189,521.083,35.6269,4
254.097,194.901,8.754,8.506,916.466,52.9548,1
263.399,319.33,7.7684,3.151,816.081,45.6587,4
258.882,263.996,8.0836,7.8185,907.854,50.184,0
266.676,272.018,8.5485,8.3054,919.692,44.4055,0
262.603,197.224,8.6135,8.5083,913.988,47.8072,1
284.086,277.678,6.7115,6.4526,728.28,29.6157,0
247.682,230.954,9.0245,8.4344,962.98,56.0532,2
264.64,2.0914,8.1527,0.0429,855.914,43.0868,3
269.332,308.759,6.9152,3.925,757.641,43.0292,4
1.6261,273.918,0.1135,8.7029,958.734,47.0395,3
264.936,269.54,4.3099,4.2179,496.772,24.1428,0
282.026,259.316,4.7445,4.5498,508.656,35.8893,4
261.31,287.936,5.9663,3.8021,629.977,47.8043,4
263.422,2.1569,9.0415,0.0452,950.538,43.2037,3
267.93,279.437,4.558,3.0163,484.964,40.2295,4
266.924,209.815,8.7962,8.4134,923.491,40.8755,1
317.209,307.334,0.637,0.4192,219.685,13.5808,4
265.356,203.706,8.5521,8.3213,896.253,44.6504,1
293.527,254.831,3.7879,3.6447,420.216,27.2628,4
300.68,297.188,0.7967,0.6215,103.629,11.4227,0
283.195,282.48,5.6113,5.3382,617.7,27.1281,0
232.82,282.662,0.9805,0.5319,134.191,19.4088,4
250.773,233.258,8.9654,8.3937,961.561,54.1184,2
270.332,246.394,3.7445,3.5204,407.337,37.9291,4
289.261,251.846,3.0196,2.8517,333.645,31.8863,4
293.764,321.105,2.6466,0.2186,460.426,25.3528,4
344.204,337.9,0.2243,0.0583,296.155,11.1292,0
256.543,199.696,8.8145,8.419,906.297,46.3819,1
262.415,203.398,8.9787,8.6887,945.296,45.0084,1
262.316,203.649,8.671,8.2968,909.236,46.0735,1
251.204,255.437,9.1102,8.9213,969.459,53.45,0
264.575,271.824,8.8373,8.5733,942.667,43.9453,0
269.275,254.668,5.875,5.6534,653.875,40.676,4
269.774,306.491,6.2002,3.3951,646.729,37.791,4
252.968,198.148,8.8364,8.4125,920.413,52.9042,1
288.386,274.835,0.9264,0.4106,159.259,24.282,4
257.891,240.229,8.9088,8.3472,942.015,49.4429,2
299.03,315.817,0.318,0.1545,236.221,34.9751,0
1.593,271.427,0.1147,8.5393,928.896,50.2448,3
264.05,203.382,8.929,8.6419,937.971,44.9416,1
312.09,339.823,1.2866,0.0718,347.399,14.015,4
264.131,203.529,8.56,8.2478,904.508,46.5236,1
265.459,243.245,9.1351,8.7653,966.696,41.9189,2
294.533,257.513,3.4998,3.3522,390.266,26.6175,4
256.87,240.624,8.2735,7.7312,857.337,51.6783,2
264.95,203.499,9.2422,9.0546,989.935,43.7813,1
284.607,291.256,3.9585,2.1508,424.897,33.5669,4
262.499,2.1199,8.8183,0.0434,926.364,43.5938,3
254.234,262.013,8.6109,8.252,882.817,50.7737,0
265.432,247.008,9.3285,8.7488,992.669,40.0931,2
280.74,281.91,7.3705,7.2939,820.369,35.5601,0
282.074,262.595,4.0967,3.8495,448.356,35.9642,4
1.647,273.237,0.1066,8.8348,989.463,50.0895,3
267.331,257.054,5.5309,5.3721,612.642,47.0774,0
257.733,244.311,9.1365,8.471,955.708,46.7131,2
260.187,198.503,9.005,8.8134,947.33,47.1177,1
1.6099,269.935,0.1157,8.8298,961.15,46.3243,3
252.099,231.364,9.0941,8.5621,981.521,54.0809,2
266.141,204.33,7.807,7.5358,818.23,41.56,1
1.621,271.088,0.1098,8.5617,931.345,48.3128,3
265.143,246.333,9.2985,8.7602,989.552,41.0577,2
252.827,2.15,9.1091,0.0481,963.898,51.7057,3
249.615,233.156,9.0042,8.361,970.61,56.0742,2
253.349,261.464,9.0878,8.7349,964.151,54.57,0
252.889,258.447,8.9771,8.7403,950.951,55.9221,0
278.743,258.674,4.9767,4.7317,526.608,35.4004,4
282.124,280.568,7.5146,7.5195,868.104,36.9734,0
255.75,265.682,8.9777,8.5775,937.872,47.2042,0
262.509,204.152,8.9845,8.6598,945.265,45.0282,1
269.115,282.271,7.4587,7.0551,810.951,39.4344,0
263.984,267.562,7.9746,7.8005,870.164,46.3613,0
265.796,206.107,8.7492,8.4545,920.918,42.4845,1
260.558,2.1527,8.8854,0.0407,925.593,43.4299,3
262.402,201.707,8.9011,8.6687,948.664,47.5673,1
277.195,257.191,3.7429,3.4448,401.208,30.375,4
262.443,246.059,9.2257,8.6472,971.414,43.2333,2
255.396,318.67,7.6473,1.405,794.63,50.9885,4
267.069,271.532,9.0274,8.82,955.669,42.394,0
255.561,262.373,9.1066,8.8129,968.486,49.937,0
278.99,267.586,6.1846,6.0472,670.728,38.6625,0
282.975,280.427,3.5086,2.3499,388.98,30.367,4
256.388,236.377,9.0817,8.5509,969.613,50.8886,2
267.339,274.396,8.7155,8.4985,932.995,43.1914,0
263.155,247.911,9.1422,8.5481,961.353,42.271,2
284.931,278.195,0.9764,0.4093,165.469,24.4846,4
280.858,266.725,4.1397,3.7099,453.085,36.3149,4
244.409,253.639,9.2507,8.8622,930.736,56.7319,0
263.572,200.049,7.8282,7.6672,831.57,47.3061,1
274.808,289.632,2.916,2.3969,333.625,34.7828,4
266.949,204.135,7.7422,7.5344,814.652,41.8322,1
262.571,2.1528,8.982,0.0463,948.076,44.8398,3
253.788,2.1484,9.0359,0.048,958.348,52.1095,3
272.136,295.654,4.5454,1.6803,484.907,39.7952,4
267.872,2.0912,8.0798,0.0409,858.424,42.3494,3
281.209,286.392,2.2871,0.9373,268.851,37.7826,4
260.281,206.632,9.0683,8.5779,946.393,45.1688,1
268.056,204.732,8.8371,8.6961,947.175,44.5694,1
263.027,244.118,9.0154,8.5187,955.197,46.0518,2
264.751,2.1636,9.0429,0.0472,956.054,42.7675,3
271.399,300.863,5.9228,2.9579,629.615,42.0872,4
273.443,259.551,5.3998,5.1135,560.921,36.101,4
260.074,297.755,5.672,2.449,591.373,45.8361,4
266.83,2.1041,8.2865,0.0417,865.663,39.9503,3
261.781,200.518,8.9577,8.762,952.419,47.4525,1
1.6222,273.733,0.1105,8.7007,959.803,46.3138,3
258.215,200.706,9.0314,8.6211,958.85,48.5274,1
267.254,242.563,9.088,8.7837,972.233,42.8456,2
250.312,235.287,8.8459,8.2324,946.791,55.3959,2
258.808,199.292,8.7407,8.4328,913.927,47.7743,1
259.386,258.818,6.2084,5.876,619.214,48.7281,0
262.301,264.316,7.6855,6.2485,804.141,47.0409,2
257.16,2.1484,8.9756,0.0479,964.811,51.7642,3
271.043,270.229,7.4134,7.3239,871.066,43.996,0
269.249,268.586,7.4159,7.3421,866.043,46.9481,0
275.451,274.105,7.4045,7.3461,838.291,42.2239,0
248.087,254.241,9.005,8.69,915.363,55.9785,0
252.158,234.925,8.6099,8.1136,925.664,55.0534,2
266.17,245.063,9.2789,8.7976,991.524,40.5303,2
269.763,266.309,4.9727,4.3712,520.076,41.0594,4
269.028,202.198,7.6815,7.6059,817.464,41.5294,1
254.807,197.56,9.1188,8.7467,959.778,49.0761,1
1.6634,272.795,0.1028,8.9839,992.524,42.8221,3
1.6208,271.963,0.114,8.8448,965.533,46.8787,3
271.128,269.152,6.8167,6.5113,712.554,36.8239,0
252.766,2.1561,8.8961,0.0452,935.177,53.0589,3
287.625,269.696,5.2141,5.0329,582.195,28.1734,4
270.484,273.387,7.3133,7.1482,822.595,46.1053,0
256.388,2.1353,9.0516,0.0467,961.235,50.9275,3
265.09,271.239,7.7511,7.5371,847.799,44.8507,0
281.093,242.488,3.1959,3.0119,363.422,33.3562,4
307.996,329.549,0.2714,0.143,308.027,15.8972,0
255.9,198.238,8.7238,8.3821,919.041,52.5929,1
278.704,242.54,3.2474,3.0205,364.774,33.0521,4
250.166,257.036,9.163,8.8384,970.123,52.2508,0
266.665,253.62,6.7671,6.6545,733.298,41.7757,0
1.6151,274.912,0.1118,8.6656,958.904,46.3837,3
272.088,269.067,7.5548,7.554,867.689,45.3858,0
262.768,206.053,8.639,8.1943,893.321,43.7909,1
250.922,2.1522,9.208,0.0479,961.885,50.6725,3
267.047,267.282,7.2647,7.1289,847.986,47.4288,0
271.867,283.269,3.5897,1.9663,395.257,40.6143,4
256.099,265.827,9.0289,8.6439,957.784,48.5402,0
342.605,295.777,0.3745,6.9341,831.219,14.5456,4
264.469,2.1681,9.0785,0.0451,956.812,42.184,3
251.87,241.481,8.3898,7.6146,909.263,56.8007,2
267.698,2.1128,8.803,0.0349,933.767,43.7065,3
289.183,280.548,4.914,4.7192,600.048,28.1187,0
254.627,2.1273,8.8977,0.0481,935.701,52.0277,3
262.228,240.653,9.3962,8.9277,990.305,40.6586,2
272.512,273.718,6.8846,6.5231,745.236,34.8027,0
267.264,282.332,6.1629,5.0415,648.399,42.6533,4
255.772,2.1345,8.9871,0.0444,959.49,52.0248,3
266.612,209.477,8.8126,8.434,923.369,40.8434,1
274.046,219.544,3.6503,3.5169,397.602,32.6975,4
267.784,274.058,3.2215,2.4875,360.555,39.0187,4
271.823,262.124,6.34,6.1556,749.232,42.8908,0
289.026,288.157,7.6635,7.6082,880.161,27.0187,0
258.916,201.705,8.7732,8.3705,910.281,45.2038,1
271.685,275.5,7.4009,7.2481,824.734,41.3989,0
264.997,202.715,7.8526,7.6115,830.453,45.2034,1
270.023,280.496,2.1781,0.249,315.03,32.4741,4
264.142,203.546,9.2932,9.0524,991.261,44.423,1
259.51,256.483,7.8457,6.6956,814.299,47.8866,2
256.459,241.213,8.1691,7.6448,845.47,50.4323,2
259.608,204.963,9.4401,8.9936,991.998,44.3473,1
265.147,2.1146,8.3316,0.0415,867.415,40.5442,3
273.148,249.973,3.9873,3.769,421.526,30.2921,4
284.559,276.817,6.168,6.0578,681.856,27.8197,0
289.958,266.994,5.0573,4.8866,549.745,28.7121,4
272.828,273.129,7.6596,7.6302,881.552,44.7315,0
254.903,251.695,7.2635,6.9255,722.992,50.9614,0
279.736,277.944,7.4869,7.4102,860.942,34.5684,0
260.12,196.204,8.6928,8.5249,908.572,46.2786,1
265.897,248.373,9.0594,8.5367,961.061,42.3953,2
271.977,272.061,6.9426,6.6022,724.934,37.7253,0
270.496,241.55,9.136,8.9294,994.202,40.7421,2
265.303,273.918,7.6626,7.3881,830.298,42.9253,0
273.476,281.675,7.046,6.6707,788.266,42.0582,0
257.733,201.185,8.9112,8.518,947.161,49.7463,1
246.252,230.509,9.1022,8.4431,969.936,56.3393,2
276.6,277.615,5.7115,4.6775,634.645,35.6835,4
267.306,269.257,7.2421,7.094,848.84,45.8719,0
317.717,240.492,2.2321,2.7856,362.343,20.4483,0
263.358,200.372,8.9605,8.8193,954.599,46.1145,1
1.6133,270.862,0.1084,8.8713,965.218,47.1822,3
1.6221,275.245,0.1086,8.7856,967.032,46.1778,3
248.165,228.784,9.0782,8.5621,965.68,54.198,2
285.413,329.131,2.333,0.1835,358.295,20.1739,4
250.615,231.904,8.8736,8.3434,956.116,56.2765,2
268.136,281.813,8.0168,7.5316,858.703,39.0152,0
258.289,199.993,8.0478,7.7099,830.928,45.9927,1
1.6264,276.224,0.1085,8.7286,967.952,46.4145,3
264.59,204.81,8.583,8.2578,893.558,43.81,1
303.847,282.391,3.5648,6.6067,798.544,39.7219,4
318.267,294.539,0.3308,7.0008,827.674,10.7927,4
252.884,2.1379,9.1533,0.0477,961.826,50.6725,3
248.884,229.195,9.064,8.5004,966.586,54.5379,2
260.75,237.923,8.8025,8.402,938.5,48.8602,2
251.361,230.149,8.5152,8.1331,914.459,55.4516,2
258.191,236.21,8.192,7.8807,854.418,51.8443,2
264.966,2.14,8.9219,0.0354,936.787,43.0483,3
246.374,230.077,9.1776,8.5,975.883,56.1126,2
262.448,200.995,8.9778,8.7738,944.942,45.0099,1
252.536,260.944,8.658,8.3693,934.912,54.1093,0
1.6594,267.872,0.1065,9.0393,990.282,49.6582,3
255.254,2.1393,9.0147,0.0501,960.773,51.8946,3
266.576,2.1151,8.2794,0.0408,865.602,40.0791,3
261.225,199.352,8.6941,8.4454,909.474,45.3005,1
255.506,241.103,8.9604,8.2733,936.927,48.5867,2
1.5987,269.406,0.1142,8.711,958.508,52.2581,3
299.093,356.27,1.9574,0.0656,401.743,9.6809,4
275.231,266.191,5.4511,5.2741,656.341,42.5641,0
267.099,249.902,8.9391,8.3626,944.229,42.7065,2
264.092,199.361,9.2398,9.163,988.034,43.5886,1
298.027,257.518,4.2192,5.1807,593.967,35.372,0
284.799,294.858,0.3097,0.5396,107.86,24.1511,4
270.865,275.856,7.6749,7.4612,836.907,39.6591,0
267.302,264.301,7.7659,7.4514,843.597,40.5692,0
262.965,245.153,8.6706,8.1709,910.143,46.8502,2
281.062,265.682,6.1402,6.1179,675.457,36.7631,0
265.893,241.318,8.9232,8.6215,956.664,45.9944,2
253.23,2.1472,9.1268,0.0466,962.488,50.9975,3
257.252,201.637,9.0707,8.6773,948.078,47.4629,1
264.921,2.1102,8.1617,0.0406,856.895,42.6097,3
253.126,234.018,9.1213,8.6058,969.892,51.5747,2
255.16,194.02,8.7446,8.5573,920.391,52.8579,1
266.135,247.163,9.3508,8.8093,993.091,38.2147,2
267.272,253.88,6.6584,6.3733,705.438,42.1814,4
253.129,2.1408,9.1411,0.0492,963.082,50.3873,3
252.926,242.343,3.7285,0.2857,715.875,22.685,4
267.753,246.193,8.9065,8.5092,942.308,42.3059,2
1.6615,272.025,0.1076,8.998,994.983,45.2585,3
271.545,301.33,5.8905,3.0939,622.839,40.9596,4
263.345,245.161,9.221,8.6846,973.006,43.0931,2
260.41,324.355,7.284,1.2705,771.648,47.1461,4
291.478,326.484,2.4367,0.2623,391.71,20.6719,4
273.6,284.671,5.04,3.7304,558.287,44.4318,4
258.532,243.296,8.8137,8.2891,915.125,48.3978,2
276.25,322.804,6.6995,2.3223,731.183,40.3643,4
251.699,231.589,8.8404,8.3919,957.797,56.7248,2
276.409,284.177,6.9866,7.0819,835.792,24.323,0
314.287,238.713,2.3398,2.9524,386.547,22.3333,0
254.705,198.686,9.0326,8.6453,953.471,50.0738,1
271.788,244.819,3.6859,3.502,404.165,39.533,4
261.769,200.994,8.6435,8.368,892.496,43.8204,1
254.234,195.393,9.1075,8.8007,960.097,50.6311,1
283.877,282.059,6.0489,5.8239,669.965,28.882,0
276.433,276.958,7.2499,6.9427,788.201,31.9581,0
261.501,203.559,9.1819,8.8417,957.171,43.6302,1
260.791,199.965,8.7196,8.4396,910.772,45.0515,1
1.5959,270.621,0.1075,8.5804,929.266,50.1794,3
251.787,228.469,9.1961,8.7068,989.187,52.6016,2
262.674,203.788,8.9858,8.6801,954.676,46.0797,1
1.5993,272.059,0.1166,8.6909,957.287,49.0786,3
284.059,302.018,3.7133,0.5791,400.347,33.3948,4
256.289,238.909,8.2941,7.7908,857.2,51.6009,2
250.192,256.537,9.0501,8.7222,957.067,54.4392,0
263.396,2.1668,9.091,0.0467,956.907,42.6423,3
252.33,237.489,8.4083,7.8384,855.574,51.8041,2
1.5988,273.756,0.1125,8.4591,928.518,50.2672,3
274.024,272.541,7.3821,7.3777,842.098,44.1781,0
1.61,274.107,0.1044,8.7563,965.089,47.7534,3
261.357,245.338,9.0719,8.4772,956.54,46.0704,2
251.201,238.066,9.1815,8.4707,971.866,51.5831,2
252.132,232.268,9.0976,8.612,965.887,52.0426,2
304.955,326.294,1.264,0.9131,161.027,10.71,4
1.6248,268.144,0.1145,8.6536,933.826,48.0277,3
257.973,196.656,8.7679,8.5186,913.553,47.4697,1
257.016,199.026,8.0466,7.7163,832.362,47.3756,1
254.406,264.37,8.7396,8.3411,900.539,47.5265,0
269.389,254.458,4.9525,4.6545,522.403,39.9563,4
288.616,269.487,3.6562,3.4292,409.093,31.7293,4
1.5911,272.383,0.1104,8.5094,926.641,50.2549,3
282.339,253.331,4.4078,4.1558,474.46,31.5193,4
1.6167,274.261,0.1098,8.8032,966.141,46.247,3
277.763,315.238,6.89,3.5334,761.08,37.6173,4
246.266,252.054,8.8538,8.6034,937.868,57.566,0
312.127,324.735,2.0098,0.2053,360.333,17.5494,4
277.166,276.9,7.6975,7.6113,874.993,39.0391,0
259.614,254.141,7.2707,7.004,763.898,48.9489,0
263.525,247.49,9.1389,8.5705,961.005,42.362,2
273.122,256.804,4.0073,3.7113,438.51,40.8747,4
256.765,304.532,7.8341,4.7006,818.489,48.0728,4
265.504,203.329,8.9258,8.7489,945.906,44.5873,1
270.305,267.332,7.4787,7.474,878.192,45.522,0
266.301,204.147,7.7819,7.5624,816.555,42.0627,1
256.433,280.922,7.9637,6.6329,804.494,51.1934,4
269.961,248.773,9.2057,8.7374,987.471,37.8197,2
1.6441,271.173,0.1026,8.8451,983.236,49.6015,3
1.608,273.724,0.104,8.7094,965.97,50.3724,3
262.497,246.737,9.21,8.6388,968.561,43.011,2
1.6413,268.859,0.1065,8.9776,987.085,48.1931,3
262.11,204.619,9.3466,8.9992,990.178,44.4277,1
1.6485,272.315,0.1094,8.9335,992.59,49.2734,3
261.69,206.033,9.082,8.6864,950.078,43.7926,1
254.035,197.813,8.7916,8.4236,920.811,52.8436,1
264.93,202.713,8.9236,8.7429,947.677,44.7916,1
263.452,245.23,9.2176,8.6865,972.849,43.5942,2
264.769,273.502,8.0241,7.7927,876.154,45.4082,0
1.6524,268.962,0.104,9.0723,992.735,48.6115,3
1.621,275.294,0.1126,8.7452,964.331,46.8205,3
260.872,2.1301,8.8702,0.0408,925.971,43.608,3
302.117,328.582,0.2773,0.1463,311.262,16.301,0
271.597,290.23,3.0039,2.3435,338.757,35.0623,4
264.306,201.707,8.9143,8.7296,939.024,44.3019,1
262.126,243.655,9.1409,8.6092,968.602,45.8078,2
266.566,2.1035,8.2886,0.0382,867.861,40.525,3
1.6631,273.96,0.1042,8.9012,995.467,45.2585,3
261.492,242.748,8.518,7.9996,885.419,44.4779,2
261.177,329.012,4.8026,1.1926,591.751,21.4389,4
265.86,2.1601,8.9838,0.0462,955.847,43.0644,3
257.458,237.333,9.0446,8.5309,969.273,50.5315,2
262.144,242.957,9.2424,8.7664,971.862,43.2102,2
264.902,246.925,9.1521,8.6352,965.541,42.2813,2
262.24,203.234,9.0177,8.7365,948.281,45.2878,1
1.6206,264.525,0.1133,8.843,958.14,52.4314,3
250.454,233.284,8.5191,8.0164,914.831,55.7774,2
281.218,279.372,6.689,6.4332,738.345,30.7506,0
267.542,249.824,8.9225,8.3912,941.298,41.7992,2
260.651,237.779,8.5446,8.1549,891.412,46.8141,2
258.025,203.983,9.1079,8.6511,953.822,47.0431,1
259.113,265.016,8.9307,8.6646,960.679,49.3521,0
271.375,267.081,7.3944,7.4088,840.269,45.2353,0
343.373,287.852,0.1602,0.045,226.714,-0.8734,0
335.347,316.763,0.3332,0.1562,258.179,12.9721,4
298.292,257.541,3.3586,3.2445,374.062,24.1091,4
264.004,267.344,7.4504,7.2591,827.758,49.0378,0
251.916,260.073,9.3103,8.9471,988.96,54.0165,0
263.94,2.1053,8.7812,0.0421,924.604,42.7157,3
259.034,200.711,8.7584,8.4069,907.723,46.2821,1
1.6077,271.388,0.1083,8.4868,929.596,51.0703,3
262.157,203.266,7.9336,7.5936,820.976,41.9573,1
258.456,200.766,8.9624,8.589,953.068,48.8299,1
265.073,206.572,8.9633,8.6471,947.734,44.0226,1
258.348,346.076,4.9521,0.1533,602.368,21.2208,4
279.046,321.541,5.7714,1.0389,611.342,36.254,4
1.6307,275.322,0.1103,8.7689,967.516,46.0833,3
265.601,202.495,9.0517,8.8672,957.694,43.7192,1
252.182,234.779,8.9135,8.3279,959.699,53.9677,2
259.292,204.934,9.0559,8.602,953.281,46.8742,1
270.521,269.72,7.2133,7.1465,853.927,45.2256,0
251.285,226.974,8.9292,8.5693,962.277,55.3513,2
262.851,261.038,6.825,6.551,754.355,46.5966,0
282.549,273.191,5.9666,5.8267,716.043,35.5484,0
262.477,243.456,9.1388,8.6278,969.259,45.5435,2
268.94,252.585,4.9856,4.734,525.318,40.6966,4
258.86,242.401,8.0307,7.5556,835.849,49.1998,2
269.969,269.445,7.3443,7.2383,863.192,44.4982,0
229.227,199.177,3.6474,0.6015,718.966,23.3531,4
259.895,202.377,9.1095,8.7844,955.8,46.3695,1
261.952,2.1566,9.029,0.0426,951.627,44.6218,3
302.705,300.058,1.9031,1.6608,236.497,16.3004,4
253.915,2.1443,8.8099,0.0468,932.949,53.2806,3
252.144,233.774,8.6055,8.1578,924.867,55.0203,2
266.903,2.106,8.7895,0.0371,928.574,43.4798,3
301.178,301.557,4.1411,2.6189,460.253,23.0801,4
263.119,264.078,8.7961,8.6785,948.317,45.8563,0
250.948,2.1427,9.006,0.0451,934.992,51.2061,3
272.908,270.464,7.4219,7.3937,823.83,40.9166,0
267.318,275.24,8.4553,8.1413,883.189,40.7762,0
258.089,201.421,9.1032,8.8147,955.748,49.1474,1
287.662,281.684,1.0734,1.0764,125.641,21.7622,0
260.81,262.145,8.7695,8.605,927.703,45.1512,0
251.623,2.147,9.1578,0.0484,964.816,51.9395,3
1.6148,271.172,0.1104,8.8861,966.905,46.6677,3
264.913,243.361,9.1671,8.7493,973.264,42.9832,2
265.8,244.981,9.1726,8.7186,975.926,42.58,2
266.53,2.1003,8.7905,0.0369,925.808,44.0728,3
310.218,244.615,3.0149,3.8798,474.225,29.7546,0
264.217,201.724,9.2773,9.1356,988.825,43.4792,1
252.414,231.281,8.9452,8.5013,967.773,54.4896,2
316.847,292.241,0.339,6.8586,814.841,6.6682,4
260.292,263.315,7.7856,7.5844,865.724,50.0989,0
261.817,2.1557,9.1081,0.0458,953.004,43.102,3
262.63,2.0976,8.9207,0.0384,928.323,43.3775,3
278.51,291.389,2.0762,1.9405,256.847,33.3025,0
253.418,198.436,8.8157,8.3986,921.822,52.843,1
257.582,201.518,9.035,8.5954,954.454,47.9922,1
316.626,312.088,2.0134,0.2618,337.544,21.6986,4
265.47,273.329,8.5384,8.2775,915.717,44.8454,0
251.806,232.794,9.1252,8.523,983.232,53.8729,2
270.197,260.37,4.831,4.4852,504.211,36.5353,4
287.333,323.05,6.9693,4.294,765.992,28.811,4
250.404,2.145,9.2004,0.0486,968.64,52.0909,3
251.204,230.43,8.8761,8.4133,958.894,56.0563,2
290.065,267.392,4.8654,4.6804,532.894,28.865,4
266.191,2.1579,8.988,0.0464,953.608,42.7572,3
264.969,204.623,8.925,8.6822,945.584,45.0072,1
280.342,293.709,0.8498,0.8039,134.283,29.9131,0
255.12,2.1419,9.0789,0.0497,962.859,50.4017,3
263.014,271.134,8.3873,8.0744,875.713,45.9684,0
1.6062,272.52,0.1127,8.7583,960.66,47.71,3
254.941,237.136,8.6123,8.107,931.447,54.3276,2
262.918,274.147,7.7446,7.3874,833.334,43.6516,0
259.529,243.752,9.3265,8.7181,972.729,43.1398,2
264.985,268.568,6.9619,6.7771,814.038,49.4804,0
260.44,238.132,8.8277,8.3866,933.316,47.3615,2
251.573,2.1455,9.1893,0.0471,961.432,50.6738,3
250.283,258.423,9.1259,8.8126,929.517,53.6794,0
258.904,198.214,9.0179,8.8043,948.05,47.5264,1
259.292,194.014,8.9932,8.894,959.447,48.7917,1
281.423,325.183,3.42,0.2105,476.69,26.0256,4
268.646,277.412,8.3608,8.102,910.441,44.5356,0
263.129,204.961,8.9774,8.6498,947.475,44.6736,1
255.337,234.294,8.9213,8.463,938.487,50.6,2
267.535,332.206,7.4816,0.798,780.721,41.4862,4
265.451,242.558,9.3281,8.898,992.483,39.9109,2
262.529,202.291,8.8664,8.6263,923.81,42.9259,1
262.425,204.3,9.3347,9.0098,989.796,44.4377,1
310.655,246.771,3.0489,3.9618,479.525,25.8404,0
267.878,260.635,7.2947,7.101,775.219,44.9212,0
280.905,295.377,3.8333,1.1954,421.926,37.164,4
252.703,228.12,9.1177,8.6739,982.438,53.3462,2
257.857,201.132,9.0831,8.7526,950.218,47.4133,1
257.9,257.799,7.8804,6.5727,812.36,47.6223,2
259.557,238.064,8.8517,8.4286,942.653,49.5555,2
249.537,228.654,9.2698,8.6985,989.119,52.6606,2
254.883,237.048,8.9807,8.4172,937.351,49.0819,2
1.6002,275.385,0.1047,8.7022,964.959,47.8488,3
266.43,202.627,8.4947,8.3121,892.978,43.9321,1
314.239,306.51,1.4787,1.282,208.968,14.0016,4
259.236,200.275,9.0064,8.7314,948.082,47.514,1
316.765,284.724,2.8786,2.7384,484.346,27.9052,4
273.565,263.156,6.4018,6.239,700.664,40.9423,0
264.187,200.71,8.9102,8.7822,950.995,46.8351,1
270.749,264.089,6.0263,5.787,712.454,42.8142,0
277.956,290.33,4.2896,3.273,523.222,37.6747,4
265.141,2.1016,8.8397,0.0391,927.36,44.18,3
313.666,283.736,1.0589,0.3922,184.702,19.721,4
257.052,203.939,9.111,8.6183,947.857,46.8631,1
260.568,261.995,7.7719,6.3718,808.753,47.1835,2
262.393,2.12,8.8225,0.0418,924.854,43.3411,3
271.245,287.401,4.7026,2.7105,498.752,39.7714,4
265.446,2.1252,8.3145,0.0403,865.73,40.1109,3
252.435,234.12,8.4398,7.9607,859.469,52.2825,2
249.996,226.414,9.0234,8.6016,973.177,56.9641,2
250.664,234.125,9.0308,8.4397,968.524,54.4341,2
1.594,272.893,0.1095,8.4509,929.465,51.1005,3
261.702,202.107,8.7013,8.3752,908.746,45.9033,1
264.532,273.35,8.8597,8.5033,917.121,39.0822,0
276.522,282.325,3.3043,1.5077,367.854,33.6268,4
261.552,201.07,8.6919,8.3934,916.206,46.9955,1
257.625,233.34,8.6193,8.2861,893.981,47.5873,2
281.982,271.507,6.0747,5.9615,726.602,36.186,0
266.824,247.499,9.1582,8.6625,976.972,43.2242,2
1.6129,272.379,0.1137,8.7535,958.012,46.6249,3
273.708,263.79,5.2593,5.0802,633.728,42.7038,0
261.833,198.85,8.9984,8.8546,951.541,47.1058,1
263.431,246.635,9.0758,8.5389,942.682,41.4056,2
252.983,261.508,8.6542,8.2688,901.16,48.9724,0
258.32,239.441,8.8867,8.3626,941.443,49.2486,2
301.105,278.425,1.178,0.4907,194.342,25.9113,4
267.759,350.023,3.4915,0.0793,459.175,17.1665,4
293.507,280.736,2.7244,1.5874,315.987,29.2923,4
1.621,269.917,0.1101,8.7114,959.883,51.5512,3
275.4,275.868,7.7843,7.6624,870.292,39.9973,0
278.073,264.451,6.4125,6.3339,705.682,39.0078,0
278.368,290.913,2.1295,1.9964,261.722,33.6573,0
261.234,204.441,8.993,8.5772,938.963,44.881,1
277.477,283.088,7.1724,7.1121,835.584,24.5343,0
264.323,205.196,9.1612,8.8408,959.72,41.5156,1
253.496,237.039,9.1233,8.4903,966.965,50.9528,2
249.681,232.981,9.0267,8.4222,962.222,53.7328,2
251.818,267.839,8.32,7.7128,861.82,52.7517,0
268.045,206.932,9.0337,8.7768,961.654,42.4741,1
273.216,268.159,5.2487,5.0572,587.685,28.0116,0
255.727,194.934,8.7311,8.5333,919.73,52.7,1
1.6273,271.663,0.1124,8.5038,934.029,46.6869,3
256.76,238.71,8.163,7.7264,842.457,49.296,2
261.188,257.553,7.1751,6.9297,754.444,46.8673,0
278.964,260.929,5.1264,4.9095,541.84,35.2394,4
265.818,2.1094,8.7216,0.0409,923.426,43.3324,3
319.362,353.883,2.1822,0.102,508.697,11.7727,4
263.264,2.1534,9.0759,0.0445,952.427,42.5676,3
279.697,311.205,5.2484,2.0533,559.924,35.9525,4
293.627,349.969,2.0578,0.0693,355.328,8.7921,4
267.867,2.1256,8.7829,0.0372,932.421,43.9677,3
286.067,276.215,6.4025,6.2678,695.668,29.9485,0
263.657,204.964,8.8401,8.5511,922.524,42.0584,1
279.465,286.709,2.3333,0.943,271.703,37.7655,4
259.246,199.952,8.9959,8.6648,958.695,48.3068,1
258.243,198.715,8.0028,7.7109,832.037,47.3992,1
1.6203,275.827,0.1097,8.7534,966.842,46.28,3
250.387,227.432,9.0541,8.6021,979.961,56.6768,2
272.112,293.735,5.9139,4.386,652.477,37.4279,4
268.199,210.834,9.0395,8.6137,963.823,42.4653,1
275.477,275.091,7.2604,7.1817,808.978,40.7861,0
1.5994,273.414,0.1097,8.7189,966.219,50.3423,3
265.464,243.799,9.11,8.72,962.591,42.0535,2
263.36,2.1191,8.7974,0.0404,924.938,42.6867,3
261.668,248.751,5.3789,5.0986,560.764,47.4232,4
260.591,202.138,8.7087,8.3397,911.972,46.8518,1
274.19,266.744,6.431,6.1874,691.76,39.3586,0
262.719,202.972,8.9332,8.6583,950.873,47.541,1
267.497,254.087,5.5151,5.2118,575.279,43.0586,4
1.6176,274.702,0.1124,8.422,929.753,48.9954,3
269.432,2.1117,8.1649,0.0428,867.074,40.0766,3
353.875,351.68,0.2531,0.0652,339.222,7.521,4
257.319,198.406,8.0435,7.7294,832.275,47.4066,1
248.47,237.462,8.8464,8.1249,937.273,54.9388,2
263.779,2.1269,8.9239,0.0392,934.311,43.8065,3
253.85,197.894,9.0411,8.6756,948.487,49.7994,1
264.327,2.1199,8.3639,0.0407,866.023,40.0702,3
271.879,268.924,7.3403,7.0858,803.69,38.4405,0
259.612,238.059,8.0014,7.7083,831.576,48.0965,2
257.019,263.99,9.312,8.9631,994.441,49.9716,0
277.017,265.861,5.6697,5.5755,689.732,43.2997,0
274.211,260.352,5.3801,5.0746,559.08,36.1027,4
272.907,267.467,5.3963,5.1612,645.38,42.1157,0
257.112,237.814,8.9099,8.3715,933.926,48.4989,2
310.352,232.759,1.8303,1.9667,292.012,24.179,4
1.6445,268.616,0.1095,9.0454,992.91,49.3472,3
259.102,205.848,8.7507,8.1964,901.399,45.8,1
1.6158,275.373,0.1112,8.795,967.43,44.2877,3
251.277,230.672,9.2153,8.6393,986.709,52.3325,2
278.05,276.981,6.4952,6.2517,710.54,30.6382,0
271.931,272.369,6.6967,6.5707,787.422,44.2696,0
282.362,314.838,3.6604,1.7741,527.308,26.9726,4
299.614,353.137,1.918,0.0737,381.633,9.5855,4
262.629,308.409,8.0619,4.898,828.918,42.4199,4
260.19,236.892,7.978,7.7258,835.83,49.4118,2
1.6159,273.445,0.1125,8.5019,931.105,48.2935,3
252.392,195.45,8.8333,8.5079,919.877,52.3572,1
247.952,257.023,9.2437,8.8432,984.468,55.9459,0
259.785,245.068,8.6855,8.0662,903.439,47.1729,2
262.01,200.534,8.645,8.3871,906.394,46.3686,1
258.312,207.858,9.1118,8.5052,948.163,45.4161,1
259.048,2.1351,8.8338,0.0465,935.825,50.0041,3
275.678,293.09,5.2837,3.3943,574.268,39.6977,4
269.807,265.636,6.8618,6.8713,822.469,46.6304,0
252.331,262.205,8.6734,8.2443,901.082,49.013,0
264.805,207.869,8.8325,8.4557,922.969,41.6562,1
288.385,286.85,7.6011,7.5629,872.902,26.271,0
298.275,288.506,2.7423,0.3685,315.668,24.0275,4
263.297,240.663,8.609,8.2837,905.718,46.6141,2
266.702,203.878,7.8088,7.5595,824.373,42.9087,1
267.646,272.964,7.7486,7.5338,877.326,44.8555,0
279.4,251.851,3.8915,3.7051,424.765,33.3298,4
288.831,277.047,6.3249,6.2353,695.25,29.9682,0
255.28,194.05,8.7539,8.5669,920.831,52.8387,1
263.481,2.1765,9.0701,0.0488,953.476,42.9658,3
260.376,214.856,8.8992,8.8952,920.363,42.9606,1
277.61,261.444,5.1055,4.8386,537.824,36.6577,4
263.247,2.1341,8.9395,0.0351,931.944,43.8256,3
273.862,310.011,0.3626,0.1624,685.413,26.2317,0
259.571,257.187,7.8454,6.7589,816.081,48.3922,2
264.828,208.564,8.8435,8.4371,923.558,41.5408,1
255.283,2.1496,8.903,0.0467,937.244,51.4399,3
262.54,241.226,8.9981,8.564,957.044,46.9275,2
259.254,203.888,9.0897,8.6816,953.128,46.0276,1
274.06,274.442,7.2533,6.928,794.227,35.1895,0
274.232,276.214,6.7953,6.4788,734.851,31.9785,0
256.815,237.145,8.9095,8.3916,935.48,49.0737,2
264.196,203.734,8.8486,8.614,922.929,41.6774,1
262.66,2.1068,8.9412,0.0364,929.599,43.67,3
329.322,314.728,0.341,0.1595,250.721,12.9659,4
263.238,246.105,9.3724,8.7635,989.619,41.0736,2
255.162,259.593,8.9352,8.6969,945.282,50.4641,0
262.112,201.633,8.9731,8.7056,938.125,44.4234,1
263.601,2.1214,8.2728,0.0428,860.762,42.0217,3
261.262,243.916,9.0755,8.5532,956.372,45.9205,2
296.516,257.468,3.3855,3.2596,379.898,25.3134,4
276.594,275.936,7.8949,7.8141,897.887,39.5466,0
1.6293,272.692,0.1091,8.8508,968.095,46.7119,3
1.6048,272.61,0.1144,8.4449,929.041,50.6564,3
250.103,253.566,8.6671,8.4715,922.596,57.8856,0
263.753,202.804,9.2544,9.057,985.566,43.3121,1
257.679,236.881,8.2502,7.8622,857.616,51.5627,2
270.984,243.442,6.1975,6.0362,667.142,42.6665,4
1.6088,270.044,0.1155,8.7637,958.561,48.8809,3
258.978,195.679,8.9903,8.8267,956.179,48.2398,1
261.673,272.547,8.6665,8.2408,901.433,43.8649,0
258.095,2.1345,8.8245,0.0454,933.726,51.0081,3
258.837,246.108,8.7162,8.029,904.101,47.2198,2
269.113,252.142,6.097,5.9508,685.844,43.5897,4
256.035,195.475,8.6878,8.4889,912.751,51.9885,1
249.306,231.195,9.0605,8.4999,967.814,53.9676,2
1.6192,274.195,0.1184,8.6941,959.336,46.8493,3
255.471,2.1362,9.004,0.0479,959.221,52.0248,3
264.156,2.1696,9.1255,0.044,954.779,41.488,3
251.124,2.1355,9.1819,0.0485,959.549,51.1178,3
1.6127,278.447,0.1087,8.6575,966.663,45.8393,3
255.776,2.1533,9.0807,0.0498,962.21,50.7177,3
251.456,260.908,9.3745,8.9645,990.204,52.1619,0
319.157,330.427,1.8709,0.221,320.157,20.7803,4
267.969,2.1051,8.2464,0.0412,865.542,39.9979,3
269.824,248.991,8.8856,8.4604,942.227,41.1743,2
251.563,231.351,8.7752,8.3543,941.022,55.0466,2
253.635,237.812,9.1577,8.5077,968.246,50.6367,2
334.741,340.037,0.306,0.2211,448.208,11.7319,0
258.73,2.1467,8.8494,0.0461,935.901,49.877,3
300.838,260.48,3.1075,3.5489,470.121,37.7535,0
261.201,272.009,6.1107,5.2384,646.673,48.6076,4
265.875,269.344,8.4671,8.3126,913.094,44.6765,0
276.051,299.615,4.7052,2.3463,522.573,42.7254,4
290.303,262.816,5.0296,4.9054,548.919,27.868,4
1.5885,271.72,0.1106,8.5161,928.37,50.3598,3
261.004,201.394,9.3995,9.1582,991.377,43.4735,1
273.604,285.069,4.904,3.827,536.203,39.124,4
263.071,242.733,8.438,7.954,892.103,47.3746,2
255.773,238.85,8.1291,7.6776,835.111,49.1364,2
262.495,201.771,9.2994,9.0829,987.861,43.6113,1
286.301,241.788,0.5948,0.3295,152.639,27.5693,4
269.335,274.141,6.6949,6.5002,793.431,43.7324,0
258.206,204.516,9.4198,8.973,986.913,43.402,1
261.855,242.342,8.605,8.1524,899.157,46.4606,2
272.217,283.237,8.5855,8.2641,927.159,39.6863,0
259.732,202.614,9.0802,8.7375,953.621,45.9669,1
248.266,232.535,9.3105,8.5674,986.272,52.44,2
269.451,2.0977,8.7274,0.035,932.12,43.9806,3
265.797,245.698,9.0504,8.5865,949.843,41.6771,2
252.477,2.1572,8.898,0.0448,934.515,53.0589,3
261.885,208.028,8.904,8.4315,922.901,41.8468,1
249.099,233.303,9.1242,8.4095,974.76,55.6248,2
266.766,267.725,7.6356,7.4999,884.322,47.4781,0
251.386,236.922,8.7001,8.0796,930.403,54.7721,2
274.423,249.788,8.6954,8.4657,950.416,41.9992,2
1.6162,266.512,0.1131,8.802,958.284,52.8759,3
250.667,2.1551,9.1943,0.0474,966.731,52.0691,3
272.422,287.011,6.933,6.001,784.169,45.978,4
1.6237,270.401,0.1089,8.8082,958.876,46.3478,3
267.629,2.1835,8.9794,0.0463,958.329,42.1449,3
265.202,203.49,8.8067,8.6076,922.326,41.9604,1
251.478,2.1479,9.1592,0.0484,966.924,52.1978,3
272.988,272.071,7.4075,7.3546,829.153,41.7239,0
260.087,243.721,8.6763,8.1175,903.504,47.3241,2
249.683,259.228,9.2129,8.8714,943.349,56.5564,0
256.602,233.953,8.9249,8.5308,941.686,49.5165,2
266.218,2.1177,8.8357,0.036,932.641,43.9778,3
249.896,234.696,9.2223,8.5691,967.014,50.8647,2
260.494,256.297,7.8194,6.7692,817.023,48.2885,2
256.741,196.593,8.9517,9.1533,948.818,49.7873,1
249.98,2.1483,8.9586,0.0445,933.716,53.024,3
252.799,2.1339,9.1503,0.0484,962.547,51.1283,3
274.599,258.014,3.8705,3.5846,426.502,40.1753,4
286.941,255.263,3.1232,3.0199,354.23,29.0988,4
289.142,274.804,6.1904,6.1425,681.075,29.9321,0
286.673,288.372,7.7556,7.6223,880.429,26.5054,0
264.349,2.0885,8.1255,0.0403,853.779,43.7039,3
1.6141,272.113,0.1095,8.8577,966.887,45.7112,3
254.605,2.1422,9.0739,0.0482,968.065,51.8651,3
258.123,205.705,9.1192,8.6046,947.508,45.3951,1
272.524,286.743,3.7164,1.89,416.413,39.189,4
278.225,256.782,4.6942,4.4741,510.489,38.4906,4
268.433,245.521,9.0473,8.6918,968.886,42.5174,2
260.257,205.02,9.4158,8.9884,991.629,44.343,1
257.497,236.712,8.8936,8.4018,936.074,48.9519,2
270.053,281.56,8.6804,8.3324,928.303,39.8775,0
259.457,243.699,8.0066,7.5138,833.958,48.7767,2
1.6236,268.95,0.1135,8.7223,958.92,52.3024,3
1.6071,276.341,0.1105,8.684,967.447,49.7789,3
262.958,241.848,9.0128,8.6131,955.651,46.0413,2
1.6227,268.419,0.1107,8.7688,958.51,50.5668,3
267.705,296.443,8.2973,6.7732,863.377,39.2485,4
265.984,204.94,8.7531,8.5321,924.069,42.8138,1
273.279,277.053,7.2251,7.08,802.889,40.5665,0
259.629,203.566,9.3918,9.0253,988.574,43.9747,1
268.902,203.084,7.7042,7.5908,816.955,41.5579,1
259.078,262.816,8.7775,8.5064,914.659,46.4345,0
1.6504,273.628,0.1015,8.932,992.294,48.8277,3
275.54,265.379,5.2934,5.1268,639.945,42.4768,0
262.653,2.1057,8.9317,0.0384,929.686,44.0755,3
1.6483,267.964,0.1002,8.9649,982.107,47.6196,3
1.6304,269.74,0.1094,8.5621,928.967,49.4948,3
261.875,243.342,9.0606,8.5769,957.51,46.3455,2
260.442,242.83,9.4486,8.8968,989.493,40.5529,2
249.989,232.596,9.0502,8.3921,972.008,55.0238,2
263.247,204.721,8.6296,8.2821,896.716,44.6892,1
273.717,268.489,7.567,7.6427,891.936,44.8551,0
316.188,297.879,0.313,6.8068,810.16,10.957,4
267.798,205.938,9.0359,8.7911,961.15,41.8734,1
268.747,202.798,9.0219,8.9078,959.07,41.7941,1
262.722,2.1202,8.9137,0.0371,929.306,43.5337,3
258.524,242.706,8.7863,8.2486,907.1,46.4232,2
263.136,328.076,7.424,0.7303,782.867,46.4127,4
267.251,2.0191,8.9221,0.0379,940.327,42.6003,3
252.637,2.1283,8.989,0.0477,938.205,52.2364,3
260.351,239.929,9.0956,8.6491,955.954,46.1957,2
255.378,239.518,8.2987,7.7626,853.336,51.1976,2
259.892,265.489,8.7723,8.4714,932.46,44.3229,0
260.261,245.093,9.063,8.4209,957.277,47.2075,2
1.6136,274.037,0.1125,8.3951,929.285,51.0214,3
266.363,252.238,5.126,4.8283,539.701,43.831,4
273.765,258.167,5.1685,4.8926,536.587,36.6067,4
261.607,201.352,7.9326,7.6476,817.824,41.5301,1
263.506,204.634,8.9953,8.7085,947.356,44.4635,1
1.5931,271.876,0.1105,8.5393,928.138,50.1104,3
267.798,274.484,7.0578,6.7861,820.434,44.7932,0
264.956,2.1027,8.1455,0.0424,855.95,43.1856,3
258.455,315.126,7.4969,2.5002,748.693,48.432,4
265.754,203.538,9.1038,8.8829,962.97,42.3746,1
254.542,2.1452,9.0905,0.0475,962.347,50.6819,3
265.261,205.59,8.92,8.6443,931.472,42.208,1
1.5942,273.622,0.1154,8.4569,928.493,50.5564,3
252.434,2.1505,8.9816,0.0477,935.642,51.1872,3
1.6568,270.671,0.0998,9.0015,993.5,49.3126,3
266.72,245.633,9.2621,8.777,991.036,40.6165,2
252.272,258.68,9.0305,8.7068,927.826,53.3677,0
274.018,282.917,5.4455,4.49,592.842,41.1015,4
259.052,225.659,8.7124,8.7332,905.949,46.21,2
257.33,238.14,8.8956,8.356,935.817,49.1565,2
284.615,348.1,2.1273,0.0646,340.921,9.6075,4
270.678,334.134,7.4511,1.0326,783.75,40.4853,4
248.478,258.613,9.2956,8.9266,942.664,56.0631,0
266.834,262.936,6.8678,6.588,721.81,43.2955,0
1.6177,271.68,0.1111,8.7711,966.638,49.5933,3
267.326,268.654,7.1002,6.9632,834.861,46.114,0
257.503,2.1344,8.9566,0.0403,925.734,43.5184,3
264.201,243.039,9.2616,8.8285,977.26,42.2464,2
254.338,237.88,8.4348,7.8666,863.408,51.9575,2
265.924,206.055,8.5372,8.2052,897.822,44.8899,1
266.995,243.719,9.2821,8.8701,989.508,39.1292,2
263.108,2.1612,9.1259,0.0457,957.742,42.3487,3
269.709,252.526,4.7889,4.5769,510.126,40.3892,4
263.206,257.723,6.8323,6.603,727.523,48.533,0
263.63,2.1655,9.0846,0.0412,952.936,42.3357,3
293.668,254.212,2.8831,2.7743,330.472,29.9311,4
1.621,273.845,0.1162,8.6791,960.088,48.6436,3
277.255,268.121,6.6291,6.511,732.353,35.4552,0
290.358,262.74,5.1336,5.0268,557.81,27.9709,4
262.522,244.88,9.051,8.5392,957.546,45.739,2
259.12,2.1807,9.2276,0.0485,957.134,42.5629,3
337.192,276.448,0.1382,0.0395,118.401,-0.8071,0
267.486,261.811,5.8244,5.5493,637.712,46.2719,0
263.819,241.364,8.5382,8.2089,903.539,47.3707,2
251.474,195.011,8.8451,8.518,919.279,52.8605,1
305.414,244.027,2.0651,2.2871,327.075,30.8418,4
273.731,274.566,6.5897,6.4971,794.07,43.602,0
306.658,342.041,2.1798,0.0939,429.035,17.063,4
266.032,206.393,9.2306,8.954,989.0,42.9167,1
266.671,280.241,8.8915,8.4453,947.315,39.7324,0
259.724,206.243,9.0996,8.6243,948.594,44.3116,1
257.006,261.909,9.011,8.758,953.81,46.5813,0
261.404,2.1107,8.8287,0.0438,923.132,43.7344,3
247.548,227.023,9.132,8.5859,971.67,56.1596,2
260.659,311.686,7.6025,3.4122,800.56,45.4553,4
268.113,301.925,4.6369,1.8794,500.272,42.6995,4
1.6412,272.713,0.1019,8.9409,993.251,49.4537,3
1.6128,270.127,0.1128,8.7057,959.538,51.208,3
246.273,229.637,8.9934,8.4387,953.401,56.2794,2
289.581,289.398,3.5969,2.334,402.973,31.3128,4
257.957,200.726,8.7863,8.3979,914.09,47.4499,1
316.412,290.799,2.924,2.7191,486.344,27.9785,4
261.891,2.1111,8.2621,0.0414,856.03,42.7707,3
268.679,275.441,7.9749,7.717,885.145,41.6175,0
267.206,2.1659,8.9584,0.0481,956.496,42.7278,3
277.749,259.921,4.1716,3.8926,460.884,35.6688,4
281.46,251.179,3.7269,3.5874,410.319,32.2584,4
274.147,266.733,5.7131,5.5025,625.149,41.687,0
262.524,204.662,8.871,8.5299,923.368,42.9365,1
250.859,2.1515,9.1684,0.0463,963.776,51.7141,3
262.174,242.622,8.5995,8.1544,899.367,46.4606,2
270.024,272.926,4.9298,4.0285,516.508,40.7138,4
259.597,2.1409,8.9291,0.044,929.49,43.8397,3
262.842,204.469,8.9747,8.6475,945.402,45.0321,1
261.193,2.1662,9.1554,0.0437,957.247,42.6423,3
284.002,267.415,5.6344,5.4579,629.733,30.2903,4
1.651,272.199,0.1067,8.9692,991.431,49.0535,3
266.27,2.1295,8.8723,0.0375,936.159,43.1437,3
250.253,2.1647,9.2022,0.0482,966.736,52.1226,3
252.493,262.546,8.8376,8.4062,923.231,52.8352,0
257.744,240.311,9.1268,8.5921,956.097,47.3349,2
1.622,268.845,0.1129,8.567,927.734,50.2409,3
257.183,241.187,8.9245,8.2658,933.709,47.7249,2
263.094,273.904,4.1942,4.0076,480.866,20.9872,0
260.52,204.403,8.9356,8.5489,925.26,42.9064,1
255.894,252.643,8.0031,7.0381,822.721,49.2402,2
274.483,297.561,4.7146,2.4739,520.367,42.8894,4
260.991,245.132,9.0878,8.522,955.93,45.8073,2
312.062,305.627,1.9757,1.7562,266.044,14.8402,4
266.281,271.297,7.8174,7.6568,864.56,45.9426,0
280.859,291.493,3.8293,1.8628,420.877,36.8456,4
1.6551,270.452,0.1062,9.0233,994.528,49.4437,3
1.6065,270.122,0.1134,8.5198,929.15,50.827,3
265.109,2.1092,8.7437,0.0431,923.672,43.4193,3
265.181,246.721,9.3043,8.7207,990.573,40.4438,2
1.6555,267.342,0.1043,9.0207,984.914,47.7479,3
261.197,2.1681,8.8671,0.0425,926.693,43.2296,3
261.59,2.1551,9.0421,0.0458,951.469,44.6639,3
264.883,247.014,9.314,8.7212,991.495,40.4645,2
259.987,244.906,9.1895,8.5622,969.813,45.65,2
264.87,2.1528,9.0556,0.0435,952.343,41.9769,3
260.57,248.663,9.2658,8.5709,968.575,42.9645,2
275.677,269.041,3.2611,1.4316,363.074,35.234,4
253.649,235.469,8.6672,8.1892,936.438,54.9182,2
1.6454,267.21,0.1051,9.0325,987.996,48.0455,3
261.165,199.008,8.6493,8.4372,904.937,46.4589,1
274.423,249.022,3.6802,3.4692,406.269,37.8263,4
256.531,197.723,9.018,8.7109,956.644,49.9552,1
286.858,275.089,6.5013,6.3756,712.467,31.5848,0
299.756,329.733,0.2367,0.1405,120.956,8.8745,0
266.677,202.81,8.8977,8.7848,947.474,44.1522,1
255.534,237.392,8.334,7.8463,859.48,52.3478,2
246.058,227.122,9.2745,8.6605,985.086,55.8505,2
262.647,205.267,9.0027,8.6765,956.693,48.2587,1
277.562,259.829,4.0768,3.8078,452.026,35.4705,4
1.5901,274.982,0.1108,8.4319,926.347,50.2219,3
255.258,197.584,8.7318,8.4106,918.868,52.6308,1
262.163,203.88,8.6318,8.2379,904.771,46.4338,1
340.457,269.776,0.142,0.0503,173.39,-0.8969,0
268.146,260.113,5.9427,5.7026,652.033,46.0558,0
269.683,2.1065,8.1777,0.0418,868.635,40.6224,3
260.972,2.1065,8.2523,0.0401,854.654,43.4595,3
256.478,199.487,9.077,8.6828,957.642,48.1041,1
277.771,279.668,7.6613,7.4864,857.412,35.9353,0
262.489,262.895,7.9273,7.803,905.929,50.0264,0
258.729,319.095,7.5013,2.5176,750.156,48.5999,4
250.189,233.954,9.1506,8.552,965.005,52.0503,2
267.859,203.92,9.0507,8.8715,960.472,41.9077,1
286.144,315.685,7.0382,5.1853,774.688,29.9871,4
1.641,270.569,0.107,8.8778,983.167,48.9126,3
267.881,245.324,8.904,8.5342,940.798,42.1019,2
261.783,2.1204,8.9479,0.0359,929.05,43.5705,3
1.6108,270.519,0.1095,8.8048,965.9,49.7682,3
280.646,306.951,0.3247,0.3495,151.846,23.6434,0
251.636,231.84,9.1235,8.5382,982.198,53.5403,2
252.571,197.767,9.1619,8.7388,956.496,48.176,1
263.241,246.984,9.1864,8.621,964.193,42.3833,2
271.928,289.281,3.0981,1.0004,342.849,39.8494,4
265.77,242.455,9.1195,8.7639,973.586,43.4754,2
261.881,270.308,8.4178,8.1041,884.839,47.3712,0
291.206,315.368,3.3202,1.8901,545.038,27.4931,4
269.883,282.991,4.4682,2.6652,480.006,40.5048,4
256.676,237.565,8.1871,7.7825,846.124,50.5843,2
263.92,205.387,9.1564,8.8155,960.315,42.2079,1
252.566,257.693,8.8516,8.607,925.82,54.2421,0
246.858,256.924,9.1814,8.7702,934.392,58.2477,0
285.939,282.264,6.1353,5.9384,681.054,27.9063,0
273.404,295.513,7.1326,5.9818,779.698,41.9995,4
292.194,281.221,5.07,4.9297,622.539,28.5363,0
261.286,203.133,9.3244,9.0225,987.958,44.6023,1
252.505,260.234,8.9253,8.5922,939.037,54.4047,0
267.504,264.304,6.6727,6.3898,694.729,42.5141,0
257.727,199.583,9.4087,9.1248,987.76,45.4111,1
261.489,309.118,7.9262,4.2487,830.312,47.4155,4
261.216,269.401,7.3377,7.0254,843.317,48.7529,0
268.289,310.097,7.9865,5.2475,836.831,41.2842,4
1.6451,273.527,0.1078,8.7762,985.402,49.7514,3
279.98,314.299,3.825,1.5597,526.967,26.8187,4
280.523,272.288,5.9292,5.7615,640.704,32.8988,0
293.374,255.776,3.4599,3.3254,384.832,25.9201,4
263.07,202.454,8.9625,8.7362,954.365,46.1145,1
258.766,2.1412,8.8459,0.0463,935.427,50.0151,3
264.52,245.144,9.0135,8.5491,941.188,41.9025,2
266.023,259.542,6.57,6.3485,692.929,42.767,0
287.444,278.802,6.2421,6.0644,682.066,30.0022,0
263.005,269.942,8.8305,8.5972,944.708,46.3386,0
255.432,236.482,8.9638,8.4169,936.495,48.6379,2
256.282,241.242,8.1796,7.6446,843.115,49.4569,2
265.384,204.418,8.8653,8.5973,939.076,45.0312,1
266.983,2.1219,8.8681,0.0374,936.249,42.8032,3
287.991,332.052,6.7336,1.8065,744.952,31.7245,4
261.574,199.325,8.6884,8.4552,916.22,46.9839,1
263.874,245.698,9.0941,8.5394,969.129,45.6664,2
1.6197,276.581,0.1087,8.7422,966.023,46.1954,3
251.24,256.464,9.1509,8.9484,941.543,56.4507,0
273.646,275.127,6.4087,6.2748,762.101,43.8151,0
263.19,200.28,8.5598,8.374,914.055,47.9964,1
258.385,2.1382,8.7626,0.0467,935.109,51.615,3
270.994,266.758,6.6159,6.3383,693.31,40.5635,0
261.601,202.072,7.8953,7.593,832.747,47.8087,1
264.918,248.9,7.7683,7.2636,825.255,48.9912,2
255.884,234.195,8.3136,7.9556,858.362,51.8727,2
267.5,210.042,9.062,8.6612,963.484,42.4538,1
1.6465,267.01,0.1083,9.1,990.155,44.9908,3
262.752,199.127,8.6063,8.4441,904.67,46.4962,1
260.867,196.488,8.6586,8.5185,913.223,47.9278,1
215.512,326.709,2.2362,0.1502,513.634,19.6624,4
257.848,255.024,7.9281,6.8757,818.948,48.5504,2
1.6294,271.61,0.1112,8.7038,958.22,49.143,3
268.741,203.511,8.6697,8.5926,922.247,42.0318,1
264.448,275.703,8.5487,8.1373,882.207,41.0673,0
260.923,199.599,9.0415,8.8456,949.546,45.9207,1
254.909,257.678,8.7407,8.5561,923.07,53.0429,0
334.608,337.69,0.1827,0.0475,161.086,8.7178,0
264.657,252.946,5.1885,4.8347,538.816,46.1153,4
262.541,247.087,9.1581,8.554,968.558,44.6927,2
251.105,2.1452,9.2052,0.0466,965.269,50.6265,3
262.645,203.384,9.3318,9.0633,989.172,42.6596,1
255.642,228.791,8.3614,8.1959,917.23,55.4442,2
296.092,238.435,5.7462,6.3397,718.185,34.9513,4
259.853,198.494,9.0264,8.8304,952.177,47.4064,1
277.413,277.708,7.7418,7.6552,884.217,38.0142,0
257.204,239.968,8.343,7.7876,862.819,51.9368,2
304.536,242.225,2.3297,2.6176,364.585,30.85,4
269.369,2.1079,8.1893,0.0423,869.859,41.1685,3
282.966,276.527,4.8607,4.1192,519.496,33.239,4
270.608,275.285,6.8579,6.6442,802.403,43.7442,0
1.6343,276.104,0.1095,8.8407,995.197,45.2218,3
328.313,290.122,0.3389,2.2976,414.47,11.7591,4
259.541,241.445,8.0453,7.6288,842.566,50.0559,2
256.885,270.163,8.1759,7.6084,864.808,52.6455,0
266.75,246.092,9.0283,8.5871,950.728,41.7513,2
259.933,2.1529,8.9006,0.0393,925.422,43.4376,3
273.88,268.421,6.3379,6.0544,694.636,40.8618,0
265.592,202.394,7.813,7.6169,817.501,41.5414,1
260.518,264.601,8.9125,8.6501,940.041,46.0673,0
258.172,197.726,9.0414,8.8301,948.825,47.4965,1
251.264,237.649,8.6519,8.0126,925.905,54.9163,2
274.901,281.987,8.1629,7.9515,887.458,36.7184,0
267.415,253.148,5.0331,4.7477,534.551,44.2796,4
276.183,263.581,5.4418,5.3133,657.718,41.5737,0
275.245,280.918,4.7319,3.4438,509.646,40.2008,4
1.654,272.114,0.1061,8.9546,994.154,49.528,3
295.471,325.699,0.2437,0.1434,162.392,8.8937,0
269.094,303.101,6.2776,3.4043,702.609,48.1561,4
250.215,2.1582,8.9411,0.0479,934.003,53.6026,3
249.974,235.923,9.2436,8.5424,970.394,51.0425,2
256.02,196.402,8.7406,8.4865,921.388,52.8183,1
276.438,270.295,6.8131,6.6736,754.174,34.7356,0
261.752,199.587,8.9645,8.7916,952.36,47.3604,1
287.402,277.705,6.1793,6.0372,673.821,29.1595,0
266.447,311.992,6.0229,1.8949,675.011,49.9392,4
269.603,254.974,6.3151,6.0665,673.826,42.5619,4
253.046,2.1669,8.8442,0.0466,932.661,53.2571,3
279.194,268.988,5.4129,5.2946,597.245,38.1372,0
261.076,2.1447,8.8915,0.0418,929.862,43.7359,3
265.026,202.132,8.9398,8.7852,948.256,44.3936,1
318.009,241.782,2.1667,2.7053,356.229,20.0628,0
277.537,268.319,6.3218,6.1621,697.308,37.984,0
270.346,300.547,4.6694,2.0458,507.411,42.9038,4
260.91,243.076,8.737,8.2763,913.748,47.7624,2
257.377,202.432,8.8001,8.3037,913.92,47.6176,1
267.087,206.994,8.8676,8.5877,933.464,42.5263,1
288.314,325.783,1.358,0.2204,255.326,14.0732,4
260.576,2.1673,9.0819,0.0436,949.241,43.8232,3
255.632,242.544,8.1272,7.5517,831.218,47.9127,2
272.741,273.234,5.1462,4.8643,567.72,25.0627,0
247.512,225.622,9.1421,8.6394,975.024,55.6105,2
258.649,352.305,3.3324,0.0884,433.366,10.889,4
254.605,235.08,8.9257,8.4095,943.443,52.177,2
264.927,204.989,8.5547,8.2495,902.035,45.7545,1
260.74,319.387,7.8857,3.3538,820.7,46.1031,4
254.81,2.1405,9.0881,0.0497,962.873,50.3577,3
1.6278,273.752,0.111,8.758,965.245,47.7751,3
274.083,278.443,7.2178,6.9806,789.335,40.1317,0
280.455,288.519,5.6707,4.6449,626.067,37.297,4
269.502,204.712,9.0055,8.8942,964.551,42.1758,1
261.521,240.679,9.1608,8.7184,970.803,45.5529,2
257.87,237.285,8.8982,8.4439,941.013,49.2135,2
304.741,340.97,1.7673,0.1823,292.598,18.7823,4
261.837,247.376,9.1652,8.4984,970.413,45.7264,2
261.947,348.393,4.8815,0.1456,602.778,21.319,4
270.105,311.261,6.3725,2.6243,711.417,46.9213,4
265.695,200.907,8.8793,8.8038,949.603,45.1806,1
259.938,2.1108,8.9089,0.042,923.313,43.1156,3
260.059,200.873,8.7021,8.3765,905.947,46.3538,1
303.194,248.599,2.7742,2.6677,317.043,20.5154,4
267.635,263.559,6.668,6.4475,707.859,44.9628,0
265.062,246.644,9.1198,8.6185,965.432,42.4743,2
1.6476,270.202,0.1085,8.9617,988.841,47.0023,3
301.655,275.423,1.2109,0.886,194.005,36.0844,4
251.507,2.1596,8.9605,0.0488,935.942,53.3425,3
271.552,292.597,4.8183,2.9154,527.305,43.6533,4
264.085,245.414,8.6198,8.1385,910.208,47.0242,2
254.47,240.818,8.6008,7.9351,929.432,54.4265,2
278.802,267.595,3.5434,3.0486,400.072,37.3647,4
260.227,204.218,9.0609,8.6627,955.28,46.0663,1
283.295,287.818,7.9806,7.8031,897.233,30.9795,0
309.503,289.095,1.5728,0.5828,251.951,21.5533,4
283.297,238.684,3.0639,2.9831,351.273,33.3112,4
265.041,2.126,8.3345,0.0412,866.294,39.9497,3
257.06,203.813,9.1762,8.7134,955.488,46.0895,1
1.6294,269.084,0.1181,8.6225,934.033,48.009,3
262.168,201.446,9.3025,9.0904,986.451,43.5886,1
309.686,282.001,1.1465,0.4211,188.327,20.2442,4
259.758,240.691,8.5642,8.0374,893.322,47.5029,2
278.116,272.233,5.0651,4.8516,619.852,36.4697,0
266.569,271.587,8.7237,8.4863,935.592,42.7036,0
1.6578,270.676,0.1029,9.0088,994.252,49.4663,3
266.938,242.737,8.9241,8.5876,946.428,43.1669,2
260.847,242.271,8.5585,8.0157,891.594,46.3074,2
280.01,283.225,1.1696,1.134,133.131,22.6086,0
276.132,267.721,6.27,6.0656,673.821,38.9909,0
256.348,280.787,8.1728,6.8703,857.755,51.3695,0
268.366,274.528,8.3793,8.1413,897.265,39.5971,0
270.801,270.714,7.5265,7.4292,883.065,45.1898,0
261.932,247.517,9.0637,8.432,956.084,45.831,2
261.639,269.656,8.644,8.3272,922.628,47.0677,0
247.465,228.77,9.1494,8.5652,980.384,56.7184,2
264.919,238.281,8.3663,8.1126,882.476,44.2224,2
278.162,293.188,5.3116,3.6443,584.571,39.9836,4
260.257,203.936,8.7198,8.3037,899.24,45.1596,1
1.6173,273.781,0.1111,8.7805,965.646,47.5075,3
265.384,2.1127,8.8792,0.04,934.901,43.6315,3
1.63,269.046,0.1126,8.6079,931.465,48.3082,3
250.662,235.193,8.8159,8.2334,941.886,55.0094,2
1.5989,269.851,0.1082,8.5659,928.956,50.6121,3
260.879,202.557,8.9714,8.6504,947.49,47.2613,1
262.53,247.288,9.1169,8.5197,949.826,42.0651,2
265.314,203.902,9.1366,8.8733,959.748,41.7206,1
261.529,275.751,9.2316,8.8025,967.559,43.6385,0
264.102,205.448,8.9199,8.547,938.493,45.0564,1
254.997,200.637,8.7218,8.2796,906.722,50.9507,1
279.748,289.007,0.8672,0.8275,134.23,29.9038,0
264.149,2.103,8.2156,0.0424,857.852,42.3879,3
1.6596,267.021,0.103,9.1148,993.862,49.5733,3
299.803,292.13,2.7391,0.4489,317.364,24.2406,4
260.673,200.659,9.0699,8.8333,950.159,45.4907,1
1.6433,272.936,0.1074,8.8853,990.276,46.7979,3
257.753,237.043,9.0152,8.5116,970.68,51.0732,2
252.683,197.159,9.1655,8.7638,956.076,48.1314,1
281.448,275.058,5.442,5.2683,598.321,30.0555,0
266.402,207.397,9.0231,8.6646,959.158,43.5763,1
252.021,237.546,9.1149,8.4405,966.391,51.7986,2
255.59,2.0957,9.0471,0.0484,968.049,51.8483,3
282.756,260.74,4.6748,4.4742,502.096,35.5701,4
1.6053,265.761,0.1114,8.8309,960.149,51.6907,3
249.271,2.1599,8.9814,0.0458,935.415,53.4953,3
276.414,250.094,8.6022,8.449,950.282,41.9992,2
263.783,2.1146,8.3838,0.0394,866.111,39.9266,3
296.626,305.789,4.1437,2.063,453.234,22.4558,4
265.472,207.695,8.9118,8.5297,933.609,43.0487,1
1.6521,269.049,0.1027,9.0498,991.082,45.0378,3
264.076,2.12,8.2587,0.0417,861.857,41.9306,3
271.583,267.235,7.6974,7.7149,886.179,43.9248,0
282.282,259.957,4.3721,4.1686,479.123,35.7391,4
276.774,265.82,6.1027,5.9927,667.093,37.6152,0
251.25,238.226,8.3398,7.7095,904.028,56.9984,2
257.229,243.598,9.1957,8.5656,956.993,45.8726,2
272.735,280.876,7.976,7.6633,888.497,38.7504,0
250.549,233.091,8.5119,8.0171,912.734,55.4621,2
256.832,200.479,9.477,9.1381,990.719,44.9555,1
283.47,253.406,3.3853,3.1422,367.447,33.1122,4
264.28,243.98,9.1692,8.7179,972.654,43.2055,2
251.221,230.773,8.9816,8.5295,966.584,54.6064,2
253.521,233.101,8.8949,8.4529,965.397,54.5215,2
264.168,205.835,8.5939,8.2266,895.914,44.6634,1
265.625,204.73,8.8677,8.5788,938.407,45.0383,1
273.891,266.824,3.5318,2.5743,390.031,37.4897,4
260.415,2.0983,8.2826,0.0416,855.458,43.2503,3
250.832,235.187,8.7897,8.2157,941.03,55.0551,2
263.526,204.15,8.6463,8.2919,909.442,45.671,1
265.599,269.733,8.3091,8.0987,903.527,44.1301,0
279.438,282.773,3.2432,1.1814,364.545,33.6071,4
294.586,280.573,4.8345,4.7413,601.749,28.1049,0
273.912,314.249,6.1105,2.8993,637.487,35.595,4
262.335,239.126,8.6742,8.3703,907.494,46.3719,2
274.944,259.245,4.0156,3.7465,446.939,37.3381,4
261.238,200.323,8.7043,8.4313,910.917,45.2462,1
253.285,196.715,8.8007,8.454,916.737,52.4748,1
320.581,330.187,1.8515,0.2289,311.913,17.2408,4
262.305,2.1014,8.9362,0.0374,929.678,44.0917,3
269.452,264.938,7.0223,6.8182,774.307,40.837,0
287.897,250.442,3.0643,2.8913,337.639,32.1988,4
256.345,323.789,4.9488,1.8445,599.175,21.4256,4
250.654,228.917,8.9955,8.5435,973.272,56.4514,2
247.823,229.355,9.1085,8.5727,969.803,55.0417,2
264.991,2.1657,8.7698,0.0411,927.608,43.2182,3
248.246,226.219,9.1987,8.6768,977.026,54.7871,2
305.954,356.089,3.0638,0.0951,498.749,11.4444,4
267.779,207.194,9.0717,8.7772,960.917,41.5712,1
262.929,196.492,7.8906,7.8403,836.118,47.1711,1
259.426,242.749,8.0676,7.5817,842.924,49.8327,2
261.743,204.275,8.9615,8.6073,949.252,47.2255,1
270.061,235.784,5.6003,5.3291,622.851,39.3584,4
265.541,2.172,9.0716,0.0462,959.555,42.0523,3
268.0,2.103,8.2443,0.0438,869.172,40.727,3
259.173,2.1286,8.8039,0.0463,933.001,50.1288,3
263.703,244.646,8.6435,8.1934,911.901,46.8632,2
268.435,319.352,7.5995,3.2224,817.555,45.6947,4
251.408,2.1534,9.179,0.0479,968.732,51.8145,3
267.749,269.714,7.4025,7.2536,827.359,46.6279,0
255.465,352.335,3.2762,0.085,424.161,10.4014,4
245.128,228.898,9.1626,8.523,972.877,57.1218,2
251.589,236.146,8.3172,7.6912,889.159,53.769,2
262.044,203.385,8.658,8.3026,903.505,46.0937,1
273.316,267.15,5.024,4.7649,604.759,41.9995,0
260.221,265.655,8.9907,8.8558,955.758,49.9417,0
264.749,244.073,9.3148,8.8201,990.151,40.6322,2
1.6018,272.97,0.1084,8.8186,964.962,46.3743,3
1.6114,272.076,0.1134,8.751,960.804,48.4574,3
1.6368,268.426,0.111,8.6328,933.104,48.0476,3
262.321,299.646,8.001,5.5242,843.898,46.9955,4
261.644,195.648,9.3586,9.3162,988.517,43.4547,1
281.705,257.805,3.9559,3.851,500.754,39.1779,4
259.197,196.942,8.7381,8.5315,914.01,47.2848,1
259.477,238.027,8.1537,7.813,854.021,51.2223,2
266.524,2.1173,8.8727,0.0363,935.9,43.1118,3
264.621,204.0,9.2815,9.0722,990.701,43.1977,1
255.385,235.033,8.3323,7.9285,857.99,52.0337,2
266.301,209.163,8.8244,8.4548,923.762,40.8434,1
1.6583,273.397,0.1029,8.9398,991.193,43.5355,3
262.203,262.639,7.711,6.3184,806.831,47.1374,2
287.421,287.59,7.5171,7.4916,862.77,29.6221,0
260.884,202.136,8.6955,8.3194,914.589,47.2444,1
1.6125,274.176,0.1131,8.702,961.003,46.3217,3
1.6087,266.626,0.1096,8.8334,958.991,49.7373,3
264.231,269.456,8.5614,8.3646,898.706,45.3563,0
261.186,205.661,9.189,8.7544,957.308,43.6302,1
265.427,204.328,8.8208,8.5977,923.205,41.5213,1
1.5993,273.035,0.1085,8.4643,929.607,50.7954,3
259.448,199.775,9.0498,8.818,953.586,46.8708,1
256.51,198.3,8.8033,8.4603,913.233,47.713,1
266.19,245.745,9.1695,8.7131,972.473,42.385,2
247.452,228.292,9.1191,8.6104,969.769,55.0234,2
279.056,295.493,1.7804,1.611,226.024,31.7705,0
1.6554,271.609,0.1039,8.8911,988.993,49.9251,3
257.33,196.718,9.0487,8.7826,959.705,49.53,1
253.84,317.178,8.957,3.2963,944.521,52.4659,2
260.944,199.98,8.6917,8.4159,914.72,47.3018,1
286.892,297.26,0.2951,0.6285,117.65,23.5721,4
1.6288,274.257,0.1029,8.4709,931.439,48.323,3
247.665,231.885,9.252,8.5392,981.401,53.5699,2
253.212,263.148,8.7792,8.3623,918.305,52.8372,0
264.306,245.564,9.3435,8.806,990.025,41.0001,2
288.088,277.053,5.6071,5.4877,683.224,33.0637,0
254.772,199.264,9.0193,8.6188,948.648,49.7813,1
277.098,270.161,6.3053,6.0901,695.048,37.6596,0
267.794,276.581,8.7552,8.428,920.891,40.6836,0
270.597,207.956,8.9572,8.7112,959.438,41.843,1
258.6,299.261,7.6244,4.5099,773.537,50.4816,4
249.636,259.75,8.6092,8.1786,862.382,55.9984,0
252.672,235.215,9.0331,8.4804,942.312,50.2584,2
252.138,230.398,8.3666,7.9459,897.155,53.6859,2
282.903,277.84,6.6483,6.458,735.437,30.3668,0
246.481,232.546,9.172,8.4223,980.002,56.7568,2
266.473,242.718,9.2789,8.8828,993.12,40.8212,2
256.14,198.665,9.0345,8.6796,956.295,49.8011,1
262.515,205.249,9.1995,8.8343,960.643,42.3307,1
265.424,238.796,9.0403,8.7772,970.282,45.5063,2
260.175,202.155,9.4102,9.0797,990.312,44.4776,1
253.421,2.155,8.9657,0.0464,940.467,52.5456,3
250.299,226.301,9.0554,8.6497,980.128,56.6989,2
257.724,2.1373,8.9724,0.0457,958.219,50.8627,3
257.082,238.664,8.637,8.1083,892.688,47.5333,2
254.577,236.816,8.3853,7.8733,860.128,52.5326,2
294.162,274.944,2.6678,1.6681,309.86,29.376,4
264.454,204.46,7.8446,7.5354,816.36,41.6461,1
253.236,256.071,9.1593,8.9897,970.996,54.2931,0
267.754,318.809,7.9512,4.0022,832.656,40.4526,4
268.594,257.12,5.5395,5.3973,617.934,48.052,0
261.33,276.456,8.7486,8.2865,927.439,43.2776,0
261.95,208.686,8.6704,8.0827,897.915,44.8475,1
262.031,201.566,8.9693,8.7309,953.953,46.9977,1
1.6592,270.039,0.1055,8.943,986.716,47.4883,3
267.27,246.592,9.0555,8.6155,965.063,42.5773,2
268.36,289.797,4.6901,2.2993,492.659,39.7536,4
260.913,239.043,7.9598,7.672,834.206,48.8563,2
266.995,246.151,8.9482,8.5185,941.656,41.9802,2
254.55,2.1508,8.9264,0.0451,936.172,51.405,3
302.249,294.013,2.7392,0.6374,320.828,24.433,4
262.532,238.663,8.9852,8.6294,955.643,47.3166,2
260.49,346.162,4.662,0.1419,574.771,20.7916,4
256.672,2.123,8.8878,0.0471,933.217,50.1679,3
268.454,206.206,9.0423,8.8112,960.402,41.5571,1
260.206,246.844,8.6543,7.969,898.157,46.6557,2
266.37,294.978,6.4985,4.5822,723.071,48.599,4
264.319,2.167,9.0756,0.0459,958.217,42.5558,3
267.095,269.597,6.9713,6.8014,826.546,46.6459,0
267.978,2.0857,8.2428,0.0421,868.958,40.7849,3
274.515,262.389,5.1676,4.8323,537.116,35.0186,4
264.663,317.841,5.9486,1.2465,655.791,48.4636,4
263.295,251.695,6.5546,6.5074,670.581,50.8972,0
289.976,265.229,4.7322,4.6001,519.871,30.1294,4
266.381,272.475,8.6612,8.3856,929.454,43.5695,0
255.209,2.1313,8.888,0.0462,935.041,51.2687,3
268.077,2.1161,8.2396,0.0435,869.792,41.2785,3
273.359,254.81,4.9642,4.7847,529.058,41.5429,4
249.337,233.512,9.0484,8.4214,969.812,55.4307,2
257.586,263.991,8.7258,8.3863,904.309,46.4479,0
276.161,279.156,6.6289,6.4804,779.85,39.8615,0
1.6548,272.578,0.1052,8.9194,991.505,46.5297,3
250.369,237.114,9.1514,8.4484,966.15,51.9648,2
259.839,269.478,7.7657,5.9873,801.46,46.03,2
260.129,204.661,8.7679,8.2794,908.551,45.4018,1
261.263,2.1222,8.9561,0.0355,929.128,43.6855,3
267.16,202.568,7.7594,7.5931,817.422,41.5361,1
271.938,275.298,7.3942,7.2123,818.953,41.1623,0
303.989,263.064,3.2917,3.197,370.998,19.631,4
257.077,196.599,9.0055,8.7737,955.583,49.4078,1
248.906,252.433,8.4253,6.9375,904.264,57.1787,4
266.753,253.876,5.1161,4.7987,538.678,43.204,4
255.852,2.1508,9.0336,0.0489,961.213,51.2583,3
1.6405,272.569,0.107,8.9402,988.743,44.0008,3
253.992,237.22,8.9953,8.413,942.027,49.795,2
259.479,237.158,8.1393,7.8403,853.69,51.2364,2
256.788,198.096,8.6924,8.4046,920.232,52.8509,1
261.443,246.264,9.2712,8.6322,972.237,43.0525,2
272.701,304.703,7.0083,4.7448,765.412,42.3663,4
261.337,243.406,8.6404,8.1366,904.652,47.1666,2
254.6,236.562,9.1259,8.5222,968.688,50.531,2
260.904,249.941,7.9187,7.233,825.215,48.9089,2
253.995,194.545,8.7638,8.5205,915.878,52.2162,1
254.857,238.268,8.3844,7.8435,861.424,52.1639,2
265.741,244.089,9.0976,8.7176,962.479,42.0726,2
274.121,249.331,8.6999,8.4716,951.108,41.8188,2
271.763,274.695,6.8236,6.4418,750.866,37.4369,0
277.173,289.439,3.2875,1.3685,369.556,36.7764,4
278.992,237.046,3.1928,3.0571,360.009,34.1836,4
263.371,204.382,9.1744,8.8424,961.819,42.2649,1
260.907,203.553,8.6772,8.2692,903.53,46.2398,1
257.558,198.189,9.0473,8.7362,957.776,48.2339,1
270.923,280.325,4.5017,2.9755,485.312,40.1841,4
263.122,244.868,9.1692,8.6666,963.426,42.3226,2
262.731,201.464,8.9589,8.7538,950.286,46.7619,1
268.39,260.763,6.651,6.4663,705.393,44.3163,0
262.49,199.138,7.8926,7.7433,835.573,47.2823,1
251.686,235.163,8.7427,8.2082,936.861,54.9291,2
277.984,260.189,5.0719,4.845,535.057,36.5519,4
286.663,242.005,4.5928,3.0547,665.115,26.076,4
266.054,2.0992,8.8366,0.0384,930.174,44.0775,3
275.847,276.231,7.3631,7.2596,825.709,40.9066,0
260.47,317.868,7.5739,2.5197,796.627,49.4195,4
263.186,201.266,8.9337,8.7083,937.414,44.4789,1
250.288,258.009,8.5778,8.169,853.287,53.4061,0
262.473,200.981,8.991,8.7963,949.364,46.067,1
1.6515,268.262,0.106,9.0698,993.623,49.553,3
263.624,270.011,8.8381,8.5821,940.198,44.4723,0
253.962,300.499,7.7707,4.2362,773.935,50.8298,4
277.662,300.502,7.0933,5.735,784.67,37.6618,4
271.13,275.112,7.5879,7.4235,855.03,43.6703,0
269.786,315.273,5.8493,1.1964,616.32,42.6222,4
253.295,236.21,8.4349,7.9083,861.247,52.4158,2
275.496,282.742,7.5862,7.3548,834.701,36.5254,0
249.548,229.499,9.0531,8.5032,969.686,54.747,2
1.612,270.173,0.1086,8.8168,959.054,46.8775,3
1.6043,272.266,0.1085,8.8012,966.764,49.8952,3
315.751,250.883,2.5762,3.3568,422.456,24.6512,0
264.045,201.874,9.2997,9.147,989.956,42.874,1
265.788,2.104,8.2729,0.0414,864.334,40.658,3
265.069,2.1622,9.0338,0.0495,956.301,42.7035,3
255.328,196.58,8.0957,7.8023,833.897,47.9095,1
263.073,245.015,9.3712,8.7932,991.506,40.4995,2
274.738,295.325,5.8517,4.3807,649.302,37.1567,4
299.03,260.055,2.9674,3.3755,448.747,36.8574,0
263.863,2.1059,8.9065,0.0393,929.073,43.3814,3
276.85,274.419,7.7623,7.7566,883.075,39.6274,0
266.007,202.235,9.227,9.1322,989.7,42.8969,1
250.826,233.161,9.1519,8.504,982.916,53.5452,2
268.169,208.149,8.7748,8.5194,924.299,40.6911,1
256.262,200.418,8.0626,7.6648,833.199,47.8932,1
286.663,277.493,6.116,6.0516,683.742,28.0782,0
278.08,261.058,5.4683,5.1898,572.972,32.9249,4
260.455,289.93,8.088,6.4692,842.716,47.3603,4
261.13,202.966,8.9882,8.6814,954.098,47.0688,1
265.374,206.275,8.9097,8.6011,930.135,42.0806,1
259.067,275.581,5.994,4.6161,598.164,50.0188,4
247.27,256.159,9.2767,8.9215,968.88,55.8496,0
248.763,235.182,9.1702,8.3674,976.203,54.4367,2
312.813,307.428,0.8059,0.5243,399.332,23.1539,4
266.756,209.618,9.0782,8.6249,960.218,41.6945,1
262.388,271.07,8.8913,8.5556,941.208,44.4507,0
271.867,259.16,5.4493,5.1366,562.218,35.8811,4
249.555,229.041,8.9641,8.5002,964.402,56.5616,2
259.728,265.124,8.9147,8.6484,938.933,45.9869,0
263.494,242.067,8.6521,8.2846,911.141,46.8316,2
262.63,244.627,9.1445,8.6201,966.714,44.2515,2
255.576,2.1355,8.8818,0.049,940.25,52.6238,3
262.459,277.344,9.1998,8.7478,967.094,43.6254,0
281.454,268.685,6.0511,5.9853,665.388,36.7804,0
264.314,248.229,5.5439,5.282,577.899,45.9851,4
261.544,2.1642,9.1277,0.0445,952.753,42.3908,3
286.704,299.714,7.0844,6.3406,787.095,31.0305,0
1.6009,273.231,0.1059,8.8369,966.618,46.3567,3
264.849,205.019,8.5362,8.2149,892.784,43.9559,1
257.038,198.651,8.6911,8.4029,911.228,51.0891,1
257.121,199.002,8.8089,8.4733,912.169,46.3307,1
264.679,2.109,8.2373,0.0386,862.395,41.8964,3
262.583,201.001,7.891,7.6566,817.795,41.5331,1
1.633,271.512,0.117,8.5382,930.255,48.3326,3
249.906,228.848,9.1753,8.6405,981.757,54.0099,2
288.365,284.137,5.5096,5.3172,611.819,26.5527,0
261.141,201.91,8.6704,8.3168,909.159,45.9303,1
1.6239,269.088,0.1087,8.6409,935.828,47.7808,3
275.313,275.403,7.0425,6.983,828.038,42.671,0
285.36,317.522,5.2541,1.613,566.984,28.8363,4
1.6087,270.634,0.1092,8.7998,966.798,50.2106,3
247.306,258.04,8.6508,8.2001,856.477,55.7478,0
274.525,323.999,6.7247,1.9014,727.375,39.944,4
321.209,350.154,1.0083,0.1163,545.989,19.0069,4
255.199,2.1557,8.8023,0.0445,933.914,53.204,3
265.584,251.407,5.4009,5.1095,562.407,45.424,4
258.075,198.579,8.7634,8.4633,909.199,45.6985,1
252.856,302.67,3.7113,2.4868,418.056,39.6042,4
277.569,274.615,5.3895,5.0206,583.982,37.2385,0
259.959,205.46,9.0669,8.5635,938.961,44.8712,1
259.313,202.312,8.0268,7.6284,831.508,45.7708,1
265.139,247.97,9.3103,8.7019,991.107,41.1071,2
1.5997,271.618,0.1138,8.6703,958.637,50.197,3
267.17,203.267,9.0544,8.8975,960.53,42.2203,1
1.6046,264.998,0.111,8.821,957.598,52.2954,3
254.698,2.1437,8.9517,0.0449,933.386,50.1773,3
255.272,2.143,9.0876,0.0486,965.389,50.782,3
265.417,2.1587,9.1009,0.0464,955.447,41.6334,3
1.5974,267.566,0.1125,8.5977,929.915,51.1612,3
1.6568,269.409,0.1057,8.9834,988.184,47.3275,3
259.288,319.404,7.8756,3.0881,816.071,45.6541,4
278.863,277.936,7.621,7.5901,868.406,38.8319,0
265.262,203.833,9.227,9.0274,990.19,43.7813,1
260.539,2.1016,8.2644,0.0386,854.535,43.4661,3
291.743,327.208,2.7373,0.2125,453.724,25.5427,4
252.353,2.1467,8.9367,0.0466,936.654,53.4725,3
258.128,325.067,4.9222,1.7264,598.316,21.4553,4
262.167,251.074,7.8022,7.0613,823.344,49.0325,2
272.577,329.05,3.8294,0.2591,497.535,26.3316,4
1.6384,270.352,0.1045,8.8984,983.45,47.5718,3
263.352,254.397,7.7558,6.9213,820.663,48.6843,2
264.688,246.462,9.0991,8.6138,961.562,42.388,2
256.442,240.105,8.2831,7.7482,857.658,51.6677,2
261.788,203.245,9.1621,8.8349,957.714,43.7185,1
289.872,267.97,4.6343,4.438,497.748,27.7857,4
251.261,236.78,8.6376,8.0244,924.856,55.17,2
262.408,205.569,9.2939,8.9224,987.884,43.9604,1
254.368,232.614,8.9557,8.5284,938.889,50.2121,2
311.513,285.528,1.4741,0.5157,242.596,21.7129,4
1.589,274.107,0.114,8.4628,926.43,50.216,3
256.087,356.08,3.329,0.0729,428.771,10.7909,4
247.329,253.484,9.2143,8.9268,940.861,56.9962,0
273.176,278.615,3.075,2.3318,347.425,35.4401,4
1.6228,271.234,0.1104,8.5138,935.039,47.2009,3
268.699,289.305,4.6335,2.1436,486.549,39.8532,4
270.114,290.893,7.2077,6.0661,779.012,42.0063,4
275.276,272.299,6.0401,5.7235,645.56,37.6986,0
303.136,284.512,0.4097,0.2146,228.92,32.2671,4
284.017,248.661,3.4861,3.2859,387.827,35.8205,4
264.216,201.815,7.8799,7.6405,824.273,42.8621,1
273.379,298.833,4.5443,2.013,500.776,42.753,4
273.934,273.268,7.4625,7.3925,838.567,41.9083,0
310.926,330.754,0.2691,0.1465,295.939,14.2987,0
260.187,261.198,3.1636,4.1233,494.583,22.4125,4
1.6116,266.797,0.1122,8.8014,960.128,51.3319,3
267.378,354.567,4.3112,0.108,538.257,15.3628,4
262.402,257.429,6.8882,6.6805,725.836,47.3734,0
270.097,265.772,7.6069,7.6234,880.974,46.7663,0
328.638,295.874,0.3292,6.9572,818.232,4.1076,4
256.992,262.13,7.9149,6.4947,812.913,47.6822,2
251.432,2.1387,9.1795,0.0509,959.849,51.1178,3
254.575,234.475,9.0841,8.6191,971.532,51.456,2
259.809,245.127,8.7386,8.1395,906.422,46.5318,2
283.299,253.108,3.8442,3.6722,422.236,31.1748,4
246.952,226.837,9.0815,8.5552,969.229,56.3302,2
268.07,245.85,9.0203,8.6256,969.305,42.9061,2
262.507,245.717,9.1388,8.5364,969.92,45.6116,2
260.102,199.35,7.9689,7.7125,833.763,47.1938,1
247.332,228.781,9.105,8.5832,969.143,55.2569,2
263.681,242.395,9.0924,8.6561,968.653,45.7979,2
253.966,238.44,8.686,8.0913,939.963,54.9551,2
267.306,246.007,8.3375,7.9339,882.663,42.7377,2
1.6057,269.958,0.1117,8.5523,929.777,50.9874,3
260.28,196.967,7.9544,7.7814,831.619,47.2947,1
1.6072,271.299,0.1153,8.6876,958.407,49.8871,3
278.309,273.018,6.1741,5.9429,728.275,36.1022,0
262.22,246.501,7.8925,7.3624,826.787,48.4092,2
277.727,294.103,4.7354,2.5676,501.022,32.9694,4
262.174,206.705,8.8554,8.4083,919.907,42.6407,1
265.976,244.247,8.306,7.8926,881.631,44.5141,2
296.066,257.769,3.7096,3.554,409.355,26.1948,4
260.072,245.155,9.122,8.5272,957.088,45.8025,2
276.83,276.572,7.8273,7.7684,881.921,39.9099,0
292.009,268.053,3.5986,3.4491,409.62,31.7982,4
1.6137,265.619,0.1131,8.8064,958.352,52.2691,3
260.029,243.889,8.5601,7.9599,882.831,43.7415,2
263.035,2.1165,8.9526,0.0384,933.288,43.9658,3
258.844,240.485,8.1126,7.6883,846.471,50.574,2
258.511,197.385,9.0212,8.7904,958.392,48.0828,1
262.253,285.637,6.1483,4.0335,643.51,47.0441,4
262.791,204.895,9.1932,8.8515,962.417,42.6215,1
266.53,302.463,6.6029,3.4917,732.064,48.4571,4
263.712,203.698,9.3168,9.0825,991.786,43.2687,1
253.126,236.355,8.9594,8.3422,939.575,51.6404,2
279.861,267.629,3.6735,3.1737,414.086,40.4771,4
256.32,199.767,8.7997,8.3936,913.788,47.9301,1
276.189,269.17,6.2913,6.189,704.375,37.0388,0
254.221,2.146,9.0624,0.0477,963.035,51.7915,3
264.759,202.169,8.9693,8.8111,946.828,44.1088,1
266.662,203.79,8.5019,8.3082,896.217,44.6687,1
268.02,203.396,9.0274,8.88,962.101,42.3403,1
266.057,245.392,9.0398,8.6012,950.021,41.6841,2
248.172,263.378,8.45,7.8507,865.612,50.6049,0
253.411,2.142,8.9595,0.0464,936.553,51.4749,3
264.363,2.1256,8.7687,0.0407,925.592,42.6758,3
267.601,278.223,7.6783,7.3292,828.036,39.3591,0
357.473,293.537,0.3586,7.0393,826.497,12.9769,4
263.706,245.056,9.1335,8.6346,968.785,44.5179,2
281.482,254.942,4.1354,3.8869,446.824,31.3433,4
285.239,271.446,5.8036,5.7473,636.63,32.8198,0
267.104,2.1115,8.7896,0.0374,929.05,43.5142,3
272.21,276.014,7.4583,7.2712,836.224,42.7201,0
1.6424,272.343,0.1015,8.9602,990.943,48.6238,3
262.265,247.509,5.3445,5.0798,550.909,45.5438,4
254.071,234.814,8.8255,8.2581,958.461,54.2582,2
262.48,198.621,7.9146,7.7426,832.984,46.7953,1
269.315,2.1119,8.1882,0.0441,865.828,39.9212,3
266.742,2.1207,8.8,0.0378,929.622,43.7077,3
252.426,2.1561,9.1448,0.0454,967.687,52.2036,3
274.137,268.093,6.6166,6.4452,705.917,38.7764,0
291.004,290.088,1.1953,1.442,204.672,32.7393,4
1.6215,270.701,0.1145,8.7977,960.711,46.3169,3
252.869,2.1435,9.1111,0.0478,963.928,51.7248,3
246.496,227.633,9.1701,8.5758,976.519,57.0765,2
270.78,274.39,7.7049,7.6057,885.148,44.4111,0
285.261,263.766,5.1887,4.9707,555.062,31.1587,4
264.744,2.1076,8.9111,0.0375,934.815,43.6143,3
261.648,199.781,8.9872,8.8148,950.446,46.7705,1
265.46,328.849,7.7135,1.7233,808.318,43.2858,4
278.011,273.023,4.938,4.7429,554.985,23.6827,0
282.551,255.388,3.8854,3.6715,426.18,31.3578,4
248.301,234.283,9.1785,8.4001,980.216,55.4983,2
261.676,2.0941,8.2312,0.0411,854.523,43.4444,3
1.6119,274.247,0.1057,8.7873,965.762,47.0231,3
260.533,203.115,9.0547,8.7069,955.456,46.2805,1
1.6104,272.962,0.1096,8.7673,966.445,48.3167,3
302.636,264.567,3.0327,3.4644,468.364,37.2703,0
257.865,198.542,8.7829,8.4814,911.355,46.3408,1
263.321,205.0,8.9829,8.6552,946.328,44.8829,1
259.346,320.721,7.6136,2.1406,803.483,51.2701,4
253.617,2.1367,9.1092,0.0483,968.089,51.8483,3
256.382,196.28,9.0608,8.7931,960.017,50.0159,1
259.49,233.07,8.2315,8.0435,864.245,52.0214,2
307.527,245.927,2.9389,3.7364,460.822,29.4815,0
274.025,275.02,7.3611,7.2762,826.448,41.7382,0
266.378,2.0894,8.7784,0.0359,923.945,43.8109,3
1.6135,267.32,0.1068,8.6025,929.488,50.8605,3
263.595,206.308,8.9723,8.6059,946.665,44.8454,1
264.585,266.664,7.6196,6.1145,804.067,46.324,2
253.669,258.92,8.588,8.3278,906.966,55.3918,0
263.768,267.822,7.6322,6.1344,804.149,46.8401,2
314.574,271.839,2.0992,1.6677,351.524,22.1899,4
264.064,2.1054,8.22,0.0415,857.265,42.4847,3
245.886,253.863,9.012,8.694,948.037,57.2887,0
262.187,2.0995,8.2173,0.0388,854.428,43.4203,3
248.401,234.417,9.0799,8.3974,968.664,55.4336,2
266.695,207.081,9.0046,8.6681,958.761,43.6302,1
262.149,2.1566,8.8684,0.0426,929.319,43.4811,3
267.2,2.115,8.8112,0.0358,930.983,43.661,3
263.125,2.1086,8.9365,0.0357,933.741,44.0379,3
1.6187,274.332,0.1063,8.7963,967.526,46.4743,3
263.846,2.088,8.877,0.0372,927.839,44.1662,3
293.66,286.26,2.3481,3.2818,433.562,11.8689,4
276.599,249.177,3.4817,3.323,380.137,34.4352,4
261.147,202.149,8.9994,8.7237,953.571,47.2555,1
256.199,194.958,8.6763,8.5046,913.565,52.798,1
251.667,194.67,8.8726,8.5496,920.684,52.9172,1
287.406,285.974,7.6307,7.5827,859.699,30.2936,0
264.609,2.1641,9.08,0.0477,958.607,42.3562,3
262.979,251.435,7.8368,7.1674,825.243,49.109,2
265.241,245.038,8.9777,8.5198,944.286,43.4202,2
246.919,255.264,8.7011,8.3287,862.363,55.9723,0
287.572,234.87,2.7327,1.5843,315.909,26.5475,4
262.216,300.265,7.655,4.9143,819.042,48.1318,4
255.418,196.685,9.0863,8.7761,955.799,48.27,1
305.103,274.926,1.2682,0.5325,209.133,26.4211,4
287.477,322.719,6.8797,3.2978,758.858,30.178,4
281.652,285.927,7.8091,7.6216,866.159,31.7182,0
288.161,291.941,3.5374,1.8856,394.816,31.2411,4
248.839,236.922,8.6939,8.0021,924.585,55.3664,2
253.907,339.369,9.0372,0.049,945.749,49.9947,2
274.486,270.782,6.7255,6.4596,709.973,38.6129,0
279.172,276.968,6.3,6.1009,691.427,29.4133,0
258.679,198.918,8.7406,8.4374,914.392,47.993,1
251.472,233.976,9.1959,8.6115,968.288,50.9963,2
260.617,198.633,8.7005,8.4784,913.386,47.3481,1
332.476,290.806,0.6529,3.2245,436.161,11.7784,4
260.702,203.135,8.7191,8.2748,915.928,46.9892,1
263.791,201.123,8.5697,8.3567,904.115,46.3337,1
269.218,289.589,6.1795,4.4609,651.189,42.6668,4
261.572,243.684,9.0525,8.5522,956.13,46.065,2
255.098,2.1586,9.0604,0.0474,969.376,51.9343,3
269.564,270.29,7.6383,7.4978,880.299,44.3902,0
1.6103,266.539,0.1131,8.6571,935.377,47.2902,3
268.248,245.683,9.2201,8.7845,993.323,40.7234,2
258.735,317.24,7.496,2.7485,749.663,48.8448,4
254.326,2.1483,9.0755,0.0473,959.363,50.8913,3
268.842,209.294,9.0299,8.6701,960.302,41.5789,1
253.583,261.398,8.6402,8.2838,882.929,50.8061,0
263.4,276.619,9.3342,8.8804,986.843,39.8699,0
1.6489,267.674,0.108,9.1051,995.675,45.8345,3
264.389,202.087,8.9118,8.7424,949.468,46.3302,1
291.378,277.537,5.8982,5.8417,650.524,30.4083,0
1.6377,266.901,0.1127,8.6816,935.834,47.7059,3
282.233,284.616,7.7066,7.6042,876.724,34.1469,0
260.155,242.562,8.0504,7.5929,842.752,49.0078,2
257.777,2.14,8.8856,0.0501,935.763,49.8884,3
264.523,207.471,9.1614,8.7845,963.81,42.4066,1
263.931,268.096,7.681,7.4775,880.021,47.5113,0
279.233,294.936,7.0504,5.9821,787.947,38.087,4
265.304,202.394,9.0791,8.8874,957.5,43.4576,1
264.5,244.802,9.3614,8.8312,989.343,39.623,2
263.776,271.13,8.8556,8.4975,941.904,44.6493,0
269.297,2.1142,8.1792,0.041,866.326,40.4631,3
256.159,196.864,8.7203,8.4631,912.636,51.6897,1
264.496,268.214,7.4414,7.2367,822.031,48.3261,0
265.808,205.703,9.1322,8.8295,960.293,41.552,1
260.216,204.026,9.0207,8.5964,939.052,44.8388,1
264.309,245.642,9.1077,8.6017,969.156,44.7055,2
254.939,238.19,9.1391,8.4953,969.538,50.0827,2
278.297,277.019,3.5634,2.5249,400.028,36.4087,4
318.525,328.09,1.8652,0.2296,312.336,17.2768,4
280.207,299.92,7.0154,5.6916,783.534,37.6171,4
276.908,281.053,7.7876,7.6098,871.04,36.2383,0
287.836,277.585,5.9723,5.8298,647.517,30.3135,0
285.807,265.727,5.3273,5.2782,605.36,31.5569,0
258.128,198.268,8.8991,8.6605,948.167,49.7601,1
266.057,258.98,7.6157,7.3489,796.33,41.8446,0
303.797,238.03,3.7034,4.6221,550.456,34.4144,0
353.337,312.234,0.1703,0.047,250.19,0.5209,0
258.959,2.1243,8.9241,0.0485,958.886,50.8645,3
263.96,256.99,7.6156,7.4211,800.866,46.1227,0
254.148,235.071,9.0014,8.4716,937.068,48.9447,2
262.444,206.121,9.3488,8.9672,991.008,43.4934,1
254.13,197.316,9.0852,8.7338,955.786,49.7677,1
255.188,242.332,8.1433,7.5569,835.205,49.121,2
261.016,243.662,9.0846,8.5696,957.787,46.2496,2
1.6035,270.918,0.1132,8.5143,929.468,51.1232,3
1.6108,266.193,0.1142,8.7946,958.771,52.155,3
273.54,272.295,6.8741,6.8138,818.685,44.3954,0
289.033,203.367,5.8242,6.5627,710.036,36.2467,4
286.346,273.754,6.5073,6.3957,705.988,29.4978,0
269.412,267.063,7.0526,6.7814,778.273,40.8835,0
260.573,278.366,8.5301,5.8531,893.956,47.5914,4
289.798,344.074,1.9766,0.0749,367.224,15.1814,4
262.536,263.75,7.4464,7.3295,845.844,50.7462,0
1.5947,275.73,0.1126,8.4096,926.679,50.1975,3
272.785,294.771,4.7956,2.943,520.554,37.522,4
282.338,284.022,1.3037,1.2545,146.583,22.2013,0
265.869,202.24,7.8229,7.6148,819.117,41.58,1
262.173,202.801,8.6682,8.3143,909.582,45.871,1
256.605,238.285,8.1068,7.6962,835.673,49.1475,2
298.005,263.173,3.696,3.5151,409.912,23.6132,4
259.379,204.575,9.0543,8.5927,948.491,46.8458,1
1.5538,270.073,0.1033,9.0983,995.168,42.2463,3
251.09,234.761,9.1956,8.6079,972.448,51.637,2
262.75,205.907,9.011,8.636,946.178,44.6516,1
268.061,251.93,5.0037,4.7458,527.821,42.4038,4
261.381,244.748,9.3705,8.774,978.23,42.8283,2
256.033,196.647,9.0683,8.8042,955.149,48.3965,1
262.303,245.485,9.0502,8.513,956.41,45.7263,2
252.471,2.1336,9.1564,0.0471,962.71,51.0928,3
270.183,239.583,9.2282,9.0537,992.581,38.2019,2
263.758,247.161,9.1096,8.5467,951.154,41.8042,2
1.5853,270.636,0.1089,8.5752,929.22,50.2363,3
269.247,263.014,5.4413,5.1849,600.587,44.5002,0
261.826,199.441,9.0437,8.9036,956.297,47.3582,1
256.862,238.287,8.1027,7.6956,836.018,49.2873,2
266.675,202.241,8.5142,8.3564,894.563,43.908,1
258.921,203.064,9.0954,8.7159,947.443,44.9323,1
262.445,244.104,9.1872,8.6809,969.047,43.2133,2
263.3,203.091,8.6146,8.3281,901.885,45.7836,1
259.116,244.298,8.0477,7.4871,836.907,48.8333,2
261.378,2.0902,8.2417,0.04,854.326,43.4444,3
266.338,2.1479,9.0286,0.0425,953.012,41.47,3
256.773,197.162,8.0513,7.7785,832.589,47.7822,1
260.662,319.638,7.3282,1.8811,741.162,49.4793,4
264.566,203.955,9.2182,8.9905,989.004,44.4673,1
283.376,278.175,5.3636,5.1684,593.979,30.5084,0
290.685,249.674,3.353,3.2371,372.597,33.2339,4
264.203,2.1808,9.1364,0.0435,956.99,41.6334,3
291.069,320.958,3.3194,1.6092,542.117,27.515,4
269.466,2.1117,8.1904,0.0393,868.654,40.6224,3
267.112,252.704,5.5977,5.3124,584.329,43.2923,4
262.71,245.719,9.0328,8.4671,956.513,46.0704,2
303.517,258.342,3.8348,4.9178,566.67,35.4336,4
266.833,249.387,9.293,8.6828,987.172,38.241,2
250.895,236.724,9.2204,8.5175,969.917,51.0244,2
270.805,278.182,6.1435,5.8297,724.037,43.3894,0
265.157,271.664,4.279,4.1287,490.228,19.2238,0
297.428,256.254,3.328,3.2036,370.053,24.2879,4
259.108,241.039,8.0848,7.6451,842.013,49.4498,2
1.6467,271.751,0.1024,8.9773,994.588,49.5378,3
289.438,292.52,7.5597,7.386,869.429,25.8231,0
254.471,2.1318,8.9263,0.0464,933.74,51.2392,3
268.171,249.198,8.8721,8.354,944.661,43.4939,2
254.803,197.822,9.0121,8.6766,947.662,49.8806,1
256.453,240.122,8.1816,7.6817,842.627,48.9075,2
300.55,260.163,3.1218,3.5462,468.89,37.8255,0
262.448,2.1264,8.9498,0.0372,934.207,43.8718,3
258.216,205.117,9.4386,8.9395,991.065,44.9068,1
287.48,263.754,5.0105,4.837,539.195,30.5613,4
261.179,197.534,7.9533,7.7962,836.06,47.1505,1
247.583,254.348,8.8287,8.5302,937.526,56.8798,0
247.897,258.008,9.1106,8.7012,966.672,54.6456,0
263.629,273.268,7.7739,7.4401,871.75,47.4041,0
268.279,254.593,6.3413,6.0726,673.522,42.5778,4
1.6059,269.549,0.1184,8.6097,928.881,50.1428,3
265.505,245.308,9.1847,8.703,975.358,42.5592,2
272.282,246.587,5.6029,5.3916,629.045,39.9353,4
265.162,246.924,9.3014,8.7364,988.999,41.0425,2
285.543,279.597,5.4368,5.227,655.169,30.8655,0
264.452,247.956,9.1579,8.5812,968.999,42.4848,2
265.496,2.1837,9.0455,0.0469,957.066,42.1936,3
282.063,264.662,6.6329,6.7144,754.498,40.1098,0
259.61,201.397,8.0061,7.6547,832.285,46.3523,1
266.16,275.488,8.9144,8.5963,943.855,42.0505,0
284.382,288.85,0.6705,0.6925,125.226,30.5843,0
244.457,226.769,9.1537,8.551,968.917,56.1991,2
277.678,279.485,3.2381,0.9553,363.368,35.3188,4
262.507,206.077,9.023,8.6395,947.069,44.2103,1
259.312,2.1317,8.9121,0.0413,925.197,43.0992,3
273.822,291.024,3.365,1.0272,374.402,40.5285,4
262.655,2.1133,8.8266,0.0404,924.812,42.8553,3
259.89,199.34,8.7332,8.4584,915.178,47.0507,1
261.676,2.1012,8.2486,0.0435,854.979,43.2849,3
250.009,226.46,9.0582,8.6178,973.65,56.3884,2
264.889,205.704,9.161,8.8169,960.315,41.626,1
261.302,2.152,8.8791,0.0421,928.603,43.2824,3
1.6267,276.25,0.1053,8.7595,966.935,44.5744,3
262.492,243.341,9.0611,8.5964,957.26,45.8213,2
264.877,244.602,9.172,8.7188,972.68,42.8815,2
260.958,241.117,8.5407,8.0425,891.798,46.6391,2
251.939,238.222,8.9929,8.2698,939.26,51.1981,2
311.142,305.297,2.3698,2.117,309.292,15.0009,4
269.063,249.477,9.2214,8.6949,987.158,37.8697,2
258.647,205.794,9.1062,8.6095,948.256,45.4161,1
298.702,256.731,3.3327,3.2477,377.866,25.2087,4
310.543,347.535,2.0197,0.1122,518.06,18.6556,4
251.211,227.091,9.0572,8.6352,980.511,56.0931,2
266.784,2.0898,8.7549,0.0387,924.582,43.7702,3
254.311,239.645,8.3252,7.7496,853.799,51.5344,2
267.93,204.811,9.0353,8.8249,960.803,41.8526,1
261.394,203.691,9.0492,8.7032,954.506,45.9928,1
260.675,241.09,9.0807,8.6226,956.576,45.9811,2
260.273,240.184,9.0704,8.6029,958.371,47.1354,2
258.564,196.644,7.9858,7.7804,831.519,47.3915,1
246.535,231.577,9.143,8.5052,970.272,54.9738,2
264.289,202.996,8.967,8.765,947.001,44.5169,1
284.767,283.819,5.6822,5.432,624.165,27.0219,0
261.984,245.014,8.6024,8.04,898.293,46.4821,2
256.65,240.964,8.1857,7.6661,846.13,50.5963,2
255.615,230.767,8.7149,8.7273,906.189,50.8202,1
262.961,2.1456,9.1601,0.0464,958.892,42.0002,3
265.661,2.0069,8.326,0.0414,870.333,41.6104,3
261.56,201.533,9.3457,9.1044,988.788,43.9708,1
264.98,2.1755,9.041,0.0474,956.597,42.6854,3
262.845,243.653,8.5967,8.138,903.906,47.0485,2
315.233,357.585,2.2924,0.0971,508.376,11.7262,4
260.333,347.591,4.9959,0.1545,612.205,22.1035,4
265.314,208.399,9.1459,8.7074,961.136,41.589,1
290.728,263.73,4.3656,4.2716,486.069,28.5017,4
1.636,273.508,0.1042,8.9433,992.625,48.6249,3
254.264,2.13,8.9562,0.0466,933.914,50.7241,3
258.544,258.18,7.889,6.7059,816.203,48.2595,2
250.562,237.189,8.8232,8.1482,941.888,54.9774,2
262.203,201.81,7.9396,7.6335,825.393,43.567,1
250.567,236.455,9.2345,8.5299,970.156,51.0369,2
258.972,243.604,8.0192,7.5155,830.44,47.9176,2
258.244,299.375,7.7909,5.2295,820.741,48.0614,4
255.135,235.893,9.1009,8.5474,969.431,50.5869,2
261.34,265.007,7.71,6.2136,804.639,46.8914,2
291.754,281.297,5.0506,4.899,618.896,28.4362,0
269.003,2.1138,8.2037,0.0403,865.576,39.937,3
1.3083,267.667,0.108,8.6391,935.312,46.511,3
270.492,2.0883,8.1391,0.043,866.067,39.9049,3
273.135,265.102,6.0786,5.8659,663.848,41.9128,0
259.213,239.016,9.1011,8.6458,957.413,47.1287,2
264.454,243.911,9.1146,8.6579,969.252,43.8109,2
253.961,196.677,8.7594,8.4575,908.242,51.0462,1
250.412,235.68,9.0221,8.3831,966.629,54.2193,2
272.123,266.376,5.0031,4.7376,599.427,41.5996,0
258.82,201.005,9.4298,9.1126,990.713,44.8851,1
267.853,2.1032,8.2512,0.0418,865.499,40.0512,3
261.492,241.226,8.7939,8.2677,933.998,47.4544,2
254.665,198.143,8.7729,8.4124,920.861,52.8435,1
256.508,197.834,8.8016,8.478,908.321,45.885,1
1.6479,265.872,0.1043,9.0421,986.205,48.7856,3
260.954,244.737,9.0985,8.5431,956.672,45.7978,2
257.296,261.856,7.9026,6.4892,812.261,47.6565,2
282.033,262.991,4.5471,4.2841,486.468,35.5618,4
269.712,288.504,6.164,4.6116,659.306,44.8182,4
303.398,292.643,4.3356,4.2362,586.647,28.0677,0
260.949,238.906,8.7841,8.3154,934.069,48.6663,2
265.742,2.117,8.7206,0.0416,925.276,43.5397,3
258.859,199.548,9.021,8.6887,958.619,48.3068,1
266.78,203.661,9.1891,9.053,988.218,42.6916,1
250.15,255.291,9.1354,8.8917,943.023,56.5308,0
256.856,235.261,8.3347,7.9574,862.663,51.9593,2
275.129,323.082,3.7122,0.2249,489.59,26.3191,4
265.6,274.958,9.1074,8.7737,966.415,42.3753,0
261.566,199.794,8.6538,8.4176,904.685,46.4254,1
276.16,270.408,7.4638,7.523,840.318,40.0922,0
258.563,205.281,9.1115,8.6251,947.617,45.3951,1
258.043,202.152,9.0098,8.5507,953.294,48.0584,1
268.888,278.19,8.8528,8.5417,945.215,41.8815,0
260.986,261.478,7.3056,6.8812,769.309,47.0881,0
272.132,276.298,6.3265,6.1178,748.365,43.6329,0
260.492,205.029,8.931,8.476,920.619,42.713,1
266.395,204.969,9.0115,8.7638,958.5,43.6402,1
260.781,240.036,8.7349,8.3393,911.669,47.1518,2
260.614,265.233,8.6517,8.3672,905.922,45.977,0
268.315,239.983,9.2259,8.9831,993.857,40.737,2
264.091,246.889,9.1037,8.5565,951.188,41.7997,2
1.6538,266.029,0.1002,9.1312,993.894,49.4155,3
267.261,201.582,8.8242,8.7233,935.884,44.3381,1
267.955,243.804,8.8935,8.5732,943.006,42.6326,2
273.166,267.224,3.1445,2.3528,353.826,35.3637,4
252.262,2.1475,8.9238,0.0451,935.427,53.6647,3
250.766,236.615,9.204,8.5424,972.285,51.6418,2
259.524,2.1607,9.0498,0.0432,945.216,44.9778,3
255.042,195.977,8.765,8.5021,921.461,52.83,1
254.246,2.1557,8.7979,0.0468,933.284,53.3109,3
248.767,2.1635,8.9945,0.0446,935.776,53.6269,3
250.961,237.151,9.2028,8.5082,971.145,51.628,2
258.331,237.009,8.098,7.7793,844.041,50.5351,2
283.042,261.301,4.4762,4.278,480.852,35.4319,4
279.884,252.364,3.3733,3.2271,374.213,32.4084,4
1.6095,266.143,0.1112,8.8067,960.364,52.0417,3
265.418,202.379,9.1312,8.9165,959.29,41.7258,1
304.325,231.257,1.7765,1.9116,280.997,29.2562,4
266.149,273.8,7.8084,7.5859,883.604,45.1194,0
264.85,203.528,9.2426,9.0396,991.853,44.6213,1
300.851,302.56,2.5892,0.1668,301.853,23.2448,4
272.245,247.966,8.7388,8.5139,951.448,41.9274,2
263.25,201.739,8.9573,8.7309,941.213,44.4855,1
257.969,195.286,9.0355,8.8478,959.134,48.8321,1
257.6,262.29,9.2536,8.9967,985.938,48.1746,0
1.6045,268.076,0.1065,8.7306,957.861,52.553,3
263.351,2.18,9.137,0.0463,959.497,42.0511,3
252.92,235.655,8.9613,8.3744,936.388,51.053,2
264.783,271.644,8.8025,8.4113,923.981,44.1768,0
256.023,265.079,8.172,7.7595,855.552,48.4794,0
263.139,204.354,8.9679,8.6527,936.018,43.8909,1
248.742,255.901,8.73,8.3898,905.114,56.5219,0
260.641,203.671,9.0566,8.702,948.387,45.4306,1
263.898,199.665,9.2878,9.2161,989.103,43.4683,1
273.666,288.738,2.8301,0.9736,316.699,39.3139,4
267.064,262.289,6.7667,6.5911,724.496,46.4869,0
258.491,240.904,8.8868,8.3087,942.86,49.5879,2
258.009,195.21,8.9817,8.8219,952.252,48.6941,1
267.259,206.56,8.8532,8.5933,930.175,42.0542,1
266.022,205.424,9.115,8.8155,959.297,41.7786,1
263.866,2.1612,9.1271,0.0448,953.433,41.4503,3
284.803,254.495,1.8218,0.3115,249.639,32.3186,4
252.404,236.966,9.1828,8.5028,969.156,50.4153,2
263.344,268.539,7.3447,7.0977,833.878,50.6211,0
273.106,273.432,7.6579,7.6483,884.637,45.0672,0
263.761,200.842,8.9251,8.7717,954.172,46.7263,1
260.508,246.546,8.6463,7.9856,898.425,46.6557,2
261.123,204.83,9.0165,8.6508,946.347,44.9512,1
262.88,251.167,5.0514,4.7137,528.464,44.7841,4
269.818,269.609,7.0859,6.9967,841.913,46.2643,0
279.967,274.924,7.4418,7.4842,862.62,36.703,0
265.563,308.061,8.1068,5.3904,839.459,41.1356,4
267.491,256.332,7.0073,6.9058,743.843,44.3956,0
315.629,258.588,2.3002,2.7353,378.592,23.5838,0
1.6494,271.446,0.1052,8.9776,993.967,49.5296,3
1.6599,268.836,0.1033,8.9621,987.24,48.4608,3
259.337,245.648,8.7407,8.0971,905.789,46.5664,2
263.677,2.1192,8.2201,0.0434,857.518,42.4885,3
1.6215,273.052,0.1092,8.8259,966.092,46.3386,3
258.394,240.785,8.8723,8.2527,935.837,48.5874,2
265.01,241.948,8.4759,8.1595,898.28,46.916,2
1.6119,277.473,0.1067,8.6703,966.011,47.3813,3
1.6111,273.884,0.1117,8.7087,960.78,46.3218,3
261.481,273.464,7.8619,7.4962,848.014,44.7896,0
281.447,276.323,6.2028,6.0561,692.508,31.1073,0
274.935,279.065,6.7289,6.5555,788.041,39.7888,0
297.659,260.01,3.4892,3.3331,386.596,24.1798,4
258.326,199.46,9.0132,8.6748,956.235,48.2632,1
287.754,279.398,5.5756,5.4378,622.414,27.2245,0
258.231,201.647,8.7689,8.3471,905.831,46.3819,1
273.715,278.549,4.5878,3.8981,658.643,25.5094,4
270.848,270.866,7.2986,7.1781,860.335,43.9934,0
250.036,2.1549,8.9859,0.0475,936.795,53.6771,3
1.6101,266.823,0.1154,8.6486,934.563,47.4611,3
267.07,244.204,9.258,8.8319,992.433,40.2831,2
1.6526,271.289,0.1095,9.0132,996.006,45.4281,3
289.671,319.85,5.2745,1.6106,573.692,28.28,4
262.253,269.053,8.6012,8.352,926.181,46.8086,0
292.553,265.121,4.4243,4.3385,503.702,29.4446,4
275.865,293.253,3.9085,1.3504,423.048,37.1698,4
259.993,202.757,8.7151,8.3073,913.007,47.394,1
272.827,270.084,4.8081,4.5304,575.012,39.4183,0
261.711,269.373,7.9493,7.6175,901.235,47.6666,0
279.312,292.844,0.8133,0.7764,131.062,30.0932,0
247.596,232.95,9.1403,8.3991,979.388,56.8478,2
284.302,263.631,4.2693,4.0463,456.045,33.5979,4
260.16,273.455,9.4662,9.0124,989.757,40.4178,0
260.669,348.027,4.6347,0.1237,570.016,19.446,4
265.826,274.002,8.5076,8.2213,911.587,42.6753,0
253.387,194.747,8.7783,8.5066,917.779,52.7189,1
262.983,309.614,7.5086,3.5764,800.106,45.8338,4
264.529,326.273,4.9309,0.6603,601.495,16.7546,4
1.6039,275.048,0.1052,8.678,966.28,50.4464,3
250.651,235.372,9.2047,8.579,971.017,51.6327,2
263.536,205.538,8.9541,8.5751,939.055,44.0119,1
274.947,276.993,7.7928,7.6813,878.667,38.5749,0
263.604,201.42,7.8302,7.608,831.396,47.3054,1
263.441,2.1153,8.9196,0.0366,933.501,44.0358,3
258.466,252.456,6.8453,6.627,724.92,49.2251,0
266.0,249.176,9.3574,8.7273,990.611,37.727,2
262.217,2.0977,8.2806,0.0426,857.969,42.3879,3
255.146,199.263,8.83,8.4337,909.592,45.7686,1
296.732,258.71,3.2914,3.159,371.643,25.3505,4
252.796,234.416,8.292,7.7783,890.136,53.7116,2
253.136,258.748,8.3879,8.0457,844.18,52.5788,0
1.6495,269.719,0.1098,9.0453,995.892,45.8345,3
256.29,241.919,8.1877,7.6232,843.511,49.4563,2
260.819,203.258,9.3366,9.0132,989.165,44.381,1
306.071,240.733,2.3948,2.6723,368.043,28.4423,4
264.132,205.367,8.575,8.1957,892.576,43.781,1
260.711,201.445,8.7124,8.371,909.572,45.1908,1
1.6083,269.718,0.1131,8.5641,934.422,46.7472,3
261.72,206.153,9.059,8.63,955.951,46.3988,1
262.476,205.184,8.9893,8.6175,955.685,46.2609,1
320.419,350.285,1.4163,0.083,421.702,12.2162,4
275.208,268.0,5.6834,5.5102,691.045,40.5754,0
274.88,291.877,3.0048,0.95,336.207,39.7909,4
263.155,244.636,9.4072,8.8361,993.229,40.4159,2
265.915,2.1049,8.7249,0.0407,923.442,42.9291,3
261.279,270.779,8.0468,7.5629,842.069,46.1885,0
261.693,244.762,8.5123,7.95,883.112,43.5839,2
1.6618,268.538,0.1047,8.9626,987.25,49.9994,3
270.581,247.161,5.7687,5.5013,643.081,40.1489,4
295.52,346.054,2.3264,0.0883,403.265,16.4235,4
251.43,2.1653,8.9247,0.0462,936.232,53.6122,3
274.665,278.917,6.0372,5.8304,722.992,43.431,0
263.296,2.1759,9.1075,0.0451,957.597,42.6536,3
276.434,260.837,5.3596,5.0842,560.681,35.7035,4
327.266,315.791,1.3436,1.1497,219.102,12.4815,4
264.278,204.72,8.9063,8.607,939.029,44.3713,1
265.763,203.659,8.8683,8.6446,936.377,44.5745,1
262.464,208.591,8.9284,8.4805,924.336,40.7837,1
261.361,196.443,7.9549,7.8416,836.38,47.1855,1
259.485,244.8,9.2934,8.6926,964.509,42.311,2
274.931,265.976,4.9327,4.7239,597.401,41.56,0
270.631,303.834,6.9263,4.5017,764.816,43.7808,4
272.547,277.273,7.8459,7.6041,869.924,40.6539,0
271.467,254.196,3.5852,3.1599,395.125,39.8574,4
265.969,207.667,8.7926,8.4592,923.194,41.8148,1
267.178,201.038,8.746,8.747,949.585,47.3496,1
262.328,259.196,7.3313,7.0337,792.521,43.1635,0
310.254,297.385,1.0718,0.9493,141.189,11.5084,0
253.445,2.1268,9.1304,0.0478,962.493,51.1313,3
252.226,256.615,9.1095,8.8904,966.861,55.3518,0
263.94,201.653,7.8788,7.6507,831.321,45.9543,1
265.114,203.862,9.2128,9.0324,988.227,43.6635,1
260.822,254.402,7.8039,6.8183,816.91,48.3066,2
255.8,230.746,8.9763,8.6611,966.117,52.0269,2
316.837,346.097,1.6941,0.0814,416.063,11.8859,4
258.594,201.554,9.0489,8.6986,947.844,47.1295,1
259.045,257.146,7.877,6.7403,815.931,48.283,2
255.812,235.588,8.9158,8.4228,939.15,50.2533,2
276.8,292.833,2.0858,1.8703,255.558,34.0487,0
1.6101,266.979,0.1076,8.6119,930.084,51.1067,3
290.499,282.955,2.7341,0.8097,305.412,31.0708,4
1.6052,271.778,0.1184,8.7588,960.651,48.3635,3
294.983,272.33,0.3657,0.2082,153.656,31.518,0
260.859,241.942,7.9637,7.5813,830.886,47.8975,2
264.805,239.087,8.4177,8.1459,887.375,44.6034,2
258.912,209.517,9.1136,8.4291,948.61,45.3616,1
259.633,199.189,7.9901,7.732,835.342,47.2447,1
267.364,307.716,5.9615,2.1306,620.045,41.051,4
259.53,205.017,9.0808,8.6517,946.821,44.5402,1
264.784,2.1039,8.8849,0.0369,931.532,44.1023,3
278.578,254.716,3.5929,3.3676,390.338,29.7077,4
319.231,293.625,2.5343,2.3683,476.415,27.1407,4
289.302,278.116,2.8589,1.6472,316.23,31.369,4
267.298,2.1499,9.035,0.0427,956.954,41.7158,3
261.999,199.442,8.636,8.4229,905.552,46.3603,1
280.949,252.293,4.4156,4.1733,472.473,31.5573,4
257.63,242.665,8.1147,7.5738,838.682,48.8146,2
251.739,227.433,8.9408,8.5637,971.85,56.6652,2
251.948,263.946,8.7315,8.2491,888.226,51.3289,0
1.6154,274.444,0.1155,8.6932,959.738,47.4506,3
319.762,299.961,0.3185,6.8087,798.191,4.0353,4
263.79,2.1508,8.805,0.0404,928.107,43.2225,3
278.954,269.186,6.9951,6.8698,779.547,38.1005,0
266.743,205.324,8.4649,8.1919,892.082,43.9481,1
262.403,199.11,8.9272,8.7899,947.685,47.101,1
257.375,258.892,6.5535,6.1654,683.163,47.0053,0
1.6192,274.312,0.1129,8.4722,930.804,48.3027,3
259.187,196.402,7.993,7.8134,832.008,47.3449,1
262.075,248.465,5.347,5.0736,559.012,47.8365,4
1.6475,271.596,0.1057,9.0079,992.328,48.6249,3
257.479,2.1532,8.9621,0.0499,964.851,51.7448,3
248.25,227.125,9.0329,8.5438,969.161,56.3168,2
1.6541,271.174,0.103,8.8538,983.493,49.5417,3
283.293,245.821,2.9646,2.7555,342.006,33.1197,4
287.696,251.544,3.4735,3.2846,381.221,33.0702,4
1.6241,274.342,0.1061,8.7953,966.273,46.3179,3
1.6636,265.804,0.1064,9.0638,988.939,50.1217,3
269.448,266.607,7.4621,7.4449,877.71,46.766,0
264.958,2.1033,8.1429,0.0415,856.434,43.133,3
267.58,248.976,9.3164,8.7505,992.592,38.3011,2
314.001,257.629,3.2498,4.3537,518.563,25.6514,4
277.885,284.502,4.6064,3.7568,563.691,40.6588,4
252.837,198.323,8.7955,8.3789,914.117,52.4704,1
1.6396,271.775,0.1117,8.9807,993.482,49.6573,3
271.77,253.715,5.2625,5.008,535.745,32.8364,4
264.526,241.785,8.5053,8.168,899.256,46.7895,2
259.255,201.582,9.0371,8.7124,947.833,46.9187,1
268.073,269.608,7.6607,7.5028,886.163,44.8143,0
258.956,200.665,8.024,7.6801,832.594,46.6047,1
261.16,242.581,8.5683,8.0249,890.044,45.0782,2
255.756,2.144,9.0537,0.0473,963.841,50.3445,3
263.2,2.0878,8.8807,0.0366,923.786,43.8426,3
255.867,2.1298,8.8768,0.0471,940.147,52.5985,3
273.964,266.571,6.5947,6.3702,714.485,38.968,0
258.12,261.25,6.255,5.82,656.47,48.8526,0
304.221,237.647,2.4535,2.837,373.069,28.1882,4
258.426,2.1179,8.937,0.0444,923.837,43.5851,3
249.325,235.289,9.0212,8.3288,962.377,53.5377,2
245.927,233.548,8.9722,8.2986,948.127,55.1239,2
260.549,241.585,7.9589,7.5726,828.774,48.2783,2
267.597,208.264,9.0724,8.7205,959.898,41.5698,1
258.351,281.926,3.7209,0.1783,687.138,27.9783,4
264.209,2.1111,8.2947,0.0426,863.018,41.201,3
261.54,203.725,9.0174,8.6399,938.597,44.7927,1
264.612,206.285,8.595,8.2137,895.313,44.2519,1
265.133,202.671,8.9084,8.7401,948.132,45.1255,1
268.759,301.573,6.607,3.7281,738.67,48.6478,4
255.859,2.1446,8.852,0.0437,933.916,51.7027,3
263.103,242.973,9.0219,8.5906,957.106,46.3208,2
300.803,234.316,1.461,1.4641,233.917,27.6568,4
258.848,240.018,8.0375,7.64,830.846,47.9083,2
287.435,238.008,2.3821,2.2511,276.584,33.359,4
348.743,292.858,0.3699,7.057,835.141,16.7304,4
1.6116,273.663,0.1118,8.4475,929.246,50.7742,3
1.6191,273.586,0.1092,8.8158,967.034,46.7017,3
266.942,2.1607,9.0096,0.0447,958.033,42.0749,3
266.891,206.18,9.0846,8.7855,960.177,41.871,1
267.207,246.825,9.0168,8.5803,967.664,43.8963,2
258.748,265.391,8.7696,8.4448,932.235,45.7399,0
267.824,294.062,4.6666,2.0229,489.987,39.7101,4
1.6102,270.438,0.1172,8.7011,959.667,51.1634,3
1.6484,272.33,0.1015,8.9597,992.397,48.7454,3
271.309,273.693,7.7136,7.633,883.82,44.7649,0
253.71,199.346,9.1423,8.6738,956.62,48.1379,1
256.317,234.876,8.6212,8.2543,941.781,54.964,2
262.086,2.1137,8.8342,0.0415,922.939,43.2269,3
263.933,2.1737,8.789,0.0419,926.916,43.2181,3
265.375,241.548,8.3284,7.9852,881.343,44.6902,2
264.876,249.436,9.2427,8.59,977.265,43.1113,2
267.349,250.366,6.0986,5.9222,678.63,42.6849,4
263.591,245.251,9.1941,8.7045,967.053,41.9605,2
262.132,202.826,7.9454,7.596,825.912,43.5959,1
261.014,199.654,9.0127,8.8224,953.232,47.3336,1
259.597,270.401,8.9354,8.4713,939.107,46.0147,0
1.5922,271.656,0.1124,8.6789,958.818,49.9268,3
245.512,256.92,8.8438,8.3638,925.572,57.894,0
281.331,259.799,4.7562,4.5526,509.172,35.8968,4
264.453,266.11,7.6348,6.2471,807.169,47.1541,2
1.6551,264.407,0.1061,9.066,985.823,48.6716,3
257.859,320.745,7.3605,1.4848,770.024,46.5469,4
249.73,234.029,9.0557,8.45,968.034,54.1454,2
263.487,205.423,9.2618,8.9159,985.559,43.4439,1
255.325,196.707,9.0549,8.7589,956.355,49.8011,1
263.674,2.0926,8.1749,0.0424,855.321,43.4067,3
269.448,254.258,6.0094,5.7975,673.28,42.1684,4
255.612,2.1533,8.9852,0.0481,958.855,52.1189,3
1.5976,269.539,0.1133,8.6022,928.196,50.1,3
264.287,271.949,8.1693,7.8711,889.312,45.3606,0
263.648,206.244,8.961,8.5355,939.191,44.8525,1
1.6091,274.686,0.1033,8.7626,965.365,47.2436,3
264.074,2.1469,8.7871,0.0424,930.083,43.8306,3
257.817,202.193,9.0692,8.6784,947.234,47.0577,1
277.51,263.519,3.7056,3.2115,413.907,40.4872,4
260.346,200.641,8.7366,8.4196,910.915,45.1271,1
296.964,355.658,1.9761,0.0552,372.569,9.3856,4
254.432,196.23,8.7384,8.4605,917.012,52.9005,1
260.176,201.026,9.052,8.7403,938.367,44.9146,1
286.894,291.565,0.3012,0.6695,121.069,23.4817,4
273.955,259.778,4.2306,3.8668,465.462,40.9543,4
258.101,204.623,9.4763,9.0022,990.845,44.3642,1
1.6105,270.927,0.1139,8.5223,936.009,47.1175,3
261.3,208.084,8.6954,8.1133,897.833,44.8309,1
251.177,233.821,9.1408,8.451,980.297,53.5778,2
1.6159,273.782,0.1111,8.7323,966.381,48.4943,3
261.725,269.247,9.0502,8.6668,948.35,44.3154,0
262.593,202.388,9.3208,9.0778,991.239,44.7966,1
265.549,246.779,8.9796,8.506,940.834,41.5514,2
263.349,197.832,7.8372,7.7736,833.71,47.5383,1
262.701,319.241,5.0501,2.8421,620.859,20.4826,4
1.6186,274.46,0.1091,8.824,967.25,44.1665,3
264.432,243.515,9.0703,8.6241,970.163,45.4348,2
267.546,2.0929,8.0309,0.0439,855.403,43.4094,3
263.115,204.988,9.0223,8.7122,947.068,44.068,1
279.434,318.185,6.8428,3.3946,759.854,37.601,4
263.715,202.937,8.8365,8.6026,923.564,42.9401,1
251.072,233.893,8.9997,8.4455,966.161,54.3089,2
261.472,243.199,9.0646,8.5638,956.662,46.0401,2
262.192,203.729,8.6302,8.2663,892.325,43.8204,1
257.295,237.964,8.1377,7.742,842.435,50.0032,2
257.027,194.744,8.6782,8.5346,919.921,52.421,1
264.919,204.073,9.2263,9.0277,988.556,43.6493,1
1.6071,271.203,0.1134,8.4914,928.685,50.5778,3
259.652,197.339,8.7018,8.4882,913.846,47.9344,1
270.65,351.545,3.5489,0.0884,463.216,14.0043,4
268.291,207.239,8.7914,8.5468,925.263,40.729,1
264.237,2.1428,8.7658,0.0389,926.826,43.3538,3
265.09,2.1542,9.0277,0.0451,954.367,42.8373,3
264.254,223.283,8.7861,8.8845,920.693,42.9776,1
271.237,277.475,7.5364,7.2672,838.737,41.8193,0
259.406,238.691,8.154,7.7933,854.195,51.2054,2
253.799,193.894,8.7597,8.5457,913.591,52.5317,1
262.746,198.342,7.8899,7.755,833.149,46.9171,1
267.48,204.617,8.7621,8.6048,922.525,41.3063,1
271.18,295.65,6.9322,5.1882,774.644,45.4007,4
250.64,234.168,9.0036,8.4154,967.865,54.7844,2
258.305,237.068,8.8691,8.3955,934.514,48.7242,2
266.199,244.27,9.1042,8.6982,972.868,43.2429,2
261.841,201.832,8.6482,8.339,905.134,46.4338,1
1.6173,273.531,0.1097,8.8289,967.484,46.2481,3
252.842,195.732,9.0804,8.7568,952.621,50.0915,1
261.128,312.304,7.5805,3.3084,800.607,45.7556,4
272.485,297.262,5.9325,4.2783,656.305,37.7466,4
254.532,195.514,9.1325,8.833,959.754,49.0472,1
267.066,272.978,7.7175,7.4,879.935,44.4928,0
249.923,232.607,8.8693,8.3334,952.299,56.3969,2
266.483,2.1683,9.0219,0.0449,958.253,42.3695,3
260.297,201.898,8.7226,8.3558,908.888,45.1908,1
310.682,249.645,3.0782,3.9647,486.813,31.2173,0
253.613,235.373,8.9042,8.385,966.396,54.3451,2
262.427,242.377,8.9989,8.5389,957.437,47.0959,2
304.514,265.488,3.2628,3.1375,368.583,19.2501,4
264.457,204.538,8.9491,8.6951,945.922,44.7107,1
1.6321,271.158,0.1077,8.9732,991.388,49.1517,3
1.66,270.31,0.1021,8.9856,991.795,46.5824,3
261.394,2.1209,8.8644,0.041,924.943,43.5989,3
251.729,2.144,9.0484,0.0459,935.401,49.9927,3
265.045,2.1138,8.8736,0.0366,930.772,43.4115,3
252.41,230.837,8.8916,8.4621,962.705,55.7486,2
259.984,198.646,8.563,8.3912,909.2,51.0541,1
257.819,268.773,8.8736,8.3723,918.066,44.7599,0
257.625,271.363,7.7311,7.1931,852.027,50.743,0
274.825,259.828,5.1665,4.8907,542.282,38.3042,4
262.896,244.429,8.5741,8.0837,899.479,46.4947,2
270.875,271.803,7.6243,7.5589,878.051,43.1242,0
292.213,251.886,2.501,0.3227,285.954,31.3082,4
251.077,232.299,8.9373,8.4147,963.323,55.7132,2
281.387,261.687,4.0382,3.8321,444.799,35.8067,4
266.288,2.0972,8.84,0.0371,932.952,43.9715,3
1.6086,272.185,0.1064,8.8168,967.183,49.5572,3
281.317,278.078,5.9098,5.7223,651.699,29.4523,0
273.289,280.465,6.4255,5.8021,681.593,37.8177,0
254.951,288.139,8.2592,6.5675,855.022,50.7581,4
1.6609,267.882,0.1014,9.1105,992.275,49.4714,3
268.906,285.969,6.2336,5.0771,686.037,39.5764,4
253.666,198.861,8.7581,8.3327,915.3,53.0164,1
254.204,234.869,8.9438,8.4126,938.348,51.0366,2
249.757,235.495,8.8056,8.1888,936.795,54.9291,2
275.436,285.674,7.9578,7.6548,867.68,34.8012,0
264.586,207.348,9.1357,8.7494,960.556,42.3884,1
253.465,195.9,8.7706,8.4775,913.573,52.5317,1
254.375,199.678,9.128,8.6238,960.55,50.1429,1
274.387,319.733,5.9215,1.7281,618.483,36.1721,4
250.4,196.105,8.9006,8.5007,921.056,52.9416,1
270.379,278.305,6.7006,6.4001,786.54,44.9106,0
269.515,210.227,9.0048,8.6293,960.24,41.5392,1
1.6224,265.383,0.1089,8.7006,934.813,47.6509,3
253.151,261.312,9.3113,8.9983,982.193,52.4892,0
254.293,238.801,8.4101,7.8125,860.63,52.525,2
311.809,286.685,3.0293,2.8417,488.045,28.0898,4
1.6477,271.178,0.104,8.9041,987.437,48.2309,3
309.126,241.233,2.6799,3.0687,416.46,29.3023,4
269.502,305.128,6.5391,3.5996,735.036,48.5091,4
254.79,2.1286,9.0595,0.0469,959.031,50.8677,3
316.659,275.362,2.1123,1.6838,353.048,22.2986,4
263.885,2.1625,9.1361,0.0442,959.188,42.0048,3
261.025,200.666,8.6571,8.3675,907.847,46.259,1
260.012,202.49,8.7051,8.3014,904.626,46.4647,1
252.693,232.632,8.9641,8.4896,969.094,54.4931,2
255.77,236.992,8.3289,7.8625,858.818,52.1524,2
264.16,2.1116,8.2174,0.0417,858.556,42.4198,3
261.571,198.748,8.6387,8.4502,914.651,47.9384,1
262.622,2.1042,8.9521,0.0373,932.382,43.9707,3
257.517,199.475,8.0266,7.6979,830.834,47.4905,1
284.025,317.779,7.0637,4.4072,774.875,32.4052,4
287.585,325.049,6.9497,4.3021,764.98,29.1787,4
271.543,240.891,3.8096,3.6246,405.912,31.2086,4
258.544,272.136,8.7623,8.2987,920.782,45.5318,0
260.695,244.571,8.6275,8.0599,899.176,47.1019,2
280.482,287.316,4.0549,3.3211,501.938,37.5709,4
261.144,245.15,9.0738,8.5154,956.07,45.8783,2
257.068,200.117,8.813,8.4201,915.138,47.1381,1
255.105,258.518,8.3034,8.1404,907.124,54.1325,0
262.161,2.0947,8.8354,0.0401,922.8,43.2173,3
263.256,200.701,8.6355,8.416,911.032,45.525,1
256.788,238.814,8.1631,7.7212,844.907,50.4136,2
291.596,248.906,2.5405,0.3357,287.818,31.4057,4
263.873,2.1223,8.7835,0.0399,925.302,43.6165,3
282.258,288.203,1.6427,1.5844,218.425,33.3867,0
273.165,263.996,5.7085,5.5379,621.117,41.3326,0
270.937,278.764,7.7105,7.4481,842.199,39.6009,0
263.385,2.1117,8.943,0.0365,932.02,43.4876,3
264.467,323.116,7.7466,2.3118,818.012,45.3487,4
273.888,264.105,6.1356,5.9758,730.531,42.8959,0
256.19,305.123,8.9298,4.9137,935.898,49.8398,4
264.88,209.343,9.1353,8.6336,960.079,41.6786,1
248.93,232.324,9.2892,8.5791,986.406,52.4632,2
252.755,237.03,9.0547,8.4447,942.497,49.2156,2
262.139,202.062,9.0018,8.7171,941.117,44.0648,1
266.881,252.299,5.2098,4.9217,548.93,44.5229,4
259.283,2.0862,8.2897,0.0415,853.734,43.5807,3
251.166,235.295,9.2136,8.4646,989.984,53.6032,2
256.323,263.379,8.8701,8.5275,932.246,44.4444,0
264.044,198.566,7.8143,7.7258,831.221,47.3057,1
262.811,206.747,8.9088,8.5343,923.742,41.2564,1
257.041,197.66,8.9403,8.6793,948.733,49.9629,1
257.039,246.136,9.2782,8.5392,969.087,45.1097,2
311.115,327.65,2.1241,0.2025,380.359,18.7163,4
251.23,260.328,9.015,8.624,911.483,53.049,0
279.475,278.186,0.8907,0.6717,107.926,29.7028,4
289.421,319.718,5.3043,1.751,576.606,28.2721,4
258.346,198.937,8.008,7.7105,831.688,47.421,1
259.005,196.484,7.9887,7.809,830.747,47.3647,1
260.103,237.111,8.8212,8.4296,937.157,48.3087,2
279.245,289.855,0.6605,0.6615,121.906,30.3715,0
256.862,195.827,9.0187,8.777,960.825,50.9502,1
289.797,289.723,7.4317,7.3579,855.536,23.9242,0
268.866,2.1088,8.209,0.0426,868.563,40.6016,3
279.394,249.238,3.7526,3.6002,410.246,32.2592,4
1.5867,272.744,0.1039,8.4815,928.936,50.6511,3
1.636,270.981,0.1064,8.9826,987.189,44.3051,3
252.737,233.483,8.9821,8.4548,938.297,51.0895,2
276.135,285.154,7.1818,6.7176,790.448,40.319,0
281.0,258.449,4.4453,4.249,486.813,37.121,4
290.557,265.57,3.8151,3.6868,429.527,31.7451,4
264.35,261.21,7.3428,7.009,765.978,42.8228,0
262.692,204.864,9.1882,8.863,962.336,42.6911,1
255.908,2.1576,8.975,0.0467,959.079,52.1232,3
1.6182,277.405,0.1097,8.6889,967.432,46.6172,3
315.314,308.233,1.8167,1.5862,247.782,14.459,4
273.885,299.731,6.2518,4.2922,654.773,36.0704,4
267.686,209.608,8.806,8.4527,924.941,40.8836,1
285.32,291.099,7.852,7.6175,888.7,29.718,0
252.352,302.402,9.0814,3.7785,946.189,49.9498,2
311.84,294.841,3.976,3.977,578.819,28.0672,0
267.06,249.885,6.066,5.8998,674.887,42.3269,4
266.789,207.399,9.0883,8.7894,964.37,42.4338,1
257.385,200.488,9.0325,8.6123,956.147,48.216,1
1.6395,271.812,0.1084,8.8991,986.606,47.9471,3
257.41,197.958,8.9937,8.7153,956.403,49.4654,1
270.483,252.887,5.9693,5.8108,670.108,42.0143,4
266.401,243.946,8.3659,8.0062,884.162,43.1878,2
258.377,282.633,7.9303,6.5713,807.309,51.0012,4
259.609,203.556,9.398,9.0324,989.099,43.9566,1
263.565,239.542,8.4326,8.0936,884.112,44.3821,2
1.6248,268.67,0.1149,8.6119,934.334,47.6376,3
253.972,200.225,8.7863,8.3169,911.825,51.6266,1
251.093,255.783,9.294,9.0448,982.808,54.1791,0
259.774,238.331,8.1365,7.8052,853.697,51.2139,2
261.218,263.069,7.3766,7.2484,832.447,51.216,0
272.964,283.15,4.752,3.1379,505.309,39.8186,4
1.6133,275.763,0.1125,8.6456,960.796,47.8282,3
291.884,257.126,3.1752,2.987,360.078,30.2886,4
262.181,203.61,8.9981,8.6993,944.434,44.7506,1
261.223,199.724,9.0008,8.7583,938.135,44.5555,1
264.37,203.094,8.9231,8.7088,955.706,46.236,1
260.522,268.791,7.7531,6.0608,804.115,46.2183,2
265.304,2.1338,8.332,0.042,865.986,40.0792,3
263.633,275.754,9.0905,8.6999,966.918,41.1063,0
260.765,246.243,5.6297,5.3749,586.792,47.0259,4
261.697,286.372,6.6791,5.3578,736.14,50.2932,4
309.823,289.703,1.8005,0.6035,286.076,23.624,4
253.347,238.396,8.9504,8.2602,937.473,51.0612,2
269.123,244.349,6.1573,5.9245,654.411,42.2228,4
249.069,235.22,8.844,8.2162,941.968,55.0604,2
260.487,262.84,8.9058,8.7156,949.597,46.3043,0
263.373,201.47,9.3095,9.1196,989.762,44.4797,1
267.289,206.318,9.0595,8.7739,960.032,42.1259,1
257.724,237.77,8.8958,8.3797,936.456,48.9156,2
288.56,271.291,5.2818,5.0946,594.056,28.3061,4
258.231,199.457,9.0354,8.6945,958.024,48.0806,1
262.205,198.716,8.6151,8.4433,908.399,46.2754,1
1.6387,266.354,0.1076,9.1233,990.092,44.8915,3
290.543,293.22,1.9271,0.8516,339.086,33.7488,4
261.84,317.832,7.5576,2.342,793.923,47.8593,4
1.6303,271.471,0.1117,8.5457,935.558,47.6524,3
1.6217,269.733,0.1135,8.834,960.297,47.6789,3
257.856,203.399,9.1376,8.7217,948.31,45.5327,1
257.018,291.699,8.0653,5.8765,849.468,51.863,4
264.978,205.939,8.8059,8.5204,922.125,42.0464,1
1.6378,269.616,0.1075,9.0272,991.964,49.1477,3
263.017,202.601,8.995,8.7577,947.844,44.4302,1
259.563,204.842,9.3904,8.9486,986.878,43.511,1
252.462,196.433,8.8279,8.4734,918.358,52.5653,1
266.317,2.1006,8.8257,0.039,930.445,44.0628,3
268.515,272.37,7.2288,7.0058,846.084,48.2455,0
272.258,275.278,7.1671,6.7853,778.2,34.4,0
250.99,233.6,9.0811,8.4168,982.476,56.1277,2
269.275,308.406,5.8872,1.792,624.596,44.3516,4
263.247,2.0977,8.8673,0.0393,923.558,43.7425,3
1.6114,271.859,0.1114,8.7886,966.82,49.2056,3
262.471,204.636,8.8421,8.5116,920.134,42.6151,1
260.434,275.427,6.3536,5.3259,661.139,46.0798,4
266.607,202.191,8.7219,8.621,922.035,42.3632,1
1.676,269.53,0.1056,9.1164,995.181,42.3895,3
256.534,318.269,7.439,1.8202,740.658,49.2594,4
258.949,264.254,7.6132,7.374,855.715,50.9374,0
267.618,2.102,8.2409,0.0406,865.639,39.9177,3
261.159,2.16,9.0088,0.0428,946.202,44.9234,3
262.168,198.891,7.8779,7.7102,831.519,47.2956,1
248.893,272.866,8.1715,7.2304,806.736,53.9984,0
273.613,289.79,2.9571,2.3628,336.39,34.9162,4
281.63,358.255,3.7887,0.0748,528.385,14.7177,4
281.635,280.127,5.8081,5.2543,645.05,37.2917,4
268.47,248.982,9.2662,8.7259,990.779,38.5049,2
269.763,285.149,4.713,2.9922,494.596,38.5715,4
263.014,201.319,8.6235,8.3907,902.848,45.9922,1
1.6512,271.585,0.1095,8.9848,989.197,43.9432,3
269.037,268.368,6.5985,6.2882,726.335,40.713,0
261.545,197.423,9.0229,8.915,953.441,45.9891,1
267.311,243.468,9.093,8.7667,971.839,43.0722,2
268.575,2.1132,8.2207,0.0417,868.226,40.5879,3
277.866,276.865,7.7827,7.7569,869.803,36.1164,0
269.728,306.953,7.0308,4.3594,759.161,42.8546,4
260.786,204.601,8.9454,8.5188,947.892,47.721,1
292.064,253.565,3.4368,3.4287,394.189,29.0572,4
285.09,270.687,4.9307,4.8541,618.887,36.5879,0
247.675,226.969,9.2186,8.6541,976.995,54.7322,2
264.078,270.893,7.6998,7.3984,882.932,48.3135,0
256.127,2.1332,8.9106,0.0479,933.466,49.989,3
307.439,328.701,1.5056,0.2082,260.25,12.9485,4
264.101,207.094,8.8371,8.4514,924.507,42.8276,1
274.993,275.036,7.5995,7.4966,850.798,38.7355,0
258.557,266.749,7.8077,6.0827,803.388,46.1718,2
257.216,236.224,8.2431,7.8874,856.18,51.4908,2
265.953,2.106,8.1743,0.0427,860.041,42.194,3
262.062,269.433,8.1765,7.9081,884.021,45.9916,0
294.482,254.954,3.7608,3.6389,418.546,27.2662,4
267.315,2.187,9.031,0.045,955.649,41.5781,3
277.811,273.175,5.8035,5.5291,619.068,36.2855,0
259.492,263.322,8.0658,7.8368,907.563,50.193,0
259.043,268.691,9.0218,8.6835,961.54,47.9452,0
262.851,206.204,8.9963,8.5859,954.001,45.9771,1
266.616,203.181,7.7997,7.5925,820.72,41.8385,1
254.455,199.475,8.8317,8.4203,904.462,46.4227,1
267.741,205.409,8.8172,8.6313,925.821,40.9749,1
268.724,305.13,8.0468,5.7842,841.53,41.2508,4
250.81,197.017,8.8764,8.4436,918.498,52.5409,1
289.681,307.026,5.5127,3.5406,600.793,28.6771,4
265.008,204.781,7.835,7.531,817.231,41.5392,1
247.542,233.137,9.1227,8.3746,975.895,55.9851,2
257.35,250.829,7.9699,7.126,823.722,49.3799,2
261.862,200.818,8.6285,8.3608,914.409,47.9384,1
260.553,236.247,8.0776,7.8574,850.242,50.8642,2
281.896,287.288,7.7744,7.5371,859.575,30.4477,0
264.169,204.743,9.1628,8.8395,959.595,41.7791,1
289.931,326.405,5.1937,0.7905,561.263,27.2772,4
302.812,230.722,1.5025,1.5839,241.497,27.9675,4
264.476,248.567,9.1604,8.5509,966.793,42.4085,2
249.826,235.782,8.8748,8.2239,952.537,56.161,2
254.638,290.912,7.97,5.6684,792.41,49.1587,4
282.389,253.451,4.0074,3.8071,436.954,31.1616,4
254.219,239.319,8.9945,8.3269,934.934,49.0398,2
1.6208,277.277,0.1046,8.7329,967.709,44.2877,3
256.152,289.936,8.0838,5.9958,849.942,52.1658,4
1.6013,277.456,0.1073,8.6413,967.436,49.7094,3
264.79,257.993,7.1332,6.9096,749.549,44.4181,0
274.994,259.823,5.1215,4.8388,539.112,36.4361,4
282.335,280.0,1.1482,1.1334,131.201,22.3778,0
253.693,234.162,8.7425,8.2918,947.865,55.3395,2
258.274,270.299,9.0007,8.5301,940.768,44.7779,0
254.15,206.911,9.0283,9.1307,948.147,49.7369,1
1.6321,272.45,0.1107,8.5236,933.06,48.0549,3
263.411,247.811,9.2586,8.6446,973.252,42.2852,2
1.603,270.179,0.1101,8.75,958.143,49.1211,3
250.482,226.16,9.1617,8.7268,983.213,54.3864,2
264.994,203.823,9.2113,8.9929,987.272,43.6076,1
267.939,252.736,5.0021,4.7444,533.513,44.3432,4
266.662,244.298,9.2509,8.8172,990.821,40.6142,2
258.251,239.871,9.1055,8.5896,956.051,47.3946,2
283.956,256.34,3.9388,3.7262,432.408,29.7984,4
268.234,247.294,9.2018,8.7016,990.795,40.6855,2
271.477,262.77,5.3863,5.1715,592.193,44.1907,0
265.488,244.757,9.3065,8.8071,991.143,40.3573,2
253.928,236.681,8.9746,8.3977,939.149,50.1984,2
267.063,207.317,9.0836,8.7598,960.24,41.5161,1
246.929,231.913,9.0431,8.4072,963.716,56.5934,2
254.151,2.1497,9.1134,0.0485,964.742,50.9339,3
255.07,196.621,8.7547,8.4776,911.432,51.0808,1
267.103,280.661,6.1893,5.209,650.016,42.2663,4
263.541,240.709,8.444,8.0572,891.719,46.6391,2
272.64,277.4,6.1824,5.9731,731.912,43.1326,0
252.333,2.1676,8.9,0.0468,934.488,53.137,3
265.09,204.257,9.1327,8.8789,962.113,42.6563,1
260.378,257.287,7.8443,6.7705,817.561,48.4535,2
262.901,2.1593,9.041,0.0453,950.525,43.3022,3
261.378,239.796,8.5241,8.1012,886.036,44.5859,2
267.521,204.624,8.8511,8.6677,930.999,42.1714,1
1.5943,268.4,0.1135,8.7575,957.714,52.8471,3
263.069,204.52,9.2919,8.998,989.23,43.7782,1
263.499,240.722,9.1068,8.7191,969.992,45.5063,2
249.157,260.167,9.1095,8.6528,959.235,52.0279,0
255.509,2.1671,9.0467,0.0487,968.909,51.887,3
269.362,274.234,6.5309,6.3193,770.946,46.0488,0
270.25,248.062,3.8489,3.5899,418.359,39.2647,4
265.799,231.986,8.7345,8.8476,920.322,42.9947,1
253.29,2.146,8.9648,0.0469,938.636,52.2506,3
261.561,196.173,8.6341,8.5328,913.306,47.9887,1
282.292,261.718,4.8122,4.5809,516.1,36.0391,4
259.182,201.713,8.7072,8.3173,907.102,46.2278,1
306.914,253.318,2.4389,2.7926,384.797,31.8003,0
251.212,202.113,8.8234,8.7946,907.316,50.9087,1
251.654,262.262,8.6165,8.1582,895.538,50.1831,0
255.545,237.189,8.9711,8.4507,941.18,49.2935,2
259.178,246.415,8.7121,8.0111,903.86,47.2269,2
258.534,247.869,8.0067,7.3421,827.711,48.0735,2
299.519,262.852,3.5675,3.4101,397.09,21.6921,4
267.396,320.164,5.8178,1.033,644.037,46.9357,4
262.955,2.1651,9.1611,0.0468,958.735,42.0002,3
260.007,205.88,9.2274,8.7461,960.802,43.2821,1
258.715,2.1303,8.8168,0.0433,933.983,50.3503,3
266.878,310.55,8.1143,5.0995,841.726,39.9091,4
252.909,352.338,3.3646,0.0853,433.674,13.2091,4
295.436,352.066,2.0282,0.0691,359.243,8.9339,4
260.775,268.5,8.8863,8.5562,944.376,47.158,0
260.098,198.927,7.9422,7.7223,832.721,47.7885,1
1.6217,269.974,0.1168,8.7471,958.461,49.3564,3
248.509,2.1385,9.0259,0.0448,935.056,53.0969,3
275.756,291.358,2.7286,2.4788,318.344,35.5798,0
275.819,256.142,4.1287,3.8718,456.407,41.2367,4
254.323,199.456,8.8581,8.4159,913.955,47.9286,1
263.393,2.158,8.8171,0.0425,928.615,43.3183,3
263.181,203.663,8.9603,8.6373,938.146,44.7808,1
280.562,284.139,2.0289,0.9074,238.206,37.2951,4
261.361,202.498,8.6781,8.3361,911.345,46.2684,1
260.556,261.387,7.1725,6.8148,752.708,46.5447,0
278.001,284.884,4.0169,2.4966,435.722,36.524,4
268.019,273.759,7.6617,7.4639,843.418,43.7118,0
252.869,233.713,8.4274,7.9705,859.129,52.2825,2
264.212,249.269,4.986,4.72,525.745,44.931,4
250.99,229.997,9.0375,8.5321,981.936,56.4511,2
258.801,241.375,8.0342,7.5968,834.812,49.1061,2
268.054,240.589,8.9777,8.7467,951.208,41.7895,2
261.785,241.887,8.5295,8.0755,883.502,43.0525,2
266.8,243.649,9.0997,8.7349,972.828,42.9665,2
257.794,2.1399,8.8755,0.044,935.072,50.0136,3
262.509,205.751,8.8385,8.4646,920.822,42.9494,1
278.883,280.373,6.4739,6.3295,764.356,36.6522,0
273.283,257.767,5.3775,5.1042,556.266,35.6944,4
254.958,233.851,8.9222,8.442,941.547,51.7809,2
264.819,268.521,7.8764,7.6547,904.92,47.9834,0
280.399,254.06,3.1804,2.1522,363.488,34.6497,4
1.6451,270.991,0.0991,9.003,991.859,48.6714,3
248.944,225.714,9.0211,8.6004,969.637,56.0151,2
279.188,280.06,6.4782,6.3494,766.029,36.7998,0
266.191,304.698,8.155,5.9493,845.145,41.3349,4
261.555,350.13,4.5802,0.12,568.464,20.1716,4
273.22,274.73,6.4391,6.2879,768.708,44.8447,0
264.907,2.1612,9.0612,0.0483,956.402,42.1807,3
316.103,280.25,0.6221,0.5182,157.337,18.1868,0
261.617,260.436,6.9715,6.6773,772.069,47.8112,0
285.936,316.64,5.3566,1.8041,577.792,31.5698,4
278.963,264.468,5.5418,5.3461,611.819,32.0544,4
262.532,2.1564,8.9906,0.042,946.04,44.967,3
1.6084,270.78,0.1129,8.8255,965.173,50.2757,3
262.195,2.1013,8.8344,0.0416,926.469,43.5941,3
267.767,301.783,8.0976,5.8839,851.916,41.0173,4
264.161,206.123,8.6088,8.2048,894.3,43.8847,1
271.254,253.726,5.7725,5.5292,600.616,37.9432,4
1.668,269.686,0.1081,9.0248,994.568,45.9516,3
264.759,201.26,8.5806,8.4067,898.542,44.8982,1
256.571,272.455,9.0727,8.5406,939.749,45.9363,0
339.445,320.816,0.3824,0.1738,301.771,13.0984,4
286.229,264.352,4.6846,4.5183,507.663,30.3242,4
261.105,202.554,8.9975,8.7095,953.101,47.2555,1
253.373,255.858,9.2756,9.0941,989.166,53.1508,0
260.287,207.292,9.0677,8.5558,946.481,45.0953,1
310.467,290.829,1.7619,0.5988,283.127,23.1748,4
286.573,250.116,3.3233,3.1339,363.48,32.8856,4
260.359,242.881,8.7551,8.2555,911.734,47.1363,2
263.024,202.207,9.2331,9.0128,987.539,45.5795,1
252.638,232.636,8.9165,8.4196,961.045,53.5698,2
267.367,281.149,8.2683,7.8399,883.706,38.0959,0
255.783,259.634,9.0735,8.8301,960.469,49.7119,0
258.436,203.415,9.0464,8.6095,948.084,47.2663,1
261.283,206.294,9.0955,8.6763,949.953,43.7547,1
1.6249,274.293,0.1134,8.6928,960.628,47.7583,3
1.6156,272.764,0.1074,8.521,935.041,47.7414,3
252.757,2.1456,9.0093,0.0457,933.068,49.9921,3
261.097,203.788,9.0432,8.6843,954.606,46.0663,1
254.643,318.618,7.7291,1.8804,801.378,51.0745,4
258.654,2.111,8.9309,0.0404,923.778,43.5527,3
247.629,259.011,9.1426,8.722,961.917,54.4219,0
259.128,239.683,8.0756,7.6954,842.698,49.7233,2
1.6289,267.622,0.1099,8.6353,934.133,47.541,3
248.839,232.494,9.0853,8.3978,975.54,56.0075,2
252.04,196.722,8.8661,8.4786,920.297,52.8825,1
272.796,302.659,6.2755,4.2331,654.99,36.0463,4
260.943,242.306,9.1789,8.6681,970.543,45.5567,2
259.12,241.078,8.0189,7.6022,834.68,49.0998,2
275.22,270.471,6.33,6.1806,707.427,37.3325,0
257.76,241.953,8.0586,7.5717,830.109,47.9748,2
281.033,250.041,3.4833,3.2198,383.229,35.9073,4
277.526,257.768,4.0229,3.8052,451.384,37.814,4
253.795,199.345,9.0959,8.6461,956.237,49.7677,1
258.462,241.014,9.1665,8.657,958.004,45.8354,2
260.407,200.268,7.9754,7.696,835.718,47.147,1
288.221,264.18,5.1834,5.0168,560.077,27.4833,4
266.68,248.785,9.3375,8.7495,993.468,38.1972,2
266.621,269.962,7.6889,7.5327,870.369,46.1422,0
265.1,2.1113,8.8723,0.0394,932.767,43.9678,3
262.412,201.384,8.6519,8.3733,909.55,45.131,1
255.014,198.674,8.9983,8.6412,947.8,49.9207,1
264.493,2.1408,8.9594,0.0431,949.008,43.8531,3
266.711,266.359,7.0717,6.7538,734.802,40.0627,0
262.235,2.1326,8.8269,0.0407,925.339,43.3674,3
311.896,246.79,2.7886,3.5947,444.825,27.7468,0
255.919,266.16,7.897,6.2598,807.454,47.1758,2
267.077,245.678,9.2718,8.7832,993.492,40.7342,2
260.229,201.07,9.0659,8.7905,955.602,46.2805,1
254.462,199.585,9.0297,8.6029,948.65,49.7813,1
261.694,202.273,8.6544,8.3186,905.179,46.3982,1
259.514,196.641,7.9706,7.7868,832.3,47.4403,1
258.123,323.016,4.9036,1.5496,597.318,21.7477,4
1.6549,271.304,0.102,8.9769,991.212,49.176,3
279.701,282.008,6.3054,6.165,751.635,38.0854,0
264.588,329.045,4.9628,0.8621,603.962,16.4148,4
272.527,272.834,7.0385,6.7466,762.713,34.6877,0
257.969,201.521,8.7642,8.365,903.43,46.2046,1
255.463,240.19,8.9565,8.2886,935.875,49.0751,2
321.669,225.822,2.0208,2.6055,340.804,19.032,0
247.6,228.508,9.1378,8.5679,979.303,56.9514,2
1.6147,268.209,0.1113,8.5797,927.882,50.1971,3
274.563,270.955,4.9242,4.2581,517.487,35.9492,4
1.6174,271.794,0.1016,8.8743,966.732,46.6812,3
312.878,338.461,0.2322,0.1317,269.309,11.846,0
276.787,267.626,6.2775,6.1356,691.82,37.7678,0
264.863,205.373,8.5774,8.2516,896.978,44.6953,1
273.649,260.741,5.7475,5.6431,629.822,42.4598,0
265.471,244.982,9.2419,8.7886,979.738,42.6445,2
263.283,199.931,8.5731,8.4072,913.829,47.798,1
1.6179,267.838,0.105,8.8981,966.552,48.7879,3
256.726,198.917,8.681,8.3578,913.455,51.8932,1
264.862,203.027,9.2355,9.0549,990.172,44.5536,1
258.051,310.338,7.676,3.3769,800.315,45.4902,4
255.019,194.39,9.1198,8.8707,960.021,49.587,1
262.598,201.502,8.6174,8.3469,904.838,46.3769,1
274.455,259.394,4.7496,4.4182,510.282,38.5224,4
264.91,206.574,9.1353,8.7698,960.955,42.0503,1
250.425,226.533,9.238,8.756,987.12,52.3397,2
293.589,260.481,4.7284,5.2022,601.985,35.8755,0
308.799,253.887,3.3789,4.4008,525.579,33.5431,0
286.501,271.329,5.3596,5.1489,593.341,26.8874,4
261.673,204.932,7.9492,7.5032,824.976,43.5052,1
1.6102,272.792,0.1077,8.7395,967.057,49.5583,3
266.912,272.224,7.8531,7.7019,887.165,45.1673,0
267.579,274.332,7.9073,7.7536,873.747,45.292,0
264.715,262.554,7.7736,7.705,880.976,48.191,0
295.707,296.91,4.2525,2.9203,462.841,23.0533,4
261.179,2.122,8.8564,0.0401,924.989,42.9561,3
253.228,237.35,8.588,8.026,925.87,54.9077,2
264.412,201.284,8.9386,8.8038,946.182,45.0456,1
263.186,203.645,9.1927,8.8709,960.02,42.007,1
262.926,202.716,8.6607,8.3573,908.942,45.7824,1
264.912,242.883,8.9671,8.5929,957.223,45.9322,2
258.651,255.324,7.9013,6.8444,818.622,48.4794,2
290.474,265.867,5.0217,5.0024,573.162,28.7824,4
264.374,245.995,9.0755,8.5288,969.303,45.6539,2
263.495,2.1589,9.0882,0.046,952.745,42.3606,3
265.032,269.112,7.1875,6.9897,833.232,48.3289,0
256.299,199.02,9.0656,8.6791,958.649,49.1706,1
255.342,195.26,8.9953,8.7698,950.97,50.111,1
1.6224,272.34,0.1179,8.7505,958.625,46.2963,3
302.936,294.647,1.2017,1.0525,153.71,10.9569,0
254.847,2.1372,9.1042,0.0465,965.587,50.7582,3
261.746,205.621,9.3157,8.9204,988.51,44.1896,1
298.231,294.203,2.7617,0.4593,317.008,24.2882,4
263.921,2.1228,8.3792,0.0419,865.982,40.0702,3
268.134,242.88,9.2893,8.9547,992.737,38.1915,2
264.55,209.208,9.1634,8.7032,964.261,42.2949,1
266.133,2.1183,8.8919,0.0362,936.927,42.8359,3
255.66,198.667,8.0805,7.7327,833.922,47.9042,1
273.367,266.637,5.4959,5.2661,657.612,41.726,0
260.223,267.859,7.8338,7.5184,874.963,48.1947,0
291.531,277.03,1.0463,0.8543,183.51,35.4424,4
266.967,203.633,8.8382,8.6597,935.865,44.0615,1
254.971,232.286,8.9104,8.497,941.726,51.9476,2
251.548,2.1573,8.9137,0.0499,934.904,53.5189,3
282.099,278.884,5.6636,5.4413,620.838,28.6069,0
257.644,198.618,8.7823,8.4614,913.849,47.3409,1
263.095,198.674,8.9376,8.8385,954.341,47.1316,1
281.567,269.874,0.9417,0.7306,112.823,29.0735,4
267.601,2.1688,9.0318,0.0451,959.323,41.9601,3
276.59,262.5,5.2405,4.9401,547.06,34.8092,4
265.622,247.415,9.0594,8.5438,966.806,44.0458,2
278.128,329.97,6.5991,1.1041,715.581,38.628,4
263.014,206.848,9.3006,8.9058,988.157,43.7364,1
1.6585,268.984,0.1089,8.9631,986.865,48.3812,3
254.214,240.611,8.9919,8.2566,936.55,48.9303,2
253.824,196.596,9.0399,8.7299,948.465,49.8018,1
255.927,223.191,8.967,9.0774,947.464,49.6778,1
277.242,325.061,6.8079,2.3089,748.63,38.5302,4
316.454,307.845,1.141,0.8868,491.874,20.7269,4
252.932,233.529,8.9435,8.4201,968.308,53.8528,2
249.323,252.922,8.9947,8.84,921.071,58.5901,0
306.577,240.926,2.8122,3.0886,429.413,30.3541,4
269.739,2.1277,8.1527,0.0446,866.763,40.0766,3
256.853,236.307,8.2848,7.8835,858.393,52.1921,2
260.551,199.457,8.6973,8.4349,913.776,47.2863,1
274.413,277.146,7.7789,7.6577,879.659,39.5331,0
1.6052,278.971,0.1017,8.6272,968.133,48.8418,3
295.745,323.1,2.1072,0.2709,366.429,18.6779,4
259.351,237.004,8.8533,8.4384,937.685,48.8125,2
248.051,231.857,9.0858,8.488,969.725,55.425,2
259.111,241.142,8.681,8.1757,898.06,46.494,2
263.577,295.338,6.1085,3.2685,636.209,45.015,4
250.552,236.239,8.8266,8.1762,945.768,55.0924,2
265.553,203.891,9.1107,8.9015,962.774,42.6353,1
285.887,320.231,5.3131,1.3129,570.386,31.273,4
253.671,236.313,9.0234,8.4894,943.183,49.6424,2
251.056,231.589,8.903,8.3995,960.537,55.8749,2
262.544,262.991,7.444,7.3341,847.228,51.6668,0
286.777,321.138,1.75,0.165,315.34,15.7613,4
252.587,237.067,8.9593,8.3244,969.056,54.1622,2
284.497,277.261,5.6254,5.4772,621.874,28.6857,0
1.6387,271.277,0.1053,9.0139,992.703,48.6178,3
255.078,2.1515,9.0618,0.0503,968.233,51.8453,3
257.069,248.113,7.4491,7.2047,776.841,49.1876,0
252.819,2.1493,9.1511,0.0485,963.546,50.3873,3
254.258,198.432,8.7508,8.3763,912.838,51.9742,1
262.881,205.988,8.9715,8.5797,945.65,44.9959,1
265.685,2.1611,8.9831,0.0468,954.726,42.9529,3
261.52,201.616,8.9705,8.6972,937.659,44.4614,1
263.47,206.06,8.847,8.4661,923.078,42.9365,1
259.682,264.32,7.8518,7.5756,863.877,48.3798,0
260.766,263.657,8.9154,8.7247,955.595,47.0444,0
278.732,275.359,6.1351,5.92,675.724,32.1152,0
262.958,245.036,9.1909,8.6624,968.985,42.7342,2
251.578,259.078,9.1591,8.8866,940.846,56.4882,0
268.328,209.277,9.0245,8.6531,960.787,42.2712,1
1.5913,270.727,0.1124,8.75,959.067,48.8587,3
258.847,197.49,8.7287,8.4765,914.553,47.8706,1
262.68,199.212,8.6569,8.4703,910.511,45.0497,1
270.64,268.978,5.02,4.7736,553.099,26.4673,0
267.565,2.1059,8.2487,0.0417,865.347,39.9535,3
263.245,198.983,7.8321,7.6955,830.996,47.3255,1
284.305,284.453,7.6439,7.5471,853.872,31.2012,0
263.78,2.1228,8.7832,0.0402,923.835,42.7617,3
279.497,284.586,1.2985,1.2256,144.546,21.2514,0
320.958,325.906,1.6242,0.2159,275.358,14.599,4
311.021,334.815,0.2509,0.1388,277.432,11.8731,0
254.322,2.1537,8.9142,0.0466,934.93,51.2687,3
254.711,197.149,9.106,8.7661,955.792,48.3868,1
287.53,351.067,2.0492,0.0654,338.49,9.4397,4
252.116,234.445,8.4546,7.953,859.156,52.3038,2
276.283,264.89,6.4095,6.252,694.599,38.8689,0
267.233,208.633,8.8267,8.494,927.663,41.9031,1
1.6249,266.535,0.1077,8.9139,966.482,49.9257,3
274.735,258.214,5.2172,4.9555,545.642,34.831,4
254.672,2.1552,9.013,0.0486,959.051,52.1079,3
255.785,317.952,7.4742,1.9435,777.227,47.5523,4
265.194,2.154,9.0211,0.0423,953.171,42.7222,3
264.416,257.404,7.6926,6.7636,816.88,48.4236,2
261.132,202.445,9.3512,9.0738,989.289,43.7894,1
268.475,284.227,8.3098,7.8325,881.307,36.5452,0
246.184,233.226,9.1718,8.3746,971.912,55.0528,2
258.676,2.1503,8.7544,0.0469,935.19,51.5954,3
251.608,258.71,9.0775,8.7984,930.053,53.7348,0
291.556,252.161,3.0462,2.3658,353.818,28.3927,4
294.657,276.69,0.3908,0.2022,203.347,31.6298,0
273.595,255.493,4.5498,4.25,498.486,41.2823,4
260.102,256.484,7.1405,6.8253,746.65,47.3089,0
281.607,257.819,4.411,4.2322,484.699,37.1214,4
247.312,252.19,9.0304,8.7832,952.508,56.2423,0
246.202,254.564,8.8722,8.503,932.756,58.0908,0
252.436,262.155,8.2811,7.9001,823.441,52.9141,0
265.292,271.764,4.21,4.0866,486.294,22.716,0
259.028,244.175,9.2267,8.6092,968.644,45.1097,2
276.904,266.699,6.0967,5.9939,669.88,38.1364,0
278.11,322.505,6.455,1.5467,722.862,41.3885,4
1.6117,270.298,0.1142,8.7371,958.307,49.3262,3
258.851,240.901,8.7244,8.2342,903.818,47.0701,2
267.301,203.788,8.7472,8.6087,923.059,41.7705,1
347.528,287.553,0.154,0.0411,228.034,-0.8466,0
1.5953,270.323,0.1116,8.5746,927.472,50.1048,3
248.688,224.141,9.0749,8.6644,973.684,56.8333,2
273.14,276.589,7.5737,7.3755,840.484,39.4634,0
261.683,204.69,9.0309,8.6489,954.057,45.9718,1
251.273,234.608,9.0193,8.4282,968.035,54.2699,2
1.581,276.551,0.1112,8.3909,927.479,50.1483,3
258.968,220.744,2.1857,2.028,239.573,31.7333,4
265.09,200.931,8.8757,8.7279,937.286,44.5002,1
278.158,278.692,7.6644,7.5979,878.052,36.9445,0
261.111,2.1569,9.1829,0.0485,957.078,42.5629,3
256.38,198.034,9.0685,8.7006,960.722,50.1737,1
262.66,202.269,9.3323,9.109,991.147,44.4734,1
246.761,232.3,9.0037,8.3334,956.721,56.1316,2
280.813,284.189,5.5781,4.8095,600.476,36.5509,4
261.688,200.453,8.6502,8.3952,913.159,47.5356,1
293.682,287.108,2.4013,0.3593,281.039,28.2638,4
248.891,2.1463,9.0782,0.0459,936.638,51.5135,3
272.07,255.579,5.5078,5.2433,577.469,40.3116,4
301.661,213.705,3.7388,4.349,560.83,35.7286,4
269.259,243.958,8.8444,8.666,952.165,42.1002,2
259.437,244.502,9.1337,8.5613,956.842,45.8636,2
270.612,274.533,7.3372,7.1453,843.461,42.76,0
266.742,206.635,9.1122,8.8254,963.921,42.1178,1
266.088,2.1159,8.2945,0.0407,865.967,40.0652,3
1.6394,268.635,0.1065,9.0764,992.971,48.6873,3
254.622,251.379,6.8138,6.5388,680.668,53.5302,0
263.926,2.1031,8.7937,0.0438,923.389,43.3062,3
263.683,205.279,8.987,8.6567,955.401,46.1697,1
279.029,276.104,7.1829,6.948,786.431,32.1601,0
259.622,317.372,5.1684,3.0924,627.684,20.2681,4
253.003,307.104,7.7465,3.4409,762.662,49.6324,4
264.053,205.571,9.2756,8.9438,990.212,44.4702,1
265.434,201.75,9.2067,9.1004,986.301,42.915,1
267.974,2.1006,8.757,0.0379,929.455,43.4877,3
255.33,239.706,9.0762,8.3763,967.047,50.4848,2
270.528,280.571,3.3487,1.2611,367.302,36.452,4
260.953,245.339,8.7374,8.1679,910.469,46.8358,2
273.427,259.666,0.8563,0.7232,100.338,28.1512,0
251.727,2.1424,8.9203,0.0449,934.836,53.1242,3
266.03,2.1687,9.0682,0.0445,953.565,41.488,3
264.57,205.098,9.2495,8.9597,989.93,44.5536,1
278.959,325.118,4.6586,2.8036,637.933,17.6373,4
260.031,200.324,9.3805,9.1303,989.514,45.188,1
259.915,262.648,7.5579,7.3561,856.735,50.2397,0
265.037,2.1754,9.0711,0.0489,957.715,42.3487,3
260.388,245.937,9.1128,8.5133,957.252,45.8718,2
1.6489,271.378,0.102,8.931,989.379,47.0023,3
273.625,268.626,5.0498,4.7917,606.511,42.0167,0
252.352,228.802,9.1006,8.6502,982.27,53.7981,2
263.388,2.1064,8.7937,0.0403,925.705,43.581,3
253.931,195.936,8.7604,8.4849,913.913,52.3867,1
262.808,256.338,6.7088,6.4831,698.527,44.3531,0
251.596,198.198,9.2005,8.703,961.621,50.2241,1
269.332,266.565,7.4558,7.4114,871.448,43.8168,0
309.823,256.381,2.3468,2.7008,379.194,31.4457,0
263.772,2.129,8.3925,0.0426,869.29,41.4159,3
264.46,244.44,8.4466,7.9561,888.302,44.6739,2
276.771,275.448,7.3032,7.2578,823.729,41.2194,0
312.132,324.743,2.0069,0.2018,365.863,17.8722,4
265.862,204.032,9.1054,8.8568,962.068,42.3171,1
248.84,254.696,8.7952,8.5458,943.107,57.8737,0
251.928,192.078,8.8563,8.6396,921.057,52.9341,1
261.556,200.31,8.993,8.7592,938.484,44.3152,1
303.299,269.774,2.8251,3.11,441.111,36.2223,0
260.707,244.703,7.9694,7.4802,834.944,48.7322,2
259.004,2.1081,8.9217,0.0411,924.652,43.5712,3
273.933,257.08,3.864,3.5725,426.45,40.7197,4
265.189,255.805,7.1854,7.0457,766.822,46.9126,0
261.681,198.554,8.6953,8.4988,910.55,45.0669,1
310.685,245.121,1.9911,2.214,320.934,25.8734,4
266.576,2.1763,8.9776,0.0437,956.161,42.7306,3
263.416,244.187,8.4023,7.9049,882.373,44.5285,2
265.185,204.683,8.5642,8.277,896.588,44.6711,1
257.305,235.991,8.9,8.4381,935.582,48.5676,2
301.71,276.279,1.2315,0.884,193.875,36.0841,4
264.752,2.1126,8.8876,0.038,930.777,43.4374,3
293.726,271.244,4.8435,4.6646,524.443,24.6174,4
259.198,201.79,9.0493,8.6873,938.723,44.5874,1
246.993,256.821,8.9355,8.4815,894.344,56.5199,0
313.714,278.084,3.7901,6.6932,795.825,39.5549,4
266.945,2.1568,8.987,0.0467,956.771,42.2162,3
257.326,198.726,8.8096,8.4772,915.859,47.0814,1
252.238,194.674,8.8237,8.5156,916.667,52.2258,1
261.673,205.974,9.0016,8.5509,939.63,44.0171,1
254.63,236.945,8.9394,8.3519,938.85,50.8706,2
286.539,239.137,2.2154,0.394,259.887,32.8161,4
1.6107,272.03,0.1024,8.8681,965.816,46.2314,3
298.046,280.311,2.3065,0.3358,274.749,28.1121,4
268.452,271.681,7.3876,7.1678,863.0,44.5142,0
267.651,204.47,9.0441,8.843,960.081,41.767,1
269.152,2.1184,8.1822,0.0406,866.378,40.4442,3
267.766,208.647,9.0551,8.6903,958.872,41.5127,1
254.522,234.6,9.04,8.564,967.382,51.6826,2
278.724,294.454,1.6391,1.4857,210.997,31.8233,0
254.789,2.1388,8.8367,0.0462,936.079,53.636,3
262.47,242.75,8.6842,8.2556,911.542,46.9805,2
249.164,255.818,8.8988,8.5585,899.251,56.571,0
270.912,269.281,7.5992,7.5891,876.723,44.5622,0
262.505,198.016,7.9111,7.7739,832.654,46.7325,1
262.427,2.1239,8.8313,0.0409,925.627,43.5725,3
258.579,2.1611,9.0839,0.0438,944.513,44.9873,3
261.893,197.247,8.6779,8.5395,911.144,45.2547,1
265.583,204.975,8.7782,8.5019,922.633,42.9401,1
263.336,246.079,9.0205,8.4607,944.412,43.4755,2
274.099,299.214,4.4113,1.3651,472.519,37.635,4
247.441,231.632,9.0998,8.454,970.88,56.055,2
263.919,205.855,9.2633,8.94,986.592,43.7042,1
251.847,261.67,8.3753,7.9874,901.953,53.2133,0
268.983,332.996,7.5227,1.0987,784.193,40.2122,4
274.428,275.177,7.8006,7.6922,868.084,40.2377,0
257.792,201.094,9.1057,8.7453,953.682,47.2225,1
267.609,2.1065,8.791,0.0362,930.845,43.5225,3
259.319,2.1687,9.2201,0.0468,956.834,42.6016,3
257.387,197.694,8.671,8.4121,919.224,52.5431,1
259.366,200.917,8.7164,8.3653,903.386,46.2639,1
249.541,234.393,9.2316,8.5786,967.171,50.8838,2
296.177,324.637,4.1489,1.6342,456.832,26.1698,4
311.539,287.242,1.2272,0.5392,208.227,19.6813,4
254.842,200.388,8.7342,8.2737,913.721,52.4704,1
267.094,205.086,8.8659,8.6583,930.979,42.1714,1
295.474,255.089,3.5239,3.4254,396.008,27.1997,4
261.671,0.8259,8.4557,0.0415,869.714,41.683,3
265.681,259.677,7.4194,7.2189,811.411,42.2907,0
258.56,239.537,8.8702,8.3382,936.859,48.9424,2
258.866,2.125,8.9234,0.0422,926.307,43.608,3
313.614,251.861,2.4957,3.1818,406.27,23.7113,0
252.505,2.1281,9.1738,0.0474,962.222,50.7524,3
268.792,287.794,6.0585,4.4175,641.395,42.9665,4
266.071,289.478,9.3652,6.1366,991.235,37.7584,2
276.993,264.77,4.0123,3.6477,492.657,37.8048,4
255.74,237.811,8.9428,8.3789,936.255,49.2032,2
261.628,267.056,7.7096,6.1657,805.528,46.8914,2
262.169,265.766,7.5414,7.3658,858.678,50.4987,0
263.142,235.154,8.958,8.7314,957.08,47.4322,2
284.704,253.54,3.4521,3.3134,385.279,29.9858,4
273.375,264.251,5.3095,5.1095,587.679,44.2068,0
258.687,199.222,8.7517,8.4482,909.581,45.613,1
267.135,269.638,4.7049,3.7556,508.579,45.5805,4
272.763,303.79,4.5338,1.6658,499.513,43.0632,4
264.238,249.071,9.015,8.3891,944.552,43.0822,2
259.867,2.1511,8.9274,0.0428,929.356,43.7536,3
264.949,246.521,9.1097,8.5928,969.029,43.3539,2
1.602,275.4,0.1151,8.429,927.459,50.1322,3
261.697,322.221,7.5494,2.1208,789.996,47.4018,4
255.889,194.556,8.6995,8.5308,913.222,52.277,1
277.842,282.525,2.0811,0.9295,241.662,37.5501,4
275.855,268.011,6.2797,6.0687,676.61,39.0619,0
332.635,330.128,0.561,0.1725,328.199,14.4571,4
274.542,271.577,4.7817,4.5771,539.281,26.0582,0
252.249,194.066,8.8549,8.5754,920.954,52.9245,1
254.178,2.1483,8.8896,0.0476,937.85,53.0032,3
267.387,203.586,9.0872,8.9331,964.381,42.1379,1
258.676,2.1253,8.945,0.0483,957.82,51.2576,3
255.358,289.497,7.9606,5.8171,794.633,49.591,4
271.471,289.624,4.9767,3.2684,545.864,44.2987,4
255.382,240.254,8.2846,7.7308,851.709,50.9722,2
260.337,201.45,8.712,8.3814,909.967,46.0662,1
276.535,260.537,5.058,4.8017,531.04,34.9252,4
250.177,234.012,9.0235,8.4065,969.575,55.4276,2
282.755,292.237,0.8397,0.8288,141.476,31.2236,0
251.189,236.51,8.8081,8.176,948.996,55.811,2
277.435,275.595,6.1899,6.1182,753.552,42.4713,0
275.284,271.296,7.4122,7.4568,862.717,41.4956,0
350.283,339.818,0.2128,0.0528,276.923,9.3561,0
263.847,200.792,9.2394,9.114,988.924,44.5292,1
268.948,266.609,6.574,6.3027,720.158,39.5519,0
264.406,2.1766,9.0509,0.0443,955.28,42.7188,3
1.5987,272.84,0.1084,8.806,967.153,49.5995,3
262.501,243.279,9.2223,8.7442,969.119,42.4575,2
253.876,236.823,8.4527,7.9111,864.791,52.0785,2
251.069,232.533,8.9651,8.406,972.554,56.6195,2
315.352,313.965,1.789,1.3129,281.645,17.4935,4
263.967,206.732,9.2818,8.9113,987.742,42.7236,1
259.874,200.33,8.6975,8.3752,914.344,47.9653,1
284.638,293.094,7.5233,7.2426,854.363,25.2472,0
1.609,271.456,0.1128,8.7818,961.071,46.314,3
305.841,300.013,1.9322,1.7295,250.977,17.88,4
289.245,259.496,5.0794,4.9771,552.311,27.667,4
1.6589,272.014,0.1043,8.9778,995.662,45.4787,3
260.831,200.723,9.355,9.1302,988.507,43.9216,1
255.515,259.521,9.0889,8.8995,970.47,53.8591,0
264.169,2.1101,8.3613,0.0426,867.492,40.5567,3
1.6547,269.052,0.1025,9.052,993.504,49.564,3
268.891,2.1033,8.7174,0.036,930.506,43.7098,3
265.578,205.627,9.1112,8.8091,960.462,41.5794,1
300.846,277.177,3.9027,3.1413,437.458,22.7535,4
259.553,261.4,8.9309,8.7586,943.78,46.7956,0
293.1,274.071,2.6489,1.8118,308.008,29.6362,4
276.589,292.843,0.3147,0.5014,103.154,24.3987,4
287.273,251.877,3.5012,3.3041,382.38,32.9691,4
306.574,244.265,2.319,2.5771,362.978,30.836,4
268.62,241.795,9.2177,8.9184,993.863,40.7421,2
274.009,259.154,5.2846,4.9904,551.086,34.1269,4
265.779,308.164,6.0393,2.0077,675.371,49.4806,4
263.922,2.1075,8.7795,0.042,924.449,43.5392,3
264.666,198.35,8.5881,8.5035,910.192,45.4109,1
306.0,286.721,2.1936,0.7038,339.735,26.2158,4
257.331,242.792,8.2143,7.6335,852.099,50.994,2
261.679,270.083,8.2929,7.9625,862.791,45.5611,0
250.665,236.352,9.1686,8.4968,967.835,51.6685,2
262.762,240.098,8.6595,8.3335,907.609,46.4581,2
268.453,205.569,8.6817,8.527,922.044,42.0121,1
1.6118,272.646,0.1119,8.8388,966.711,46.2943,3
264.927,2.097,8.1581,0.0435,857.166,42.6361,3
1.5909,274.117,0.1136,8.4567,929.237,50.2521,3
262.711,202.534,8.6335,8.3524,899.982,45.5079,1
253.373,2.161,9.1444,0.0473,965.33,50.5637,3
255.299,198.573,8.7111,8.3697,906.531,50.9683,1
1.6449,273.007,0.1074,8.9236,993.932,49.4294,3
263.204,2.1343,8.4005,0.0415,865.823,40.0604,3
264.322,2.1182,8.8982,0.0385,930.005,43.6567,3
260.72,324.513,7.8247,2.08,813.964,44.7986,4
282.454,261.593,4.4547,4.2343,477.921,35.3208,4
286.637,289.265,3.9257,2.1531,424.656,33.5655,4
249.889,234.549,8.8536,8.2588,947.266,55.4193,2
254.234,197.932,8.7707,8.4061,913.351,51.7619,1
272.592,266.543,7.3215,7.1669,803.461,36.7149,0
264.771,201.28,9.2588,9.1584,990.03,43.5767,1
297.021,254.078,5.676,3.3462,682.014,21.7557,4
256.11,241.088,8.2477,7.6945,854.15,51.5933,2
261.017,206.185,8.7007,8.2039,897.232,44.7484,1
293.341,261.443,3.7987,3.585,416.668,24.3924,4
259.099,198.647,9.1016,8.8862,947.976,45.6716,1
264.988,262.594,7.432,7.0815,776.224,41.9299,0
251.434,230.355,9.1299,8.6007,982.765,53.8372,2
255.051,2.141,9.0773,0.0482,962.654,50.4991,3
1.6236,266.654,0.1131,8.776,957.404,52.3422,3
248.949,233.659,8.9096,8.2978,954.12,56.4898,2
272.659,310.556,6.1042,2.7276,634.343,35.3178,4
247.563,231.569,9.1042,8.4982,969.777,55.1116,2
259.144,198.235,9.0573,8.8641,953.599,47.3622,1
289.582,287.481,7.5016,7.5163,866.167,29.191,0
260.103,200.536,8.9461,8.6323,953.553,48.0177,1
272.567,310.854,6.8181,3.7594,755.535,43.177,4
285.667,282.521,1.1192,1.1077,129.419,21.5054,0
1.6217,273.591,0.1074,8.816,965.903,45.1976,3
279.06,252.935,4.3328,4.0611,461.537,31.4471,4
261.67,267.693,7.712,6.1345,804.878,46.7191,2
246.313,230.508,9.1914,8.4981,979.522,57.029,2
282.915,257.462,4.2957,4.1494,474.653,35.7184,4
274.115,285.0,7.234,6.7801,798.763,40.596,0
278.936,316.626,7.2491,4.7943,780.859,32.2385,4
262.969,203.504,9.331,9.0589,992.118,44.3704,1
264.409,245.508,9.0716,8.5437,969.93,45.5585,2
252.276,2.1331,9.1435,0.0459,959.143,51.1612,3
293.093,294.607,4.2141,2.8153,457.354,26.1164,4
257.698,328.996,4.8655,1.1414,592.654,21.3835,4
267.39,267.19,7.6854,7.2672,833.681,39.9835,0
302.159,283.538,5.4871,3.6373,692.46,31.3005,4
257.252,297.184,7.6518,4.5114,773.107,50.5039,4
254.765,2.1467,9.0806,0.0489,968.281,51.8453,3
1.6512,268.985,0.1041,8.9365,986.075,49.9308,3
257.098,239.667,8.1548,7.6999,845.698,50.4585,2
312.92,276.313,3.6697,4.5546,549.418,25.3437,4
264.925,245.274,8.3489,7.8517,881.843,44.5894,2
266.773,274.16,4.0532,3.9281,471.8,18.8806,0
261.072,268.895,8.8727,8.548,934.902,44.5106,0
265.266,2.1596,8.9464,0.0438,951.104,43.7368,3
269.723,273.104,7.2689,6.8835,784.868,36.8077,0
1.6265,273.737,0.1133,8.4896,930.9,48.2908,3
253.239,2.1545,8.8833,0.0478,936.29,53.6831,3
257.715,252.809,7.9509,6.9734,821.388,48.7911,2
260.866,2.1056,8.8709,0.0405,922.493,43.2368,3
258.919,239.38,8.0309,7.6629,834.09,48.8563,2
252.158,237.24,8.9929,8.3069,940.297,51.6766,2
294.98,298.582,4.2386,2.7294,460.88,23.0316,4
296.986,260.752,3.3766,3.1929,380.058,25.2793,4
257.273,249.936,7.1981,6.9893,723.651,51.2163,0
252.13,239.007,8.4224,7.7847,857.116,51.6474,2
249.703,2.1536,9.07,0.0465,933.881,50.7831,3
279.401,250.77,3.8051,3.6341,417.388,32.932,4
250.987,236.617,9.1531,8.4908,967.93,51.6685,2
250.624,194.978,8.8452,8.5111,912.248,52.1083,1
284.468,277.005,5.5942,5.4476,617.17,28.3663,0
257.223,200.283,8.6529,8.2995,907.242,51.0242,1
247.205,228.364,8.9827,8.4739,957.416,56.6274,2
252.394,241.472,8.3867,7.6822,853.144,51.2442,2
298.334,258.214,3.3069,3.1883,369.597,24.2907,4
247.469,232.943,8.4637,7.8867,902.623,57.1215,2
264.991,247.114,9.0506,8.5038,968.259,44.7588,2
282.703,274.481,7.1341,7.1914,844.183,35.1174,0
250.613,230.356,9.2282,8.6436,984.755,52.4492,2
1.6189,275.448,0.1147,8.7776,967.215,46.1843,3
264.013,2.1062,8.7831,0.0426,925.932,43.5856,3
256.589,261.394,9.2435,9.0052,991.416,51.1738,0
265.049,208.738,8.9733,8.5487,948.208,43.9237,1
262.096,203.347,9.3008,9.0192,987.651,43.8526,1
261.295,197.601,7.9239,7.7664,833.005,47.2291,1
250.595,235.245,8.8208,8.227,948.325,55.8586,2
277.558,283.927,7.1474,6.7653,790.284,40.3132,0
224.834,310.194,3.1765,0.156,692.946,28.8726,4
248.242,233.484,9.085,8.4432,968.377,54.8961,2
261.498,206.365,9.1744,8.7258,957.47,43.7045,1
261.201,206.671,8.9011,8.4448,920.879,42.1747,1
248.373,254.895,9.1215,8.8816,937.359,59.149,0
262.418,202.953,8.9766,8.7014,951.344,47.0726,1
264.614,269.848,7.4105,7.1334,856.558,47.729,0
259.445,235.967,8.8321,8.4354,935.797,49.196,2
263.19,202.673,8.5989,8.3103,892.329,43.8381,1
258.736,263.516,7.9863,7.7365,889.36,50.1027,0
254.806,2.1526,8.9013,0.0459,938.622,52.8501,3
267.82,245.406,9.0464,8.6772,967.043,42.6378,2
269.372,276.418,7.9517,7.6844,885.024,42.7668,0
1.6149,271.094,0.113,8.7848,959.083,45.69,3
269.538,204.579,7.679,7.5494,816.695,42.122,1
267.935,268.276,7.5573,7.4345,866.501,45.0417,0
264.991,270.96,8.4633,8.2159,894.265,44.2179,0
271.19,246.564,3.8335,3.6214,418.299,39.1221,4
260.341,244.265,9.1853,8.5898,969.133,45.8143,2
261.286,203.821,9.0926,8.7672,951.367,43.9711,1
252.467,232.284,9.1802,8.5878,986.213,52.3469,2
275.915,278.748,3.3244,1.1721,372.374,37.1975,4
281.749,266.24,3.3655,2.8466,375.216,30.4536,4
254.193,2.1381,8.9469,0.0476,933.393,50.9401,3
263.506,2.139,8.787,0.0424,926.274,43.5814,3
279.364,287.388,3.9652,2.1751,432.775,36.8001,4
282.012,303.688,7.1886,5.9305,787.563,32.0873,4
260.992,246.951,8.7275,8.0826,907.954,46.5987,2
259.492,200.983,8.9606,8.6107,953.571,48.0306,1
260.99,241.598,8.5074,8.0049,893.935,47.5729,2
267.903,275.898,8.6922,8.4333,930.308,43.5047,0
314.24,305.445,0.8304,0.5568,551.59,22.377,4
265.351,2.1187,8.1952,0.0428,859.7,42.1743,3
265.326,2.1275,8.7306,0.0404,925.304,43.5397,3
264.813,203.939,8.5395,8.2608,892.549,43.9506,1
1.6272,271.584,0.1124,8.6705,959.108,50.738,3
264.663,229.006,8.77,8.8646,920.611,42.9947,1
283.897,288.414,7.9718,7.7826,898.176,30.9904,0
273.801,266.989,7.5104,7.6121,868.914,45.3688,0
255.318,236.816,9.086,8.5139,969.079,51.0267,2
260.966,203.144,9.0068,8.6501,938.537,44.2814,1
267.901,206.202,9.0644,8.8023,959.967,41.5632,1
287.483,276.389,6.0117,5.8688,651.876,29.7076,0
255.366,233.567,8.8976,8.4562,943.811,52.5416,2
266.68,274.954,7.4164,7.0762,860.504,47.1944,0
292.502,292.406,3.914,1.2792,426.305,27.0796,4
259.321,238.648,8.8404,8.3441,935.634,49.1503,2
283.488,260.882,5.0281,4.8088,541.046,35.1995,4
263.342,207.824,9.2014,8.7361,960.38,41.6072,1
1.655,271.73,0.1042,8.9527,992.297,46.427,3
268.202,249.518,5.1145,4.9159,539.425,42.7003,4
263.073,208.91,8.912,8.4476,923.834,41.221,1
307.05,267.317,3.9901,4.8722,561.585,27.5747,0
265.044,290.285,6.25,4.3766,655.534,44.7898,4
263.899,258.755,7.1171,6.8999,793.053,47.2225,0
271.832,277.372,6.6323,6.4156,791.545,42.8088,0
265.151,243.891,8.3715,7.9316,884.142,44.3479,2
288.951,290.612,7.6254,7.528,874.626,25.7518,0
292.252,257.545,2.7467,2.5811,316.749,29.2828,4
249.305,237.521,9.0242,8.2184,967.343,55.722,2
280.236,299.242,6.9855,5.4817,781.344,38.0825,4
256.564,238.414,8.3021,7.8148,860.069,52.3722,2
266.415,204.698,9.205,9.0128,989.076,42.6586,1
281.296,311.477,5.2006,1.779,555.925,35.8334,4
294.036,301.818,3.9267,1.5649,434.417,26.9045,4
254.151,2.1442,8.8722,0.0524,936.965,53.483,3
321.197,283.219,0.5383,0.5339,159.934,18.0296,0
261.695,200.155,7.9605,7.6956,825.797,43.5552,1
284.323,343.292,2.3942,0.0861,390.466,16.1351,4
252.209,234.69,8.7587,8.2436,941.56,55.0302,2
257.792,198.964,8.7961,8.4755,911.93,46.3671,1
266.011,246.702,9.277,8.7284,990.703,40.6611,2
262.138,246.326,7.8963,7.4059,828.675,48.1443,2
255.418,236.878,8.6582,8.1736,942.276,54.964,2
1.6145,273.409,0.1147,8.7211,959.413,46.2988,3
274.964,253.472,4.5436,4.2826,499.354,41.3608,4
305.754,230.615,1.5399,1.6436,248.737,28.1982,4
273.463,273.132,6.7385,6.4055,733.506,35.5994,0
1.6013,275.599,0.112,8.6293,960.355,45.999,3
276.685,277.782,6.4568,6.3657,784.318,42.4516,0
266.123,202.92,9.0211,8.8457,958.544,43.6402,1
263.151,204.769,8.9373,8.569,938.03,44.6616,1
1.6513,271.873,0.1012,9.0059,993.593,42.6855,3
279.155,291.013,5.6434,4.3581,622.246,37.6959,4
254.707,233.82,8.932,8.4451,938.355,51.0755,2
256.115,238.494,8.9471,8.3621,937.823,49.0805,2
254.88,237.207,8.9832,8.4095,936.655,49.1175,2
253.588,2.1295,9.1168,0.0478,961.494,51.1356,3
1.6314,273.708,0.1133,8.6993,959.651,46.0202,3
258.158,203.194,8.776,8.286,906.396,46.3496,1
1.5872,271.618,0.107,8.523,925.97,50.4665,3
267.369,204.996,9.0491,8.8221,961.126,41.8734,1
1.6247,273.181,0.1038,8.8604,967.386,44.0674,3
258.738,293.291,5.9264,3.065,615.693,47.1872,4
260.271,214.513,9.3182,9.4631,987.57,45.6903,1
281.288,241.234,3.2564,3.1101,367.512,32.0167,4
256.346,199.311,9.0243,8.6664,952.577,48.7266,1
247.614,234.628,9.0764,8.2913,970.918,56.1873,2
286.381,268.483,5.2584,5.0723,584.975,27.3516,4
274.371,319.669,5.6059,0.8245,587.288,36.2587,4
271.139,282.361,8.0788,7.7395,871.917,37.2535,0
295.7,353.127,2.0069,0.0701,369.199,9.3066,4
1.6202,272.319,0.111,8.8636,967.354,46.265,3
268.899,248.82,5.0366,4.8674,533.432,42.7942,4
269.721,308.496,6.1728,2.9127,692.905,47.1081,4
266.039,244.779,9.3078,8.8143,992.706,40.6428,2
265.38,248.171,9.1931,8.6233,972.153,42.4214,2
249.028,226.932,9.0221,8.5769,972.558,57.1191,2
1.618,268.583,0.117,8.6031,935.098,47.3146,3
263.052,206.893,8.966,8.5592,945.477,44.9296,1
267.341,206.814,8.4809,8.1876,896.166,44.5956,1
263.88,242.848,9.3575,8.8773,992.943,40.711,2
253.141,197.812,8.8061,8.4144,913.385,51.7559,1
262.983,246.496,9.2312,8.6493,972.105,42.8716,2
255.491,2.1461,9.0617,0.049,963.098,50.9921,3
307.178,278.373,1.2501,0.5276,211.367,26.4992,4
1.6154,272.049,0.1119,8.7629,958.971,46.4512,3
258.128,302.767,7.8438,4.3321,833.052,53.1825,4
268.881,246.576,9.269,8.8282,993.022,38.1945,2
258.916,262.934,7.5801,7.3906,859.948,51.4417,0
315.146,293.864,0.5187,6.3018,752.822,11.8799,4
317.138,292.124,0.5117,6.3952,763.704,11.8127,4
259.177,2.1588,8.9524,0.0386,929.765,43.6741,3
268.538,276.033,4.7194,3.1859,513.726,45.2184,4
253.378,237.846,8.3894,7.8289,856.458,51.5309,2
1.625,276.283,0.1092,8.7716,967.295,43.9729,3
270.586,270.557,6.9608,6.6192,722.576,37.814,0
265.142,269.199,6.8853,6.6831,802.812,48.4251,0
256.268,264.81,7.2067,6.8512,788.884,51.2505,0
277.165,280.579,6.3972,6.2311,772.206,41.6285,0
265.968,303.301,7.8462,5.3606,829.105,45.7857,4
259.345,204.138,9.1285,8.7101,956.047,46.2921,1
1.652,269.964,0.1102,8.8974,982.712,49.1259,3
266.252,248.699,9.3536,8.7645,992.27,38.3318,2
252.737,239.995,8.4028,7.751,856.84,51.5207,2
257.56,198.01,8.7791,8.4804,913.093,47.8432,1
1.6116,272.896,0.1101,8.4727,929.291,49.2492,3
270.96,266.772,6.9002,6.6744,725.434,38.2983,0
256.574,238.201,8.3154,7.8288,860.56,52.5441,2
268.409,2.0901,8.237,0.0389,869.433,40.8934,3
245.277,254.228,8.9651,8.5447,895.508,57.529,0
260.208,201.824,8.021,7.6489,828.063,43.7346,1
1.6529,270.311,0.1024,8.9965,992.145,46.3352,3
1.6104,273.842,0.1097,8.8206,967.561,46.2481,3
268.814,262.541,7.6892,7.4419,844.219,42.5408,0
261.913,194.352,8.6776,8.6148,915.637,46.9728,1
275.2,310.184,6.1226,3.2827,642.545,35.8142,4
272.244,288.375,6.3829,5.2553,673.035,38.145,4
1.6116,272.52,0.1095,8.6539,959.895,49.9615,3
253.164,231.833,8.2902,7.868,893.387,53.7039,2
260.542,204.363,8.9293,8.5454,923.083,42.9365,1
259.446,266.439,8.9324,8.6208,944.179,47.2282,0
261.466,202.861,9.0107,8.6835,938.722,44.0132,1
267.268,2.1048,8.2687,0.0426,866.412,40.0698,3
307.639,255.795,2.4447,2.7765,387.27,32.0379,0
257.028,199.801,9.1113,8.7848,951.726,47.4974,1
272.427,252.105,6.6182,6.5201,716.091,42.2504,4
268.913,243.694,9.1992,8.8521,991.511,40.5809,2
256.799,253.532,6.8433,6.5432,720.536,50.0995,0
260.89,2.1299,8.8817,0.0413,925.093,43.4787,3
275.454,314.594,6.0393,2.6476,633.511,35.3381,4
274.637,269.972,6.6,6.2436,706.185,37.3205,0
263.406,206.294,8.9352,8.527,937.739,44.0256,1
278.521,277.431,7.7567,7.6996,882.162,38.5956,0
1.6046,276.079,0.1095,8.682,965.919,47.9307,3
251.23,231.677,9.0069,8.5184,967.446,54.3419,2
258.576,2.109,8.9069,0.0394,923.182,43.8414,3
264.499,244.262,9.0252,8.5605,947.832,42.7722,2
251.668,235.133,8.8075,8.2446,947.169,55.3783,2
262.581,2.1187,8.4174,0.0415,867.793,40.5317,3
307.199,235.07,2.716,3.2497,416.795,28.7705,0
1.594,275.477,0.1109,8.7682,966.478,45.2167,3
282.074,273.101,6.373,6.1836,683.43,30.5089,0
265.71,209.145,8.9091,8.4834,932.507,42.4508,1
269.229,279.716,8.9098,8.5775,955.041,41.5293,0
288.895,261.978,2.973,2.5822,328.444,31.8098,4
263.595,205.634,9.1725,8.807,960.399,42.1786,1
291.561,270.17,4.6122,4.4043,498.153,27.7506,4
267.606,2.1027,8.777,0.0386,929.158,43.4988,3
1.6392,269.396,0.1078,9.0487,994.453,48.9688,3
319.916,330.161,1.8947,0.2278,317.963,17.4251,4
1.625,271.809,0.111,8.8526,964.669,46.969,3
257.616,199.027,8.03,7.7034,831.267,47.4094,1
262.383,268.153,7.929,7.6691,884.592,47.2668,0
297.087,286.724,0.3966,0.2863,124.2,22.635,0
271.536,257.81,0.856,0.7263,100.336,28.1467,0
257.611,195.319,9.0508,8.8616,957.678,48.0769,1
264.215,307.515,6.635,3.2381,728.827,48.6807,4
264.58,243.061,9.3425,8.8703,992.04,40.7955,2
257.819,264.159,8.4912,8.1826,880.721,50.5209,0
1.6081,273.027,0.107,8.8141,964.972,46.7859,3
264.43,2.1121,8.1914,0.0415,857.245,42.4602,3
257.134,196.042,8.6809,8.4881,920.212,52.8509,1
276.003,267.285,5.2844,5.0935,642.061,42.6554,0
267.665,241.403,8.877,8.6134,945.88,43.2453,2
269.639,280.532,8.1707,7.835,874.563,37.3968,0
256.773,200.842,9.0236,8.5845,955.905,49.3185,1
1.6233,264.131,0.1072,8.8521,958.008,52.4314,3
265.032,2.1675,9.0674,0.0488,957.841,42.3021,3
267.719,307.426,8.0542,5.4758,840.617,41.1205,4
264.366,2.1282,8.7702,0.0408,926.179,43.5448,3
267.905,269.1,6.6557,6.5206,783.279,47.0102,0
268.889,203.655,9.0209,8.9031,960.38,41.5192,1
263.119,201.774,9.1426,8.9179,957.651,43.2686,1
261.938,2.133,8.84,0.041,925.448,43.3638,3
295.139,257.996,1.9379,0.3706,239.892,27.734,4
263.299,2.1102,8.3173,0.0388,862.831,41.3874,3
268.103,254.909,6.1777,5.9281,691.195,43.4415,4
248.845,229.811,8.9445,8.4204,956.301,56.1593,2
1.6129,268.828,0.1134,8.8497,959.639,45.6797,3
262.418,245.353,7.8889,7.4508,828.803,48.2637,2
255.916,298.935,7.7711,4.812,777.165,49.7691,4
289.12,282.837,5.1214,4.9047,621.895,28.4929,0
270.349,269.266,7.9528,7.6464,853.738,34.7839,0
314.339,309.143,1.6388,1.3216,257.031,17.5767,4
277.437,350.662,3.3082,0.0899,455.974,13.8118,4
277.343,301.987,5.5208,3.0644,600.124,37.2427,4
276.521,260.315,0.9116,0.7272,162.16,35.1369,4
259.346,200.578,9.0993,8.8142,953.64,45.9646,1
262.876,2.1096,8.4113,0.0409,867.547,40.5317,3
263.781,202.539,8.9768,8.7684,948.102,44.4004,1
311.066,303.046,2.4131,0.1224,306.608,19.2969,4
253.527,265.911,8.2788,7.7868,865.852,50.2263,0
345.152,338.002,0.3343,0.2255,459.756,11.4544,0
260.999,242.535,9.1708,8.6435,968.591,45.8113,2
257.646,269.782,8.8262,8.3195,935.171,46.0292,0
278.534,261.019,4.4046,4.1659,537.371,37.5319,4
252.533,233.926,8.9794,8.4252,938.24,51.2165,2
264.375,2.111,8.7619,0.0386,925.504,43.5178,3
290.839,260.642,5.0463,4.9583,551.662,27.875,4
271.159,280.369,2.9349,2.5172,336.133,37.8651,4
297.795,280.891,4.3805,4.0804,479.276,22.2268,4
247.322,230.181,9.154,8.51,979.347,56.8137,2
1.6502,272.836,0.103,8.9356,990.539,48.8538,3
282.66,275.527,3.4651,2.3029,388.13,32.3685,4
263.041,243.863,8.9722,8.4793,955.826,46.8267,2
280.052,258.66,4.7303,4.5115,503.581,35.5865,4
349.715,284.613,0.4827,6.8946,827.464,22.0403,4
261.919,269.103,7.6952,6.11,804.614,46.9184,2
256.218,195.164,9.0737,8.8527,954.947,48.008,1
279.323,270.822,5.5094,5.3481,607.228,37.579,0
305.267,269.322,2.7867,3.0735,433.105,35.2613,0
268.281,207.206,8.7826,8.5517,924.47,40.863,1
253.465,2.141,9.0701,0.0462,959.456,52.0482,3
1.6544,271.824,0.1086,8.9548,987.403,44.4311,3
1.6268,276.769,0.109,8.7391,967.532,46.1648,3
261.86,203.66,8.9809,8.6602,953.323,46.987,1
248.343,226.677,9.164,8.6578,981.123,55.9593,2
280.332,300.903,5.533,3.5773,598.963,34.4775,4
261.871,203.361,9.3369,9.0798,988.781,43.5343,1
291.343,254.291,2.8823,2.7541,329.635,30.0564,4
257.907,198.915,8.7642,8.4282,914.64,48.0456,1
253.79,2.1342,8.9665,0.046,932.718,50.2406,3
269.611,252.659,5.6833,5.4164,592.903,40.2029,4
249.916,196.949,8.8883,8.4625,912.964,51.7338,1
264.783,270.674,8.3336,8.1018,901.613,44.4594,0
268.166,275.626,8.8292,8.5972,947.949,40.1241,0
303.463,282.028,3.4517,2.123,514.231,32.6102,4
260.291,253.363,6.2881,6.0954,627.933,48.3413,0
280.898,309.244,7.2007,5.5106,781.886,31.7863,4
278.174,268.83,6.2905,6.1277,684.551,36.7431,0
263.5,2.1108,8.9311,0.0364,932.566,43.9729,3
265.665,246.667,8.9974,8.5298,941.539,41.3914,2
282.312,284.033,1.2243,1.1902,138.157,22.421,0
260.589,206.097,9.013,8.5205,953.75,47.1584,1
261.183,263.585,7.7181,6.2453,804.23,47.0061,2
265.172,260.09,6.4534,6.2154,682.328,46.0427,0
271.108,327.676,4.9806,2.247,627.38,17.4779,4
265.748,242.646,8.3125,7.9678,882.687,44.4682,2
267.685,2.111,8.2411,0.0419,867.77,40.5687,3
266.133,202.983,8.4944,8.3016,893.062,43.9321,1
1.6088,268.134,0.1085,8.7947,957.993,49.4733,3
256.806,2.1506,9.0241,0.0472,962.696,50.4212,3
261.697,239.176,9.0213,8.6405,956.55,46.7823,2
259.485,201.25,9.0346,8.7412,949.189,47.0816,1
262.497,203.455,8.989,8.6994,947.855,45.7564,1
250.238,231.977,9.0199,8.4795,969.34,55.4193,2
266.052,280.182,7.05,6.216,781.167,48.1898,0
256.718,2.147,9.0355,0.0482,961.281,50.9544,3
265.031,202.804,8.9594,8.7862,949.94,44.0823,1
250.636,2.147,9.0405,0.0465,940.331,52.4149,3
256.775,198.659,9.0225,8.6789,955.703,49.4078,1
1.6125,274.418,0.1066,8.8268,967.246,43.9992,3
265.339,204.911,7.8194,7.5417,816.498,42.0047,1
249.954,260.223,8.5986,8.1742,921.34,55.5118,0
265.755,2.1875,9.0547,0.0482,958.65,42.06,3
262.743,2.1219,8.9686,0.0374,936.129,43.3186,3
251.213,255.047,9.0222,8.8545,935.894,58.8251,0
254.513,2.146,9.0942,0.0493,962.256,50.7974,3
290.207,270.35,3.6748,3.4294,416.067,31.8061,4
260.246,197.609,7.9625,7.7695,833.725,47.2661,1
261.506,198.451,8.9656,8.8376,952.375,47.4319,1
286.94,336.289,6.6941,1.6581,736.926,30.3229,4
1.6125,275.342,0.1098,8.6416,959.33,46.3018,3
265.172,244.47,9.3222,8.8332,992.07,40.2489,2
273.653,275.708,6.5382,6.3841,777.474,40.8061,0
307.541,234.362,2.583,3.0588,395.147,28.057,4
309.236,268.655,3.9437,4.9845,576.653,29.0374,4
276.584,273.872,7.8117,7.7967,883.043,38.7014,0
261.731,205.197,9.3155,8.9395,985.321,43.3339,1
262.863,317.862,7.5211,2.3092,792.847,47.7235,4
266.404,245.277,9.1871,8.7388,976.8,42.2873,2
263.265,203.17,7.9174,7.5911,824.943,43.0809,1
252.806,2.1295,8.8895,0.0476,936.562,53.6771,3
259.226,202.731,9.0858,8.7295,947.183,44.9283,1
261.698,201.856,9.3748,9.1397,990.996,43.4735,1
262.202,245.994,8.6882,8.1241,908.474,46.776,2
283.397,311.431,7.1702,5.206,785.321,32.4637,4
254.923,2.1373,9.0819,0.0507,963.745,50.982,3
269.427,246.692,8.8756,8.5361,941.682,41.4201,2
268.959,246.926,9.1845,8.7583,989.498,40.5294,2
265.337,206.539,9.0755,8.744,957.498,43.3496,1
262.47,2.1556,8.8508,0.0407,929.628,43.7991,3
264.625,273.042,7.6172,5.9187,802.789,46.0454,2
250.704,227.149,9.076,8.637,982.683,55.9224,2
263.829,2.1004,8.9057,0.0372,929.976,44.0636,3
273.444,288.805,3.0136,2.3433,341.722,35.1732,4
275.809,280.788,2.1604,2.0514,260.832,36.2623,0
262.219,201.973,8.8657,8.6075,921.652,42.9442,1
262.496,242.746,8.687,8.2624,912.044,47.0981,2
264.742,2.1036,8.762,0.0421,924.559,43.0298,3
266.681,203.836,8.8495,8.6759,927.757,41.9472,1
261.917,274.641,8.9915,8.5358,939.429,43.6473,0
264.725,202.752,8.5752,8.3328,893.271,43.7787,1
1.6196,267.595,0.1146,8.8225,957.835,49.0296,3
272.606,281.569,2.8464,2.4671,328.187,37.4796,4
258.112,244.028,8.0525,7.502,831.554,47.9077,2
255.916,238.541,9.1053,8.4829,968.951,50.4487,2
304.735,336.787,1.5992,0.1853,278.571,17.3161,4
256.247,239.107,8.9439,8.3289,937.389,49.0413,2
250.201,233.484,8.6739,8.1657,924.327,55.0064,2
261.633,204.939,9.3214,8.9452,989.188,44.5493,1
266.308,2.1073,8.6782,0.0422,922.002,43.3343,3
276.196,268.877,6.295,6.0637,678.878,39.1685,0
261.69,2.1687,9.1355,0.043,956.376,42.9517,3
310.349,258.665,5.3872,3.3549,700.101,21.9188,4
258.627,200.728,8.6153,8.2974,909.55,51.0595,1
274.428,271.855,7.5871,7.6635,883.033,44.3768,0
277.479,264.408,5.6283,5.5308,621.64,41.2631,0
253.44,2.1588,8.9572,0.0466,940.275,52.3759,3
276.583,268.948,5.1421,5.0162,577.465,26.4131,0
264.348,278.399,8.8808,8.4416,940.625,42.276,0
264.671,200.542,7.8536,7.6723,818.881,41.6251,1
283.151,309.175,4.6147,1.6157,510.053,35.6654,4
256.609,238.635,8.2015,7.7539,846.975,50.566,2
293.639,256.576,2.7263,2.5987,315.134,29.9477,4
251.156,234.08,8.5882,8.0709,922.438,55.4338,2
279.062,298.3,4.2381,0.7059,462.9,36.5766,4
265.459,2.1698,8.9662,0.0452,951.675,43.3686,3
263.399,205.84,8.9454,8.5689,939.279,44.0965,1
265.759,252.254,5.0736,4.7716,535.145,44.2625,4
1.6186,270.642,0.1145,8.5584,934.705,47.6164,3
260.005,203.074,8.9873,8.6065,948.001,47.7486,1
272.404,276.868,6.5689,6.3921,780.729,41.431,0
261.997,2.1272,8.8335,0.0409,924.995,43.343,3
257.139,197.02,9.0735,8.8014,960.034,48.6386,1
268.395,274.679,7.1841,6.8195,796.11,45.0383,0
249.82,2.1496,8.9701,0.0431,934.961,53.0153,3
1.6018,272.513,0.1087,8.5011,928.285,50.2939,3
264.958,203.764,8.9039,8.6896,947.33,45.0757,1
2.039,268.155,0.1354,9.1014,994.032,49.4597,3
260.99,240.261,8.5312,8.0901,886.225,44.5859,2
1.6065,269.378,0.1139,8.5453,929.616,50.8605,3
260.859,244.524,8.5053,7.8984,883.135,44.4051,2
1.6157,272.534,0.1108,8.8314,965.859,46.971,3
265.422,273.276,8.5788,8.2701,921.01,45.6915,0
1.6198,273.847,0.1076,8.7857,965.463,47.6037,3
316.794,292.337,0.3309,6.6253,511.677,7.1325,4
260.545,256.282,7.8261,6.7261,815.095,48.0423,2
261.522,199.454,8.6528,8.4346,903.305,46.2337,1
1.6259,274.98,0.1101,8.8178,967.174,43.9097,3
286.873,246.216,4.524,3.8973,663.999,25.8547,4
257.838,272.454,7.8061,5.9036,801.12,46.0245,2
262.312,202.027,8.6474,8.3567,910.967,46.2509,1
268.901,246.094,6.1507,5.8746,653.503,42.1328,4
259.81,196.328,8.7243,8.5506,914.044,47.2859,1
284.922,275.462,6.3508,6.1697,688.678,30.1799,0
269.566,276.243,7.5154,7.3063,825.044,41.8491,0
254.809,233.551,9.083,8.6514,970.438,51.2027,2
323.418,352.951,0.5184,0.1075,545.23,20.3213,4
260.916,242.576,8.5799,8.0254,889.79,44.7464,2
268.046,273.706,7.5214,7.2214,874.518,44.1484,0
262.336,244.333,9.1574,8.6329,966.849,44.2516,2
290.59,295.524,4.1828,2.4316,451.157,26.2927,4
268.429,206.544,8.7855,8.574,929.046,41.9739,1
271.63,246.497,3.3703,3.1655,373.359,38.1333,4
272.823,271.811,3.0608,2.6118,325.25,36.6117,4
256.686,235.118,8.1464,7.8287,843.299,50.2086,2
262.012,204.029,9.0402,8.7316,947.423,44.4026,1
269.384,265.048,6.6134,6.3826,728.931,40.9841,0
250.774,2.1448,9.217,0.0489,965.142,50.8371,3
254.791,2.1524,8.8662,0.0484,936.758,53.2381,3
257.431,233.675,8.908,8.5368,936.568,48.5985,2
263.582,2.158,9.0929,0.0431,956.672,42.596,3
1.6447,268.697,0.1019,8.9934,988.958,50.128,3
252.038,262.184,9.3996,8.9514,989.197,50.523,0
263.583,203.624,8.9413,8.6727,951.501,46.9748,1
262.327,267.28,6.0779,5.4379,613.363,49.3508,4
1.6023,269.049,0.1163,8.5616,929.783,51.1067,3
259.119,201.851,9.3933,9.0717,986.209,43.3855,1
259.533,202.321,8.9967,8.6445,948.196,47.5041,1
283.704,246.986,0.7026,0.3267,197.38,27.5231,4
275.195,268.288,6.3642,6.1541,697.334,37.9876,0
258.664,244.686,8.7933,8.176,908.148,46.6314,2
265.933,248.996,5.5273,5.3052,586.515,47.0866,4
260.684,237.33,8.0283,7.7673,841.274,48.824,2
254.718,234.468,8.3655,7.942,858.938,52.0582,2
262.734,203.814,8.9515,8.6497,950.788,47.2858,1
251.401,2.1443,9.1916,0.0496,965.191,50.6058,3
268.264,244.142,9.245,8.8597,990.424,39.472,2
265.116,202.071,9.2122,9.0889,986.093,42.8873,1
263.874,2.1186,8.7673,0.0391,924.79,43.3532,3
1.6194,275.839,0.1173,8.6481,960.214,47.231,3
267.225,271.255,8.3651,8.2277,904.98,43.1515,0
268.451,279.803,3.5167,2.3891,390.521,38.7168,4
249.513,230.245,8.9229,8.42,959.01,56.4776,2
308.234,286.53,5.2132,3.1973,660.84,26.8054,4
259.144,194.681,8.9892,8.8678,959.976,49.0215,1
289.547,308.438,5.32,2.7561,586.186,30.9619,4
258.622,0.8608,8.8924,0.0421,936.44,48.1252,3
250.85,2.1556,9.181,0.0475,967.326,52.2368,3
261.33,2.1691,9.1619,0.0447,956.198,42.5947,3
266.069,254.176,5.1584,4.8125,542.049,43.5964,4
1.6085,272.19,0.1126,8.601,957.541,52.3264,3
1.6159,276.178,0.1108,8.7421,966.491,45.3154,3
264.572,2.1294,8.9756,0.0371,938.152,42.4532,3
262.546,2.1029,8.8221,0.0405,924.906,43.0244,3
265.557,251.899,5.0678,4.7631,526.139,44.4048,4
277.33,305.268,6.9216,4.8247,779.824,42.177,4
250.394,229.402,9.0933,8.5662,982.362,55.9224,2
250.407,229.707,9.2477,8.6752,988.498,52.6403,2
262.182,244.418,9.0614,8.5615,957.599,45.8856,2
253.171,263.031,9.0175,8.6414,947.971,51.2688,0
284.065,276.115,6.3314,6.1588,687.793,31.1266,0
270.842,205.773,8.6993,8.617,927.3,41.8248,1
1.6282,270.382,0.1097,8.816,960.062,46.3,3
255.271,258.485,8.8182,8.6118,935.679,52.202,0
261.449,203.576,9.3847,9.0784,989.506,42.7312,1
1.6102,270.931,0.1121,8.5272,930.067,51.0142,3
257.874,205.143,9.1223,8.5835,938.904,44.8881,1
254.397,237.277,8.4163,7.8863,861.756,52.0841,2
1.6157,272.712,0.1089,8.8358,966.773,45.684,3
262.587,195.896,8.6304,8.5677,912.102,46.9921,1
258.076,239.339,8.8656,8.3119,936.534,49.0993,2
267.651,245.096,9.2604,8.8209,990.557,39.6725,2
1.6332,271.608,0.1117,8.967,991.28,49.1873,3
258.712,239.879,8.2527,7.776,860.8,52.2081,2
260.725,2.1091,9.0,0.0379,931.315,44.1067,3
358.763,291.188,0.36,7.0936,826.581,13.5526,4
260.75,202.504,8.6974,8.3354,911.315,46.2838,1
1.6139,270.935,0.1081,8.886,966.232,46.308,3
304.436,277.023,3.4784,4.2006,517.297,24.88,4
267.105,313.353,7.8433,4.3705,825.714,43.3234,4
261.511,348.116,4.5427,0.1168,563.057,19.5369,4
263.183,272.731,7.6734,5.9259,802.734,46.0684,2
251.255,255.918,9.1884,8.8825,958.927,50.6509,0
254.062,2.1538,8.9244,0.0493,939.58,53.0218,3
261.517,2.1642,9.143,0.0447,955.511,42.7923,3
283.436,259.052,4.0549,3.9182,449.336,35.8082,4
266.767,265.402,7.2598,6.9545,781.517,38.6125,0
266.605,2.103,8.6633,0.0419,922.97,43.5621,3
284.573,316.392,7.1172,4.8466,782.415,32.9227,4
307.466,276.499,3.0603,2.6947,473.859,32.7051,4
299.098,353.141,1.9392,0.0727,379.943,9.4517,4
295.9,269.327,4.6871,4.5815,510.997,23.9826,4
261.814,2.1088,8.852,0.0426,923.392,42.8901,3
267.541,270.636,4.7314,3.6739,512.546,45.464,4
265.631,265.942,7.6291,7.5155,854.543,46.2732,0
250.412,192.958,8.8443,8.544,916.163,52.8058,1
262.406,195.722,7.8581,7.8371,833.456,47.8996,1
1.6304,268.461,0.1101,8.656,935.75,47.7998,3
261.272,258.692,6.3301,6.0757,637.576,49.2061,0
257.659,235.348,8.8845,8.4817,941.846,50.0483,2
253.455,231.521,8.5175,8.1022,919.553,54.1325,2
272.713,277.876,7.4145,6.9397,803.096,34.4943,0
290.811,267.61,5.0874,4.9048,553.282,28.4285,4
261.516,265.984,7.8681,7.6167,873.216,49.3585,0
288.021,278.023,5.9828,5.8628,652.217,29.2075,0
254.891,261.791,8.6881,8.3424,895.119,51.9499,0
253.677,217.251,9.1194,7.0067,960.813,51.1864,1
260.055,200.106,8.6869,8.3828,913.836,47.9041,1
1.6169,275.964,0.1119,8.7241,964.554,46.4849,3
261.468,264.271,7.2249,7.0401,818.184,52.6495,0
286.148,272.184,6.6704,6.5869,729.112,29.6146,0
261.743,226.274,2.2685,0.2764,327.139,27.5607,4
1.6624,271.326,0.1062,9.0233,991.871,43.3234,3
306.315,253.128,2.5763,2.9659,407.751,33.4097,0
276.29,278.392,6.7108,6.3835,728.734,31.8622,0
261.146,242.724,8.7409,8.277,911.858,47.5214,2
271.153,271.52,7.5845,7.5187,879.198,45.4427,0
270.806,248.921,3.7921,3.5236,414.303,39.4214,4
262.926,2.1266,8.9317,0.0375,929.757,43.6851,3
258.285,235.094,8.2176,7.9228,858.107,51.7999,2
314.109,252.212,2.6492,3.2321,426.19,27.227,0
301.558,287.677,4.4224,4.3739,586.499,28.1655,0
260.556,231.94,6.3421,6.1801,677.517,37.58,4
252.102,2.1594,9.1045,0.0501,959.74,51.8041,3
258.016,236.549,8.1158,7.7924,843.734,50.5379,2
255.581,238.017,8.9633,8.4057,937.281,48.6425,2
262.517,243.819,9.4105,8.8598,989.056,39.0055,2
275.925,259.424,4.209,3.9393,452.266,36.0661,4
1.6194,273.173,0.1122,8.7283,958.632,47.1088,3
302.808,322.817,2.5652,0.2403,399.585,19.8743,4
265.053,2.1242,8.8841,0.0363,931.33,43.4913,3
267.197,295.695,6.1807,4.0027,646.873,42.1261,4
262.691,204.383,8.6395,8.2742,901.581,45.7636,1
285.788,283.078,7.5977,7.6307,855.893,31.0059,0
264.108,206.37,9.1746,8.7827,959.657,41.6972,1
260.939,204.507,9.0615,8.6699,949.459,45.4856,1
291.376,264.852,5.0071,4.8991,545.815,28.5737,4
322.49,294.956,0.3194,6.9293,807.9,4.072,4
320.338,266.108,2.2045,2.377,363.888,19.4667,4
275.862,255.81,4.5919,4.3479,493.341,38.4231,4
1.6487,273.093,0.1067,8.936,992.354,45.0893,3
266.341,2.0792,8.8156,0.0384,929.159,44.1063,3
253.339,233.056,8.9411,8.4756,967.921,54.1409,2
251.904,196.14,9.1905,8.794,961.831,50.236,1
293.748,346.004,2.3053,0.0828,399.679,16.4155,4
277.26,272.504,4.8061,4.0839,513.653,36.2372,4
262.744,2.1322,8.8241,0.0401,924.998,42.7268,3
290.791,266.474,5.1252,4.9559,557.702,27.9884,4
271.874,310.024,6.9607,4.0407,757.038,42.5809,4
251.091,2.1458,9.0178,0.0444,936.703,51.5395,3
251.834,194.887,8.8383,8.5281,912.659,51.7338,1
264.302,203.531,9.2265,9.009,988.048,44.1097,1
278.189,302.469,7.0153,5.23,778.492,37.7106,4
282.339,293.381,5.3223,7.0194,828.435,18.8081,4
259.028,248.061,7.9901,7.3278,827.477,48.0997,2
248.572,230.847,9.0866,8.4425,969.484,54.7945,2
262.653,2.1107,8.8231,0.0441,925.234,43.2515,3
319.255,259.891,2.261,2.7539,372.493,20.0076,0
272.143,265.236,5.8874,5.6546,701.917,44.0635,0
253.639,198.346,9.1234,8.7259,953.318,48.226,1
258.081,2.1502,8.9833,0.0477,964.125,50.3435,3
256.611,203.885,9.1693,8.704,948.445,45.5327,1
273.615,264.233,6.2631,6.0864,748.244,43.2124,0
260.361,206.241,9.0728,8.5924,948.92,45.4719,1
259.561,197.72,8.9886,8.7716,957.247,48.0318,1
254.554,2.1284,9.0713,0.0457,960.012,51.238,3
1.6673,269.207,0.102,9.123,995.242,42.3895,3
268.081,262.8,5.7173,5.4443,624.323,45.3042,0
284.664,318.828,7.0406,4.0396,770.261,31.1145,4
256.001,239.937,8.964,8.3426,941.369,49.1613,2
274.588,327.05,3.8076,0.2998,497.701,26.3689,4
266.999,247.875,8.9748,8.5057,942.84,41.3359,2
263.496,202.786,8.601,8.3205,910.268,46.2145,1
322.453,308.859,1.923,1.7217,274.369,14.7539,4
251.117,230.52,9.2031,8.6225,987.261,52.7385,2
268.363,269.329,7.6717,7.5182,877.266,43.5351,0
264.053,246.499,9.3393,8.7692,989.945,40.9845,2
278.352,278.478,7.6885,7.6374,881.305,39.2553,0
263.322,205.403,8.9584,8.6076,946.004,44.9748,1
258.762,241.318,8.0975,7.6353,840.789,48.7142,2
1.6409,267.049,0.1006,9.1117,992.899,49.0056,3
280.295,263.37,4.4236,4.1455,471.47,35.1291,4
263.035,200.905,8.924,8.7478,950.629,47.5314,1
275.678,264.51,4.9483,4.5518,521.022,35.7936,4
258.009,238.743,8.9022,8.4076,942.732,49.5462,2
272.451,270.007,5.0206,4.6175,547.712,39.4625,4
310.555,340.325,0.2402,0.1336,269.953,11.9193,0
263.164,202.112,8.9619,8.7593,946.456,44.9512,1
247.176,231.848,9.1256,8.4764,969.627,55.4391,2
265.074,247.255,9.2497,8.6962,978.389,42.3244,2
286.633,300.818,3.6869,1.4236,410.003,31.2756,4
272.424,266.955,4.8697,4.6979,546.031,28.6637,0
357.12,348.468,0.2267,0.0598,321.553,7.9922,4
256.564,205.858,9.0917,8.4745,947.971,47.4399,1
252.537,237.228,8.3851,7.8369,853.111,51.2309,2
308.011,329.575,0.2726,0.1439,301.069,14.991,0
286.47,257.58,3.6901,3.7089,484.24,38.8791,4
270.409,276.954,7.6251,7.4158,870.632,40.9076,0
256.199,234.995,8.5487,8.1898,930.514,54.3337,2
281.557,277.619,6.3591,6.1706,700.555,29.7115,0
267.912,302.457,6.6052,3.5647,735.875,48.4583,4
266.58,279.014,7.218,6.6709,795.769,44.9881,0
264.982,203.677,8.9226,8.7164,945.932,45.0205,1
301.515,296.846,2.8111,0.3988,319.689,20.8684,4
281.883,272.765,4.9116,4.7523,610.622,36.35,0
280.364,309.375,4.7294,2.176,517.433,36.4441,4
268.125,279.154,8.2649,7.8637,869.562,43.5932,0
257.107,197.225,9.0471,8.7709,954.624,48.0011,1
276.589,281.989,6.3297,6.118,743.037,36.6015,0
1.6146,272.995,0.1187,8.7335,959.328,47.0039,3
1.6147,274.279,0.1148,8.6887,959.38,46.3085,3
259.236,242.639,8.5744,7.9605,893.296,47.4937,2
312.166,297.668,0.3209,6.8996,821.369,10.858,4
251.35,261.699,8.1973,7.801,814.706,53.2686,0
266.329,2.1127,8.8135,0.035,928.387,43.4372,3
261.777,266.861,8.9196,8.6752,940.394,45.8746,0
257.109,198.501,9.0467,8.7345,954.343,47.9825,1
262.7,243.95,9.1574,8.6615,970.195,45.2621,2
258.154,243.109,9.1202,8.5174,955.849,46.7297,2
255.72,251.53,8.0461,7.1437,824.957,49.3456,2
278.423,275.093,7.1278,6.8951,779.935,32.481,0
249.362,237.469,8.696,8.0076,925.169,54.9711,2
254.844,259.413,8.2209,7.9689,869.545,51.3526,0
292.184,255.065,3.5571,3.4209,394.529,27.202,4
262.478,245.215,9.1331,8.5681,970.568,45.575,2
264.509,2.177,9.1102,0.0446,958.777,42.0129,3
284.268,262.399,3.976,3.796,437.859,33.6586,4
261.954,202.071,8.9654,8.7198,953.152,47.0338,1
265.166,205.041,8.568,8.2699,896.582,44.6953,1
264.368,204.223,9.1237,8.8356,963.034,42.9855,1
262.791,241.743,8.5054,8.0498,887.826,44.6086,2
261.959,201.685,8.6539,8.3416,913.59,47.2935,1
1.6167,268.823,0.1144,8.6217,934.662,47.6518,3
263.659,2.1042,8.8741,0.0356,924.699,44.0262,3
1.6188,274.749,0.1074,8.4327,930.363,48.9152,3
285.887,263.989,4.8335,4.6576,524.065,29.6277,4
261.575,201.495,9.3232,9.0962,986.44,43.6114,1
260.008,202.182,9.0436,8.7197,949.888,46.7882,1
253.651,197.996,8.769,8.3937,913.008,51.9776,1
258.888,200.206,9.0159,8.7192,947.899,47.8923,1
1.6507,268.332,0.1034,8.9916,988.525,50.0911,3
247.509,233.053,9.1053,8.4633,967.813,54.6988,2
252.125,2.159,8.9118,0.0468,934.551,53.069,3
276.283,281.501,2.3418,0.937,270.206,38.6704,4
266.906,206.277,8.7911,8.5558,922.398,41.0005,1
300.237,297.78,1.8925,1.6303,233.605,17.1362,4
261.326,2.1239,8.8574,0.0416,925.391,43.3482,3
256.247,195.485,8.9698,8.7686,950.531,50.1295,1
264.261,201.64,9.2699,9.1154,987.542,42.7818,1
262.256,202.511,9.0654,8.8152,948.439,43.8136,1
1.6492,270.653,0.1032,8.9973,988.489,44.1115,3
1.6444,274.584,0.1058,8.8968,993.264,45.1367,3
246.922,229.288,9.1213,8.5632,968.514,55.2458,2
259.582,272.975,8.5529,8.1402,914.911,47.3698,0
257.027,251.783,8.0231,7.146,825.12,49.2435,2
277.698,294.111,4.7408,2.5884,501.122,32.9384,4
262.125,2.1253,8.8278,0.0395,925.528,42.9154,3
261.717,198.153,8.6758,8.491,909.498,45.237,1
264.62,2.1554,8.9977,0.0467,951.389,43.5153,3
261.241,196.69,8.6523,8.524,914.319,47.9377,1
261.747,259.444,7.7518,6.4962,810.481,47.4568,2
259.109,197.478,8.9604,8.7637,953.185,48.2459,1
260.002,349.596,4.8886,0.1451,597.62,20.6569,4
296.74,271.792,4.4941,4.3589,507.574,22.8683,4
267.719,275.138,4.7437,3.4624,514.432,45.4253,4
253.233,2.1565,8.8724,0.0483,933.977,53.1827,3
271.336,276.295,6.3503,6.1311,749.88,43.6947,0
266.498,262.101,7.1418,6.9003,752.963,44.2227,0
250.171,2.1573,9.0198,0.0491,937.329,53.1517,3
264.343,260.285,7.8332,7.5362,852.881,44.9861,0
281.799,277.639,5.7682,5.4385,625.604,33.8548,0
247.586,227.884,9.0781,8.5514,970.919,56.6924,2
255.034,261.659,8.2993,7.975,868.893,49.4139,0
257.518,207.688,9.4488,8.8097,987.797,43.7125,1
269.73,276.409,7.0096,6.7271,820.232,44.7889,0
281.554,272.481,4.5686,4.3574,564.283,39.3036,0
1.619,274.369,0.111,8.8087,966.091,46.1916,3
263.089,206.583,8.9886,8.5976,946.39,44.9628,1
284.22,209.139,3.0295,1.3316,348.402,31.0213,4
272.142,245.084,8.7679,8.626,950.638,41.9321,2
273.971,273.075,7.3302,7.2449,869.223,43.872,0
266.503,2.1106,8.8506,0.0347,934.268,43.8334,3
259.822,204.685,9.4296,8.9978,989.841,44.4136,1
1.6109,275.685,0.106,8.7216,965.023,47.651,3
1.648,272.296,0.1055,8.9492,988.473,44.2369,3
263.735,2.1665,9.0782,0.0448,956.332,42.8125,3
252.982,196.381,8.8047,8.4446,914.609,52.172,1
304.497,232.223,1.5135,1.5897,243.691,28.0235,4
274.783,271.039,7.0826,7.1058,805.879,44.2613,0
1.6376,269.186,0.1053,8.9309,985.936,48.5333,3
260.293,203.773,8.702,8.2806,903.179,46.1606,1
276.245,303.442,4.4538,0.839,474.556,34.094,4
255.254,197.32,8.7213,8.4136,915.467,52.1975,1
281.914,282.895,7.5592,7.5104,872.788,36.1261,0
266.475,205.215,8.8137,8.6093,923.619,40.9417,1
266.965,210.211,9.0955,8.6206,960.707,41.5768,1
265.56,2.1606,8.9953,0.0453,952.696,43.088,3
260.985,204.36,9.0401,8.6694,949.123,45.8522,1
267.865,201.478,7.7591,7.6525,823.669,42.6896,1
250.914,233.499,8.8684,8.2118,949.184,53.5977,2
266.349,241.906,9.3249,8.9455,992.544,40.0958,2
256.019,199.617,9.0347,8.6501,952.598,48.7619,1
264.451,2.139,8.7634,0.041,924.791,43.0244,3
263.914,200.231,7.888,7.7144,830.753,45.3187,1
257.843,322.512,7.454,0.7028,779.656,49.4408,4
246.609,228.277,9.181,8.5719,979.333,57.0699,2
268.194,308.013,8.0436,5.4457,840.925,41.1324,4
262.899,2.1041,8.1765,0.0415,853.906,43.6534,3
256.964,195.459,8.93,8.7594,947.47,49.7404,1
266.007,271.058,8.0274,7.8613,882.756,46.6371,0
272.715,318.959,5.9124,1.3227,615.633,36.2742,4
257.972,198.041,8.9805,8.7195,955.941,49.4298,1
1.6405,267.103,0.102,8.9749,981.648,49.4803,3
250.867,232.045,9.1655,8.6561,967.722,51.6375,2
267.224,274.63,8.2967,8.0225,870.835,44.0615,0
304.362,304.361,1.163,0.9437,147.73,11.7316,4
255.973,235.902,9.0647,8.5877,971.11,50.8987,2
290.829,284.998,2.7224,0.7796,304.943,31.0683,4
258.462,310.007,7.8121,3.7877,810.36,47.6428,4
262.252,273.692,8.6827,8.3165,918.236,43.5985,0
262.939,2.11,8.9261,0.0357,929.827,44.0755,3
263.93,271.35,8.7642,8.3921,943.331,44.3989,0
264.573,244.16,9.3419,8.84,991.959,41.1625,2
1.6099,267.549,0.1106,8.9079,965.615,50.3068,3
268.032,203.466,9.0323,8.8892,960.419,42.2418,1
262.241,2.1149,8.8242,0.0419,925.964,43.4947,3
268.114,271.518,8.8923,8.7614,959.53,44.5689,0
1.6115,273.595,0.1047,8.8182,966.887,45.6145,3
248.269,234.284,8.9069,8.2678,946.988,55.4836,2
278.992,317.914,3.8862,1.4115,523.397,26.7506,4
1.6605,271.172,0.1089,8.8932,986.855,48.0655,3
285.236,255.625,4.4123,3.9793,655.164,19.0515,4
263.502,2.1157,8.7917,0.0399,925.404,42.7036,3
254.618,2.1541,8.9516,0.0444,932.671,50.1501,3
255.853,236.07,8.9428,8.4311,935.427,49.0703,2
273.958,243.988,8.6882,8.6457,949.408,41.7034,2
261.371,204.998,9.0164,8.6193,933.992,43.4018,1
304.231,329.616,0.2666,0.1463,167.315,17.6997,0
263.854,201.502,9.3061,9.1442,991.611,44.4073,1
280.221,289.438,7.9458,7.6213,882.567,27.7348,0
286.302,290.105,7.6484,7.505,873.431,30.0522,0
265.71,319.239,7.9676,3.6566,833.841,41.314,4
265.163,203.763,8.8847,8.6529,939.05,44.3507,1
281.523,293.876,0.8561,0.8215,134.431,29.9054,0
260.334,267.889,8.9287,8.5612,940.585,46.1474,0
258.402,197.976,8.734,8.467,907.8,46.2777,1
265.492,202.135,7.8445,7.6274,824.694,43.0063,1
267.518,208.523,9.0873,8.7615,963.751,42.0929,1
248.269,254.803,9.0396,8.7373,957.329,55.6946,0
249.086,228.064,8.8757,8.4601,948.427,56.021,2
249.361,225.503,9.1009,8.6674,981.986,56.5611,2
250.039,233.196,9.0727,8.4789,944.074,52.5662,2
256.091,249.705,8.0354,7.1988,824.664,49.3562,2
279.068,280.864,7.6204,7.5124,875.62,38.2757,0
253.333,200.578,9.1609,8.7,948.12,48.0517,1
276.983,281.556,0.9162,0.925,148.782,31.5573,0
1.6221,269.225,0.1109,8.8446,961.593,48.1403,3
255.856,236.076,8.2985,7.8833,855.36,51.7315,2
267.447,243.335,8.8945,8.5715,944.788,43.4668,2
1.6341,273.514,0.1095,8.7092,960.576,45.9272,3
250.655,230.285,8.9424,8.4762,962.492,55.4643,2
254.651,201.352,9.2001,8.7727,953.891,47.0853,1
257.601,205.171,9.4406,8.932,986.345,43.5269,1
257.938,2.1368,8.9594,0.0474,958.277,51.2644,3
263.245,201.47,8.593,8.3498,904.893,46.3905,1
274.523,269.952,5.8988,5.6571,714.927,41.2122,0
281.6,259.07,3.9381,3.737,443.675,35.378,4
311.533,286.435,1.5037,0.5746,246.621,20.9069,4
272.56,272.371,7.0722,6.9344,798.538,45.0967,0
245.047,225.507,9.2117,8.6371,974.547,55.8752,2
1.6566,267.41,0.0998,9.0438,988.724,47.2896,3
264.721,348.584,4.6665,0.1196,578.166,18.2377,4
1.6256,270.476,0.1128,8.5762,932.829,48.0549,3
265.579,239.877,8.5521,8.3637,910.969,46.8425,2
273.089,267.582,4.7232,4.5748,530.816,24.9392,0
262.24,2.093,8.9314,0.0366,929.631,43.6692,3
262.91,0.8866,8.9742,0.0468,955.584,47.4953,3
288.876,276.082,1.0233,0.4346,171.388,24.7691,4
252.563,2.1342,8.9443,0.0478,933.763,51.9072,3
263.071,2.1222,9.0154,0.038,937.987,42.4961,3
253.815,2.1263,8.9905,0.0443,934.783,49.9944,3
256.176,197.598,9.0242,8.7218,955.153,49.7123,1
265.35,2.0978,8.7277,0.0432,923.303,42.8667,3
1.6147,271.512,0.1078,8.852,965.822,47.5399,3
266.88,205.266,7.7944,7.5133,820.101,41.7802,1
292.367,280.395,5.1366,4.4787,560.778,27.3166,4
253.1,237.478,9.0227,8.4043,941.624,49.8188,2
256.549,194.488,8.6699,8.5343,912.495,52.059,1
277.399,301.377,4.3632,1.3847,473.322,37.847,4
250.296,228.744,9.0409,8.545,972.581,56.2472,2
265.485,269.509,4.317,4.2106,495.961,20.6049,0
264.312,329.173,5.0842,1.6025,617.302,16.9485,4
244.673,232.988,9.1787,8.4529,968.939,55.4079,2
258.336,197.231,8.966,8.7492,952.581,48.7266,1
264.771,2.1184,8.8647,0.0357,928.41,43.4502,3
261.635,199.99,8.9714,8.8025,953.194,47.0079,1
278.512,272.91,5.7998,5.5459,620.376,36.4163,0
261.569,2.1339,8.9456,0.0367,928.989,43.6855,3
1.6053,271.003,0.1117,8.6424,957.455,52.3492,3
262.102,203.076,9.3421,9.0491,990.659,44.4779,1
256.235,239.93,8.1888,7.6944,843.992,49.4194,2
264.127,346.039,4.8007,0.1489,597.178,20.6513,4
257.906,201.004,9.0442,8.6069,958.813,48.5047,1
259.899,256.857,7.8403,6.6808,814.283,47.8866,2
262.066,203.72,9.3602,9.0663,991.079,43.4934,1
259.213,196.296,8.7268,8.5335,913.136,47.8699,1
264.691,2.1095,8.3637,0.0411,866.328,40.1644,3
265.627,2.1042,8.8848,0.0362,934.695,43.8575,3
259.372,245.935,8.5647,7.8134,894.385,47.5941,2
261.551,254.662,7.8194,6.9425,822.25,49.0151,2
256.784,234.548,8.9112,8.4724,935.792,49.058,2
258.324,239.393,8.6092,8.0776,891.718,47.2687,2
262.52,241.921,8.4526,7.9981,882.515,44.437,2
260.319,201.796,9.0949,8.8032,956.127,46.1289,1
265.315,2.0786,8.3305,0.0409,866.413,40.1944,3
291.924,283.06,4.9986,4.8168,615.161,28.4434,0
261.591,205.154,9.0504,8.6859,948.081,44.2527,1
255.077,236.964,8.1991,7.7676,842.89,50.124,2
262.454,262.988,7.8993,7.7559,901.652,49.9109,0
268.602,278.255,8.7351,8.4345,928.26,39.6542,0
257.603,257.321,7.9232,6.7225,816.185,48.1514,2
266.75,297.393,5.9991,2.9449,631.741,44.9996,4
264.82,205.71,8.9697,8.6735,946.841,44.2422,1
282.607,275.74,5.8346,5.6343,699.975,34.5978,0
261.69,196.128,7.9505,7.85,835.983,47.2417,1
1.6303,275.202,0.108,8.7786,965.829,46.577,3
309.268,326.323,1.5113,0.2059,263.797,13.3815,4
261.253,268.746,8.42,8.1223,876.932,46.4448,0
268.953,274.119,7.6252,7.4383,856.551,44.9839,0
316.068,350.076,1.5336,0.1098,529.49,18.8796,4
318.809,298.347,0.3292,6.7917,804.969,6.9254,4
265.511,247.474,9.1757,8.652,972.471,42.1991,2
261.231,251.395,7.8623,7.1245,824.49,49.3844,2
285.798,274.034,5.7262,5.6352,694.328,34.2497,0
255.865,199.799,9.1114,8.7526,947.622,47.318,1
264.436,206.403,8.86,8.5471,921.943,41.1234,1
293.616,268.496,4.4994,4.3522,490.662,28.1089,4
355.835,349.073,0.2118,0.0538,293.194,5.2606,0
254.815,321.552,7.4186,1.2658,734.842,49.7062,4
256.764,294.42,7.9811,5.2069,843.242,52.6487,4
247.141,235.083,9.117,8.3466,965.722,54.0133,2
274.158,276.481,7.421,7.2824,860.729,40.7962,0
262.293,342.056,4.7306,0.1501,587.512,21.1556,4
263.363,205.516,8.9661,8.5895,935.468,43.6919,1
275.13,292.477,4.7863,3.0941,524.423,37.8872,4
254.714,262.161,9.2775,8.9435,994.595,52.6686,0
265.228,2.1167,8.3466,0.0364,865.917,39.9379,3
253.659,2.1414,9.1007,0.0478,958.977,51.1986,3
281.624,286.738,7.4593,7.2202,814.84,30.4599,0
262.814,197.111,7.8782,7.8001,834.823,47.3907,1
259.668,267.341,8.9586,8.6289,948.6,48.5819,0
262.926,203.027,8.9765,8.7089,954.695,46.1746,1
1.6193,270.604,0.1093,8.8201,965.1,50.369,3
274.098,258.974,4.0186,3.7339,445.843,37.6685,4
255.773,198.901,8.693,8.3455,913.329,52.7009,1
293.487,254.064,2.7114,2.6012,312.947,30.2689,4
276.934,266.446,5.5667,5.4159,613.226,40.986,0
252.018,194.183,8.8425,8.5403,918.634,52.1188,1
287.523,347.03,2.0466,0.0675,337.532,9.4276,4
282.586,281.302,7.6833,7.6676,873.374,34.4835,0
264.888,2.1662,9.1046,0.0446,958.487,42.0002,3
282.457,260.676,1.0471,0.8814,125.156,31.9376,4
1.6083,275.16,0.1113,8.6725,960.807,47.8002,3
257.294,241.256,8.095,7.5931,836.785,49.3755,2
258.09,198.49,8.0134,7.7305,832.013,47.3013,1
263.418,262.128,7.0537,6.7557,784.44,47.6828,0
264.234,2.1032,8.3073,0.0406,863.554,41.0672,3
261.522,271.115,7.7129,5.966,802.86,46.0366,2
260.434,200.971,8.0128,7.6824,829.859,44.8251,1
257.505,203.346,9.0475,8.5739,948.249,48.237,1
253.318,200.296,9.1478,8.6289,956.344,48.1224,1
273.945,259.201,5.122,4.8217,536.234,35.1999,4
268.227,269.565,7.7809,7.6138,888.242,44.7412,0
262.996,243.106,9.2269,8.7621,974.556,43.5988,2
269.969,255.022,6.3095,6.0798,675.37,42.8444,4
258.583,202.588,8.0336,7.6066,825.191,43.3992,1
276.823,275.639,6.1627,5.913,674.297,31.5937,0
248.973,2.164,8.9917,0.0451,935.405,53.4785,3
260.365,203.05,9.3436,8.9989,988.745,45.2867,1
253.576,236.548,8.4611,7.92,864.902,52.0857,2
256.612,243.254,8.177,7.5662,845.662,50.5035,2
257.702,344.094,4.6154,0.1176,564.571,19.8782,4
266.886,245.455,9.0708,8.6653,963.035,42.1053,2
268.662,264.385,7.6734,7.3734,840.098,41.4014,0
255.867,2.1502,9.0535,0.0482,962.979,50.4676,3
267.27,260.22,6.5326,6.3331,691.822,42.7492,0
274.091,317.011,5.9126,1.5476,616.465,35.9596,4
269.967,293.806,6.1517,4.298,649.236,42.2729,4
260.396,268.562,7.7506,6.0565,803.295,46.1275,2
265.968,306.687,8.1562,5.5432,851.992,41.1988,4
262.299,272.833,9.0954,8.7334,961.672,43.8837,0
284.557,283.435,7.7193,7.6819,866.893,31.535,0
261.728,199.449,7.8918,7.6892,831.499,47.2932,1
322.465,288.683,0.3154,6.7686,597.978,4.0221,4
260.237,2.1553,9.0943,0.0453,949.045,44.8299,3
260.636,259.205,7.3273,6.9542,769.987,47.141,0
293.988,257.552,2.7323,2.5958,317.034,29.1571,4
261.404,2.1698,9.145,0.0468,956.425,42.8526,3
253.703,195.776,8.8082,8.5075,920.941,52.8398,1
265.381,2.1168,8.3252,0.0421,867.021,40.086,3
258.046,257.474,7.897,6.7393,816.57,48.3332,2
261.486,205.613,9.3579,8.9478,990.961,44.5538,1
258.254,200.079,7.9981,7.6824,833.354,47.8932,1
250.258,235.658,8.953,8.2682,963.477,56.094,2
262.261,270.172,8.6382,8.3465,930.854,45.8501,0
311.455,193.069,4.6829,0.9933,676.227,27.055,4
262.246,2.1613,9.0652,0.0444,951.576,43.422,3
265.806,2.0982,8.313,0.0427,866.167,40.0146,3
266.35,291.742,6.8312,5.0824,759.724,48.6684,4
287.496,310.403,5.3522,2.7104,585.424,30.8007,4
265.224,2.1171,8.878,0.0376,930.907,43.4676,3
321.632,324.884,1.6731,0.2437,292.132,16.7245,4
291.059,344.601,2.1172,0.0697,362.787,10.3805,4
263.646,272.674,8.8043,8.4716,935.096,43.7651,0
265.099,206.311,9.1297,8.7748,959.734,41.9705,1
316.649,309.981,1.6841,1.4646,239.268,14.2438,4
270.473,268.662,6.5367,6.2962,715.552,36.5212,0
1.6075,269.582,0.11,8.8363,967.261,49.9975,3
265.967,206.385,8.7479,8.4501,921.995,42.3926,1
296.33,287.51,2.3786,0.4079,280.943,28.5006,4
249.669,226.815,9.0452,8.5935,974.732,56.9967,2
285.947,254.906,2.5179,2.3764,287.257,29.7049,4
308.514,240.493,2.3045,2.619,364.519,30.7867,4
314.503,270.029,3.5028,4.6101,540.703,28.6886,4
260.642,263.887,7.7645,7.5634,877.31,50.3234,0
1.6279,270.331,0.1138,8.5909,934.412,47.9702,3
264.121,262.31,7.0819,6.7969,739.855,43.8044,0
257.956,194.868,8.9117,8.7804,950.67,50.1333,1
247.055,233.001,9.0918,8.3656,970.942,56.1553,2
256.612,199.03,9.0568,8.7039,954.93,48.38,1
1.6583,269.49,0.1047,8.9477,985.832,48.1177,3
1.6102,272.519,0.103,8.8297,964.952,46.3984,3
308.297,300.959,1.9062,1.7292,244.166,17.073,4
280.016,330.206,6.9468,2.2103,746.689,31.481,4
261.931,208.394,8.9483,8.3591,937.741,44.3374,1
270.92,244.24,4.2955,4.0712,458.758,39.1341,4
263.155,2.0999,8.401,0.0418,867.606,40.5213,3
1.6422,270.167,0.1025,8.9423,986.594,47.9627,3
246.434,256.604,8.941,8.4634,885.67,54.9384,0
265.706,271.133,8.4334,8.2369,905.508,43.0295,0
263.159,196.95,7.8741,7.8008,833.195,46.9465,1
286.908,291.042,7.6142,7.448,869.493,28.8648,0
1.6234,272.244,0.1093,8.4996,934.151,47.5576,3
263.389,242.077,8.5479,8.1616,901.829,47.3136,2
264.343,203.541,8.5509,8.2645,904.038,46.2233,1
255.446,196.786,9.0921,8.797,954.319,47.9819,1
1.6479,274.243,0.1035,8.8753,993.241,49.4756,3
265.377,2.1103,8.867,0.0357,932.149,44.113,3
262.522,206.24,8.9947,8.6041,933.085,42.6281,1
262.452,204.475,9.0022,8.6738,948.251,44.8562,1
264.638,2.1745,9.0791,0.0457,951.565,41.4583,3
266.493,265.194,7.2209,6.8774,788.226,41.4079,0
267.829,205.546,8.724,8.5399,922.887,41.785,1
272.707,257.131,5.8567,5.6503,662.498,41.4008,4
264.254,2.1059,8.7704,0.0407,925.264,42.7157,3
262.361,241.196,8.6894,8.3187,909.742,46.8863,2
270.968,334.814,7.5598,1.4219,790.912,39.3554,4
266.889,204.601,7.7595,7.5228,817.033,41.5292,1
292.105,257.537,3.8241,3.6177,415.325,25.8175,4
258.027,241.171,8.6476,8.056,891.678,46.1959,2
278.879,255.847,3.7518,3.4946,412.127,32.7394,4
270.227,247.099,8.8015,8.5527,951.004,41.8529,2
270.292,313.169,6.3628,2.5792,707.73,46.7905,4
262.322,246.27,9.277,8.667,975.742,42.7281,2
273.353,286.634,3.4437,1.7933,382.388,37.5097,4
256.038,238.052,8.193,7.7561,845.152,50.4977,2
260.984,202.501,8.7052,8.3379,909.959,45.3856,1
1.6048,273.283,0.1178,8.7183,961.521,48.1965,3
263.189,245.824,9.1083,8.5765,950.279,41.8883,2
258.809,199.449,7.9819,7.683,830.465,47.3051,1
277.893,269.164,1.0114,0.7545,117.836,29.2501,4
260.002,239.089,8.5303,8.0882,881.855,44.2967,2
269.285,252.093,5.7133,5.4511,595.221,39.8598,4
266.282,271.436,7.5492,7.2971,871.76,44.1342,0
272.943,266.173,5.4241,5.2078,649.051,42.6488,0
264.72,304.903,7.8755,4.6087,834.043,47.4017,4
293.887,260.213,3.5615,3.6819,482.119,37.3532,4
273.813,311.366,6.8983,3.879,755.34,42.3597,4
356.771,291.273,0.3619,7.0744,827.454,17.0038,4
274.779,260.528,5.6733,5.3664,595.391,36.8838,4
1.6127,271.972,0.1081,8.8471,967.599,48.5999,3
1.6042,265.6,0.1132,8.8036,958.518,52.1996,3
263.073,258.236,7.6392,7.3743,799.969,46.0841,0
250.107,198.895,8.8635,8.3077,917.211,52.7674,1
1.6057,272.234,0.116,8.6841,957.773,49.1674,3
261.818,202.36,8.9884,8.6785,938.24,44.3473,1
252.12,2.1441,9.0507,0.0481,936.081,49.9458,3
271.221,265.406,4.8114,4.6657,539.034,27.8581,0
268.229,249.713,8.8948,8.3772,942.837,42.5359,2
1.6662,269.082,0.1066,9.0287,987.858,44.7161,3
1.6628,271.707,0.1068,8.9942,995.72,45.4281,3
1.6542,270.032,0.1056,9.0387,995.084,45.4787,3
314.131,326.388,1.8425,0.2183,307.889,20.0462,4
261.928,2.1201,8.8375,0.0432,925.908,43.5118,3
254.906,239.668,8.3482,7.7619,858.956,51.9212,2
264.189,202.052,8.946,8.7609,948.228,45.4577,1
269.875,2.1232,8.1635,0.0422,866.008,40.0739,3
248.292,2.1437,8.9961,0.0458,932.404,53.5134,3
252.685,2.1349,8.9715,0.0486,936.782,51.5742,3
258.268,237.754,8.872,8.3998,937.359,48.9297,2
249.342,231.031,9.2781,8.6259,986.875,52.3325,2
263.526,245.751,8.4106,7.8571,882.42,44.4569,2
261.111,207.499,9.0504,8.557,945.818,44.8166,1
295.709,353.109,2.0091,0.0723,366.271,9.1822,4
260.511,2.158,9.0663,0.0453,950.121,44.8091,3
274.584,269.214,4.8594,4.6918,549.954,28.9124,0
256.75,2.1321,8.9913,0.0465,964.822,51.8425,3
254.887,260.802,8.5997,8.296,881.252,50.5482,0
264.04,204.248,9.2832,9.0286,987.87,42.701,1
319.706,326.444,1.7321,0.2139,429.605,22.875,4
1.6318,272.752,0.1133,8.5034,929.215,48.4143,3
261.48,2.1012,8.8561,0.043,923.623,43.0386,3
1.6154,270.082,0.1063,8.5359,929.982,51.163,3
263.576,204.005,8.6248,8.3088,896.281,44.5122,1
282.635,279.84,5.8452,5.6308,645.812,28.8204,0
265.603,239.414,8.9354,8.6788,957.166,46.014,2
260.957,2.1063,8.8574,0.0435,925.172,43.3089,3
1.6236,275.264,0.1111,8.6465,960.146,45.9795,3
266.573,270.67,4.2567,4.1477,491.26,19.5699,0
264.272,2.1294,8.7655,0.0406,924.866,42.811,3
269.786,2.097,8.1694,0.0395,868.053,40.5592,3
247.62,192.87,8.9304,8.5635,918.064,52.7553,1
254.076,240.083,8.2682,7.701,846.848,50.5891,2
263.285,249.607,7.8268,7.2361,824.866,49.109,2
269.567,298.647,6.37,4.3864,663.623,37.8439,4
300.249,295.382,0.9866,0.7918,126.249,11.4889,4
259.5,196.624,7.967,7.7798,832.16,47.4368,1
276.782,265.191,6.387,6.2625,694.87,37.8401,0
285.603,280.717,7.2955,7.3108,855.767,33.6977,0
261.625,257.478,7.0966,6.7991,746.04,47.2972,0
265.537,198.663,7.846,7.7454,825.246,43.1194,1
1.6227,270.026,0.1124,8.6096,935.346,47.758,3
265.566,244.339,9.093,8.6639,968.884,43.493,2
259.393,269.599,8.7969,8.347,931.313,44.308,0
261.049,248.989,7.8464,7.1497,823.585,49.3364,2
264.181,2.1187,8.905,0.0352,933.492,44.0263,3
281.438,284.326,7.7294,7.5627,848.669,30.014,0
265.554,2.1073,8.7107,0.0416,922.679,43.3196,3
268.095,284.92,8.2089,7.6942,880.51,37.4914,0
257.03,2.1323,9.001,0.0483,960.509,51.2275,3
1.6102,271.139,0.1081,8.7942,966.687,49.6952,3
273.463,280.841,7.2674,6.9106,793.383,40.247,0
257.298,200.247,8.7946,8.4046,906.779,46.3825,1
251.339,229.409,9.2083,8.6798,988.894,52.6017,2
275.262,278.877,7.2613,7.1015,846.293,42.1666,0
254.887,234.705,9.1073,8.5952,969.963,50.523,2
258.951,234.744,8.8557,8.5026,937.179,48.9465,2
260.672,241.635,7.9622,7.5807,829.616,48.2587,2
253.611,197.361,8.8042,8.4392,919.329,52.832,1
251.565,196.869,8.8173,8.4481,906.963,50.9172,1
249.246,234.124,8.7436,8.046,926.761,53.6375,2
246.464,257.853,9.099,8.6588,959.56,57.0376,0
261.082,242.308,9.0402,8.5326,955.492,46.8543,2
259.299,239.936,8.8483,8.2978,937.223,49.0815,2
248.01,257.75,9.2518,8.8735,973.38,53.2577,0
244.968,229.635,9.14,8.4672,968.877,56.2789,2
264.341,267.482,9.2032,9.0572,983.757,44.5037,0
288.763,253.91,3.5936,3.3649,394.273,33.0793,4
261.712,2.1393,8.8628,0.0404,924.885,42.8334,3
239.095,229.906,4.7305,0.5162,717.298,22.7494,4
253.505,2.1536,8.8937,0.0496,936.917,53.5157,3
265.483,2.124,8.957,0.0354,938.807,42.4313,3
273.042,276.507,7.8536,7.6644,868.648,40.243,0
252.988,2.1367,8.8559,0.0432,933.027,53.2142,3
253.741,232.827,9.1394,8.6519,968.796,50.5403,2
259.955,2.1605,9.0734,0.0443,948.233,44.8398,3
304.652,233.579,1.6282,1.6926,257.877,28.5046,4
266.135,2.1196,8.2823,0.0428,865.454,40.1446,3
257.751,203.066,9.1166,8.68,940.286,44.0335,1
262.814,307.939,8.5002,5.7467,880.979,42.4583,4
254.486,195.893,9.0313,8.7594,950.242,50.0356,1
254.227,233.539,9.1115,8.6284,968.657,50.7058,2
250.248,226.327,9.0954,8.6642,981.077,55.9593,2
271.776,286.286,7.993,7.5788,862.22,35.2565,0
279.357,236.303,3.2054,3.0952,364.439,36.0378,4
248.684,228.491,9.0624,8.5899,968.992,55.4106,2
253.939,196.557,8.7563,8.4507,912.69,52.2163,1
253.69,235.116,8.9549,8.415,943.454,52.1372,2
262.788,198.965,7.8945,7.7351,832.24,47.0118,1
262.681,246.045,9.279,8.7176,973.322,42.3128,2
254.955,194.153,8.7441,8.5436,918.711,52.1333,1
275.181,261.938,6.3752,6.2546,704.784,41.9144,0
265.339,259.356,7.5636,7.3454,797.155,45.3771,0
264.402,204.561,8.9111,8.6124,938.42,44.0193,1
255.061,241.124,8.9661,8.2711,936.847,48.7735,2
254.216,198.919,8.7806,8.3723,913.85,51.7595,1
267.391,344.503,4.7378,0.1452,589.747,18.0975,4
262.236,2.1649,9.0725,0.0463,951.093,43.3258,3
299.808,327.865,2.6064,0.2225,399.179,19.8838,4
254.96,2.1416,9.0932,0.0477,964.668,50.9489,3
1.6197,269.243,0.1086,8.839,966.12,49.8419,3
272.899,283.971,4.6575,2.6604,497.653,39.856,4
265.223,2.117,8.8807,0.0379,932.008,43.888,3
273.489,242.265,4.3446,4.176,467.5,38.9427,4
269.366,304.401,5.9712,2.7311,627.067,41.6306,4
1.6193,266.195,0.1066,8.6688,934.295,47.4983,3
261.859,198.318,8.639,8.4679,913.833,47.8169,1
265.927,2.0852,8.8109,0.0378,925.647,43.9186,3
264.731,204.384,9.2493,8.9955,990.775,44.4788,1
1.6186,274.635,0.1073,8.4605,930.737,48.3066,3
258.551,240.472,8.0411,7.6162,835.513,49.1842,2
269.341,269.857,7.6539,7.5898,878.259,44.4712,0
1.636,274.016,0.1035,8.8976,990.433,48.7237,3
312.183,333.772,0.2481,0.1396,278.993,12.0525,0
261.074,205.943,9.3539,8.9403,987.93,43.6926,1
269.191,303.077,6.5876,3.6795,738.852,48.4619,4
1.6285,273.491,0.1094,8.8551,967.39,44.0311,3
249.744,2.1577,9.0541,0.0458,936.019,51.2987,3
282.47,294.608,1.1638,1.0845,166.935,29.7846,0
255.4,238.018,8.196,7.74,843.739,50.5468,2
1.6102,276.99,0.1097,8.7093,967.697,46.506,3
277.055,297.587,2.0303,1.7837,250.817,34.2098,0
259.205,2.145,8.8051,0.0471,933.24,50.054,3
261.983,244.421,8.5056,7.9557,883.237,43.5839,2
269.452,250.711,2.9466,3.9199,519.541,41.7863,4
258.691,238.232,8.0982,7.7316,839.683,48.5958,2
315.449,286.234,1.3069,0.4775,223.289,21.0972,4
1.5999,270.35,0.1137,8.6927,958.379,52.9004,3
276.029,238.915,3.1807,2.9996,358.164,35.7443,4
260.715,258.902,7.2619,6.9613,801.197,48.4607,0
287.757,289.88,7.379,7.2313,843.864,24.3999,0
265.073,244.044,9.3394,8.8538,989.856,39.1292,2
272.45,246.899,4.0528,3.8113,441.246,40.0729,4
263.929,2.1534,9.0718,0.0454,954.557,42.913,3
1.6141,266.178,0.1125,8.659,934.598,47.3608,3
253.399,237.283,9.0326,8.4338,942.446,49.2156,2
1.6421,270.063,0.1082,9.0267,993.312,49.0063,3
267.057,251.833,5.1091,4.8342,536.621,42.816,4
264.232,202.039,8.9516,8.7592,948.534,45.4662,1
313.984,259.354,3.2307,4.3154,517.309,25.7297,4
260.263,287.135,6.2004,4.1288,644.943,47.0535,4
1.6436,267.089,0.1029,9.1004,992.205,49.1001,3
250.59,2.1623,8.9561,0.0449,937.489,53.5446,3
266.257,247.876,9.0657,8.5461,968.808,43.25,2
287.919,309.132,6.9996,5.7079,783.721,32.3559,4
274.59,286.428,4.5928,3.6251,556.498,40.7322,4
302.311,263.063,3.2908,3.1742,370.189,19.4475,4
285.252,287.04,5.638,4.9308,619.722,34.2278,4
263.221,2.1517,9.1591,0.0437,958.211,41.9732,3
255.151,198.893,8.748,8.3676,919.483,52.2581,1
259.888,200.723,9.0689,8.7963,955.319,46.3035,1
289.249,265.204,5.0343,4.8852,543.311,27.8003,4
281.272,229.694,2.887,0.4592,332.316,32.6268,4
250.176,228.286,9.1716,8.6608,983.071,53.5232,2
253.736,236.279,8.735,8.2064,952.409,56.1796,2
259.995,203.871,9.1062,8.7145,955.794,46.1102,1
260.846,200.117,8.7161,8.4413,909.708,46.1405,1
274.136,285.851,7.6161,7.2266,827.653,35.8137,0
260.231,252.336,7.8687,7.0375,822.951,49.1683,2
283.685,289.991,1.3945,1.3511,196.292,32.6047,0
260.504,202.579,9.397,9.0765,989.807,44.4672,1
260.257,242.6,9.1073,8.5996,955.654,45.8667,2
251.602,258.216,9.0603,8.797,930.702,54.2592,0
263.572,2.1038,8.7926,0.0423,926.273,43.5987,3
255.556,288.768,8.2326,6.5703,855.463,50.9512,4
274.406,286.3,4.8185,3.3732,505.141,34.9211,4
289.908,276.963,5.853,5.799,640.141,28.6809,0
1.5921,268.011,0.1147,8.7729,957.894,52.8364,3
253.941,236.316,9.0056,8.443,937.066,49.0923,2
262.179,244.515,9.0512,8.5378,955.639,45.8667,2
296.222,272.999,4.4865,4.3242,501.623,22.7061,4
281.241,268.59,5.0921,4.8088,560.617,29.3825,4
272.448,277.186,7.8867,7.6717,880.874,41.3256,0
261.907,255.864,7.0597,6.8964,781.081,48.0203,0
275.309,271.262,5.2436,4.9319,634.232,42.5422,0
268.238,242.768,9.2099,8.8983,989.473,40.8627,2
263.431,2.1177,8.3945,0.0412,867.626,40.5162,3
277.203,293.458,5.2831,3.5137,579.457,39.9781,4
273.481,274.616,7.3023,7.2255,815.429,41.3237,0
276.622,244.559,3.1494,2.3947,356.065,35.8315,4
274.588,266.208,5.4408,5.2551,654.623,42.5986,0
272.688,298.211,4.3628,0.7997,464.293,36.5957,4
260.744,239.83,8.6701,8.2714,903.943,47.1364,2
257.711,236.49,8.1965,7.8649,851.802,50.9644,2
266.835,201.389,7.7923,7.6605,825.025,43.2008,1
203.346,326.716,3.9023,0.1527,464.786,19.6102,4
251.771,2.1583,9.1637,0.0478,967.054,52.2386,3
264.423,2.1273,8.7594,0.0397,924.952,42.8633,3
270.448,286.069,3.0231,2.3855,343.84,38.8544,4
284.378,283.238,5.8235,5.5684,646.389,29.0246,0
256.079,196.82,8.7122,8.449,919.438,52.4713,1
252.674,258.052,9.0986,8.8373,964.257,54.8188,0
278.541,281.992,3.3071,1.6116,368.911,33.5442,4
280.358,258.025,4.9618,4.7389,526.861,35.3964,4
255.177,234.578,8.9545,8.4841,940.349,50.2482,2
251.212,228.377,8.9828,8.5692,971.926,56.1179,2
1.6472,266.058,0.1058,9.1473,993.89,49.4223,3
260.878,210.321,9.3003,9.4838,987.864,45.6697,1
258.075,200.368,8.0217,7.6695,834.463,47.6913,1
260.881,204.876,8.9965,8.5829,949.959,47.4498,1
277.838,286.562,2.2618,2.1526,274.667,33.9089,0
265.314,2.1126,8.1714,0.0429,858.093,42.4545,3
262.296,199.339,8.6557,8.4616,909.967,46.0662,1
266.006,206.846,9.2374,8.9555,991.84,43.2296,1
266.676,276.596,9.0142,8.6898,965.899,40.6708,0
265.059,246.061,9.1355,8.6387,965.513,42.6172,2
263.883,243.532,9.1769,8.7323,971.662,43.2243,2
260.582,271.498,8.5728,8.1399,891.433,44.2902,0
248.105,226.787,9.0618,8.5866,974.566,56.5567,2
264.503,2.1133,8.8956,0.0346,931.297,43.4725,3
1.6264,270.777,0.1107,8.8927,968.401,46.7139,3
258.957,239.203,8.8501,8.3082,933.756,48.6453,2
280.389,251.912,4.2761,4.0721,463.953,33.0665,4
284.043,285.595,7.8838,7.7815,887.396,29.5107,0
319.361,249.062,2.7219,3.6681,451.247,24.5346,0
1.5846,275.278,0.1154,8.4201,926.205,50.2316,3
272.537,297.381,4.4826,1.7229,477.684,38.4322,4
261.304,272.081,8.4569,8.0587,885.945,47.212,0
266.649,249.36,9.1066,8.5441,968.804,42.7652,2
277.79,262.261,5.4464,5.1849,572.607,36.0752,4
305.367,281.626,3.2607,2.2953,488.066,33.2042,4
285.543,287.409,5.7772,5.0785,622.896,30.2806,4
259.798,246.176,9.137,8.4834,946.964,42.9722,2
1.6311,269.716,0.1134,8.5969,931.396,48.3283,3
1.6479,271.614,0.1059,9.0023,991.395,49.3669,3
245.789,222.0,8.8537,8.4622,926.246,54.1522,2
252.035,2.1474,9.1624,0.047,968.941,51.8229,3
276.098,298.47,2.8375,2.4196,326.905,34.7465,0
1.6388,271.011,0.1072,9.0035,994.514,49.4454,3
277.232,297.736,3.7731,0.7766,410.561,37.1373,4
257.298,197.41,9.048,8.7504,959.803,49.7221,1
1.6083,273.035,0.1114,8.7321,958.278,46.3299,3
287.407,332.867,6.74,2.2519,743.029,30.7583,4
277.179,289.454,3.288,1.3998,370.01,36.9413,4
262.618,241.095,8.5734,8.193,897.857,46.484,2
341.445,322.747,0.4006,0.1806,312.019,13.1915,4
254.645,194.874,8.7345,8.5139,912.908,52.0047,1
254.921,203.597,9.2458,8.7513,955.7,46.7948,1
257.899,197.202,8.7578,8.4966,912.898,47.8162,1
273.085,266.616,5.4573,5.2347,652.6,42.5446,0
256.892,2.135,8.8778,0.0473,933.041,50.1317,3
266.198,206.751,8.5376,8.1597,894.373,43.8478,1
257.927,199.958,9.0614,8.7584,947.429,47.1319,1
273.441,311.234,6.0519,2.7101,637.657,37.8728,4
288.779,295.783,0.2978,0.6305,117.929,23.5547,4
272.017,328.228,7.3028,0.6485,778.655,42.0083,4
247.038,228.013,9.0852,8.53,969.976,56.0403,2
259.72,199.23,9.3514,9.1371,987.605,45.4339,1
257.916,196.461,8.0214,7.8071,832.677,47.3187,1
284.041,269.816,5.6476,5.4066,629.58,30.1122,4
275.66,287.168,2.603,0.9751,295.871,38.7032,4
266.507,2.1178,8.8473,0.037,935.402,43.5479,3
319.998,356.041,1.7689,0.1038,514.327,12.1697,4
271.643,257.696,5.0924,4.7955,525.588,35.2152,4
264.756,278.35,9.0456,8.5769,960.805,43.2787,0
262.864,2.1529,8.8245,0.0418,926.817,43.2189,3
262.484,246.261,9.2021,8.6212,969.233,42.7342,2
287.669,327.254,3.0027,0.2103,467.802,25.6588,4
256.968,202.132,9.1065,8.7187,948.964,46.7639,1
277.465,260.33,5.7017,5.4225,596.231,34.6819,4
265.923,207.547,8.8834,8.5053,935.852,43.7311,1
264.128,314.165,5.9669,1.3216,656.731,48.587,4
279.72,274.369,6.2407,6.0811,696.92,35.095,0
269.716,265.334,6.7891,6.5622,709.913,37.9365,0
273.561,274.396,4.8043,3.9794,507.311,36.159,4
255.755,1.8022,9.0909,0.0502,969.065,49.9477,2
266.928,247.712,9.2812,8.7246,989.787,39.3857,2
264.972,272.076,7.9013,7.6197,889.452,45.0497,0
1.6061,271.761,0.1154,8.7222,959.179,48.7778,3
246.126,229.579,9.0872,8.4988,964.054,55.9706,2
252.857,2.1372,9.1568,0.0471,961.396,50.6805,3
258.547,270.47,9.0272,8.6,939.635,45.9363,0
266.377,279.065,7.1849,6.5215,789.739,45.0918,0
336.305,310.991,1.7144,1.4767,362.592,17.2959,4
259.267,198.425,8.7484,8.4935,912.53,47.1735,1
264.166,2.1138,8.908,0.0372,931.637,43.8426,3
268.38,2.119,8.7614,0.0372,932.775,43.9793,3
257.248,255.034,7.948,6.8783,818.63,48.5566,2
313.987,248.877,2.872,3.7841,464.875,25.1691,0
281.514,265.526,0.9342,0.73,167.121,35.2507,4
266.105,299.435,6.4366,4.0411,717.125,48.9755,4
274.564,272.618,4.9242,4.1947,516.961,35.9425,4
1.6135,275.321,0.1105,8.7753,967.43,46.0361,3
262.808,270.203,8.5449,8.2517,888.423,43.6245,0
257.701,2.1235,8.9853,0.0472,961.16,51.0652,3
253.835,2.1373,8.968,0.0498,933.633,50.439,3
284.048,276.901,6.2296,6.12,694.347,30.3621,0
260.039,201.539,8.6885,8.3398,905.493,46.3854,1
252.374,262.935,8.4246,7.9631,878.214,50.7444,0
255.096,266.706,9.1149,8.6546,949.427,47.9174,0
267.168,203.333,7.7543,7.5725,817.086,41.5259,1
272.07,279.208,8.1458,7.9566,885.411,37.2048,0
256.22,202.255,9.1301,8.7084,948.476,46.7434,1
250.918,230.349,9.1912,8.6099,983.765,53.1706,2
291.129,278.81,4.263,3.7805,465.984,28.3151,4
262.342,2.1135,8.93,0.0366,927.973,43.3788,3
258.317,200.07,8.7461,8.3867,913.539,47.9344,1
1.6179,276.279,0.1081,8.748,965.699,44.7764,3
265.959,204.985,8.5457,8.2728,895.947,44.385,1
1.6167,269.817,0.1123,8.6072,930.73,48.2914,3
1.6177,270.241,0.1148,8.8261,961.933,47.9137,3
271.402,282.525,4.6983,3.0105,497.52,40.4653,4
267.799,259.125,6.5685,6.4116,697.851,44.3638,0
264.101,203.755,8.5747,8.2703,910.0,46.1864,1
276.822,272.465,7.5442,7.3452,831.112,35.3081,0
249.391,231.883,9.1308,8.4765,982.942,55.9717,2
272.14,289.363,6.9404,5.7509,782.507,46.2265,4
252.325,233.6,8.4326,7.9729,858.447,51.8826,2
281.542,257.979,4.0973,3.9401,449.774,35.3812,4
255.841,237.244,8.9555,8.4257,937.687,48.751,2
260.391,197.702,8.7124,8.5212,911.252,46.5187,1
1.6583,269.116,0.1041,9.0624,991.862,48.644,3
256.153,277.352,8.1605,7.2594,858.005,52.2684,0
262.525,2.1102,8.8283,0.0409,923.443,42.8546,3
260.724,2.1406,8.8742,0.0411,927.072,43.4596,3
261.265,244.306,8.6108,8.0661,898.761,46.9943,2
274.102,247.169,8.7145,8.5358,950.553,41.809,2
263.433,273.497,7.7661,7.435,844.188,44.6496,0
248.07,224.235,9.057,8.6529,971.907,57.1208,2
276.975,258.607,5.2635,5.028,551.507,33.0649,4
266.444,245.162,8.3494,7.9384,883.833,43.5041,2
263.462,2.1254,8.9405,0.0379,935.009,43.6073,3
304.756,298.67,1.8551,1.6389,234.102,16.4069,4
262.971,205.444,9.2768,8.9155,988.715,44.5816,1
276.433,317.805,5.9011,1.924,621.086,36.3731,4
261.641,198.355,8.6598,8.4752,903.24,46.2231,1
1.6237,273.869,0.1111,8.7112,960.859,46.3217,3
260.862,267.468,8.872,8.6206,942.199,46.1767,0
295.89,340.996,1.7466,0.1841,291.11,18.7144,4
261.776,247.036,8.6813,8.0656,906.242,46.5318,2
261.666,205.956,9.3404,8.9431,988.097,43.6832,1
1.6396,272.331,0.0986,8.9575,992.968,48.6083,3
258.159,345.786,4.8642,0.1467,592.246,20.4858,4
304.521,244.558,2.3201,2.5735,364.091,30.7922,4
267.643,315.36,6.5928,2.0605,727.152,46.5861,4
1.6331,270.738,0.1082,8.9018,967.611,46.7119,3
316.628,302.546,1.3627,1.2093,193.037,13.9515,4
1.6112,270.246,0.1114,8.8199,960.081,47.5635,3
277.916,269.995,6.0056,5.7979,645.443,37.5716,0
267.091,2.1364,8.8254,0.0357,935.922,43.5181,3
260.785,237.759,8.816,8.4048,933.778,47.4862,2
346.004,351.989,0.1998,0.0486,282.701,3.2561,0
270.695,282.095,3.5417,2.2136,394.772,38.4248,4
268.842,2.1103,8.2064,0.0389,865.673,40.0261,3
1.6458,272.052,0.1053,8.9684,992.446,48.6083,3
256.176,238.509,8.2927,7.8053,856.123,51.5771,2
263.562,247.63,9.3868,8.7104,993.169,40.7535,2
274.784,286.09,7.2049,6.6133,792.035,40.7188,0
283.027,256.559,3.6763,3.4528,405.366,31.0145,4
272.606,309.263,6.822,3.776,755.242,43.1801,4
296.255,281.737,2.9631,1.7141,336.374,24.5781,4
268.95,288.22,6.9056,5.5977,769.097,46.9501,4
263.221,247.488,9.4169,8.7457,994.318,40.364,2
254.307,237.215,8.9474,8.3376,938.806,50.8774,2
271.242,275.602,7.6875,7.4745,847.813,38.5857,0
249.811,227.428,9.0757,8.5964,976.369,55.555,2
273.294,276.414,7.3683,7.1576,861.287,44.7314,0
265.729,208.478,9.1324,8.7134,960.754,41.5389,1
1.6169,271.711,0.1124,8.4798,929.933,50.9602,3
1.5999,269.493,0.1141,8.691,957.375,52.3422,3
260.393,203.211,8.7312,8.2994,910.554,45.3097,1
1.6424,272.772,0.0988,8.9717,990.96,43.3758,3
1.6229,269.776,0.1035,8.5763,929.784,49.1812,3
282.542,252.6,4.3765,4.1597,471.769,31.5982,4
273.494,266.154,5.4288,5.2146,649.641,42.0321,0
265.632,289.81,6.9376,5.3459,765.368,47.2193,4
265.714,203.815,8.7957,8.6051,923.002,41.8899,1
283.375,263.034,3.9385,3.758,436.187,33.3861,4
281.365,301.416,4.5953,1.9556,491.738,33.0691,4
263.482,2.0891,8.8767,0.0384,925.502,43.9065,3
254.509,198.093,8.7571,8.3843,917.743,52.1995,1
264.096,207.021,8.8155,8.421,922.609,42.7893,1
267.212,279.326,8.9342,8.5201,945.621,41.2805,0
269.389,283.902,3.6242,2.1028,402.609,39.6663,4
282.013,269.617,6.1172,6.0265,731.083,35.8085,0
262.668,203.544,9.2987,9.0168,990.655,45.072,1
310.095,282.103,1.4617,0.5167,239.991,21.6318,4
278.438,262.646,6.4302,6.4335,719.776,39.4283,0
320.744,338.924,0.2356,0.1616,236.091,14.859,0
1.621,271.721,0.1129,8.5383,929.82,48.5761,3
265.63,207.381,8.8843,8.5418,927.583,41.9751,1
250.518,231.037,8.6649,8.2313,928.417,55.4081,2
318.801,252.339,2.698,3.5326,438.121,22.5491,0
259.697,205.492,9.107,8.6367,955.185,46.0584,1
291.522,352.601,3.0464,0.0888,474.673,11.2138,4
261.755,273.785,8.94,8.618,955.779,49.9037,0
266.734,204.048,8.8991,8.7451,947.404,44.0908,1
252.209,199.22,8.8013,8.3575,907.07,50.9134,1
270.228,315.374,6.4441,2.3104,715.461,46.227,4
262.227,247.179,9.1626,8.5376,966.256,44.2346,2
1.6018,278.577,0.1074,8.5774,965.817,50.041,3
256.439,239.529,8.2531,7.7535,854.44,51.3175,2
287.125,261.872,3.7684,3.7383,495.622,38.6151,4
273.445,269.82,4.8328,4.4436,581.366,41.3153,4
250.051,257.793,9.1781,8.8343,962.341,54.8475,0
251.131,233.179,9.0177,8.3942,979.282,56.8376,2
294.203,325.138,2.3924,0.2633,391.303,20.6622,4
259.701,205.195,8.731,8.2294,901.876,45.8058,1
265.516,291.819,6.8131,4.9762,755.656,48.9599,4
269.934,253.859,6.2193,6.0338,702.746,43.9071,4
291.848,265.401,4.6988,4.5877,510.793,29.3923,4
248.402,227.881,9.1133,8.5921,980.07,56.7366,2
257.429,236.985,8.298,7.8906,861.277,52.1318,2
300.379,238.094,3.8996,4.7522,562.919,34.9107,0
266.518,320.151,7.7974,3.1046,825.192,42.9948,4
275.902,288.668,4.8633,3.455,534.463,38.0094,4
1.6183,269.473,0.1083,8.8542,966.464,49.0315,3
264.629,2.112,8.1981,0.0405,857.237,42.5086,3
251.188,2.1277,9.0666,0.0471,936.087,49.9284,3
259.36,239.871,8.851,8.3132,933.908,47.9084,2
311.946,249.849,2.9717,3.8416,473.189,25.6945,0
276.644,249.879,3.8566,3.6696,413.546,30.2994,4
1.6223,263.582,0.1127,8.7679,931.46,47.729,3
257.319,2.1228,8.985,0.047,958.404,51.259,3
274.862,279.952,2.7687,2.4708,323.07,37.3077,4
1.6198,269.202,0.11,8.6337,934.249,47.94,3
262.569,243.521,8.4909,7.9824,887.215,44.5924,2
255.328,260.234,9.2393,9.0296,980.495,52.4915,0
268.849,268.652,7.2298,7.1363,809.768,47.0974,0
262.971,241.086,9.0193,8.6327,957.535,45.9671,2
254.264,2.1447,9.0249,0.0494,958.472,52.1115,3
264.1,2.0902,8.1557,0.0401,854.43,43.4128,3
1.6089,270.285,0.1119,8.5521,934.751,46.6134,3
268.077,205.089,9.0573,8.8613,961.04,41.5712,1
250.505,2.1426,9.1997,0.0479,967.309,51.8237,3
1.6113,273.816,0.1115,8.8455,967.227,44.0311,3
267.482,2.1208,8.7974,0.0394,933.838,43.9974,3
276.157,288.691,2.7042,0.9866,307.272,38.7587,4
1.6523,272.381,0.1082,8.8834,990.851,50.11,3
263.78,277.08,5.5429,3.5707,582.925,45.8864,4
265.794,270.501,0.6591,0.25,241.069,32.138,4
284.613,289.487,7.6269,7.4532,851.558,30.9552,0
269.059,203.833,7.707,7.5605,822.799,42.559,1
265.729,203.337,9.2081,9.0421,990.27,44.5419,1
261.889,245.678,8.7027,8.1402,908.615,46.7952,2
261.616,265.029,7.9817,7.7491,899.081,48.8235,0
264.707,2.1349,8.7504,0.0411,925.155,43.4077,3
259.569,235.644,8.0663,7.8337,844.414,50.4504,2
248.104,228.739,9.1158,8.5436,973.51,56.3408,2
264.776,269.021,7.9228,7.6937,898.637,48.0975,0
1.6081,270.307,0.1109,8.7587,958.692,48.8987,3
264.456,272.654,7.3068,6.9939,849.299,45.8967,0
267.888,269.135,7.737,7.6382,876.53,45.2497,0
254.657,196.321,8.7524,8.4598,913.101,51.9219,1
284.695,315.285,0.3147,0.3192,133.758,23.4738,0
269.549,346.423,3.554,0.0956,462.655,14.0473,4
270.067,267.023,5.45,5.2335,607.114,30.2858,0
271.452,275.135,6.4623,6.101,703.124,35.7301,0
282.863,262.996,4.6118,4.3624,495.69,35.688,4
249.185,260.153,9.1758,8.7778,939.818,56.7725,0
307.17,268.716,4.108,4.9236,570.792,28.8063,0
257.836,200.088,9.063,8.7396,948.046,47.318,1
268.956,204.86,9.0128,8.8239,958.851,41.7163,1
1.6452,272.975,0.106,8.8572,989.719,50.0992,3
253.992,348.21,3.3207,0.0835,430.17,12.899,4
257.561,2.1557,9.0163,0.0466,965.253,50.7689,3
260.394,201.397,7.9563,7.6272,833.701,47.2052,1
261.277,199.201,8.9974,8.8344,954.091,47.3739,1
263.747,2.1284,8.7878,0.0416,925.061,43.4966,3
1.5955,274.487,0.1097,8.417,929.134,50.712,3
275.148,276.045,7.7411,7.6175,857.972,39.6905,0
1.6142,271.468,0.1018,8.7989,965.842,48.987,3
266.792,2.1661,9.0455,0.0452,958.608,41.9301,3
275.802,259.816,5.6392,5.3431,585.956,34.4924,4
252.828,2.1614,8.9687,0.0469,939.922,52.7949,3
310.392,244.173,2.1037,2.3801,339.458,28.0701,4
248.581,232.342,8.9541,8.3516,958.62,56.5025,2
265.479,244.288,8.9798,8.5634,944.685,42.8034,2
258.402,270.63,9.4952,9.0837,988.41,38.9834,0
262.408,269.177,8.8902,8.6062,940.33,45.9906,0
253.751,197.565,9.1396,8.7411,958.629,49.1706,1
252.401,193.615,8.8074,8.553,917.64,52.8797,1
261.715,2.1675,9.1337,0.0474,956.301,42.7573,3
290.992,343.22,1.4733,0.1663,263.457,15.5931,4
260.262,2.105,8.8856,0.0408,924.951,43.0683,3
313.159,271.117,3.4365,4.4085,523.892,29.5258,4
265.712,249.119,8.983,8.4284,941.368,41.5406,2
260.548,242.55,8.661,8.1556,902.496,47.3603,2
264.33,203.641,9.2964,9.0801,990.347,43.1712,1
282.305,266.359,5.2002,5.0111,574.506,28.8662,4
262.934,199.424,8.6148,8.4277,904.88,46.383,1
263.239,208.425,9.1878,8.7232,963.887,42.4892,1
259.289,313.895,5.1988,3.2928,629.133,20.2654,4
270.291,255.257,6.0561,5.8376,682.646,43.2446,4
259.798,202.055,8.6849,8.2957,905.938,46.2561,1
253.055,234.183,9.1529,8.5097,986.703,52.3418,2
264.459,268.885,6.932,6.7274,809.934,49.577,0
270.51,252.199,6.6489,6.4707,711.126,41.8504,4
248.03,255.343,8.7979,8.4485,905.455,55.2671,0
258.583,203.38,9.0373,8.6179,946.789,47.1546,1
261.233,242.478,8.5008,7.9611,892.593,47.5181,2
246.742,258.049,8.6648,8.2043,856.607,55.7327,0
305.191,230.343,1.7318,1.8781,276.193,29.0812,4
251.732,2.153,9.1734,0.0475,962.774,50.3751,3
266.277,267.098,6.9573,6.8214,786.139,50.3952,0
260.263,2.1035,8.2757,0.043,854.534,43.4249,3
263.044,202.252,9.2296,9.0131,987.552,45.6044,1
1.6214,265.763,0.1119,8.8037,958.214,52.155,3
254.141,199.663,9.0818,8.6242,955.101,49.7123,1
261.85,262.451,7.2009,7.0615,812.184,52.1534,0
262.314,206.117,9.0338,8.6489,947.09,44.4026,1
263.011,244.836,9.0296,8.5264,957.391,45.9173,2
253.523,255.1,8.782,8.6319,905.83,54.1615,0
260.629,239.866,8.6754,8.2698,904.59,46.9453,2
1.6205,277.044,0.109,8.7452,966.791,44.1665,3
262.503,242.322,8.5847,8.1727,903.17,47.3751,2
266.739,272.252,8.4238,8.227,909.25,42.9106,0
271.644,253.684,5.9996,5.8446,677.944,42.5536,4
265.654,266.436,6.4401,6.0907,672.333,43.0512,0
1.6168,278.502,0.1067,8.6367,968.135,49.0609,3
265.63,204.014,8.9461,8.7416,947.633,43.9791,1
256.423,202.931,9.1514,8.7011,954.563,47.151,1
259.758,324.279,7.5301,1.257,792.792,50.2763,4
267.353,276.741,4.3337,4.149,499.281,18.5492,0
263.793,0.8481,8.3915,0.0407,869.96,41.683,3
269.761,269.149,7.3375,7.2772,824.725,46.4801,0
1.6178,274.531,0.1043,8.7916,966.225,45.7633,3
250.291,2.1681,8.9466,0.0465,933.864,53.024,3
254.051,196.101,8.7433,8.45,915.537,53.0097,1
252.682,232.773,9.142,8.5521,984.581,52.4315,2
271.085,266.681,6.5739,6.3207,689.808,41.439,0
1.6177,275.528,0.1077,8.7725,967.387,46.1706,3
258.904,198.487,7.9961,7.7403,832.268,47.3449,1
1.62,277.18,0.1068,8.7236,966.327,44.6418,3
307.163,271.951,4.1243,4.8453,570.758,28.7643,0
249.671,239.937,8.481,7.6838,910.005,56.7413,2
264.506,204.354,8.8375,8.5977,922.404,41.7199,1
273.963,269.192,6.3098,6.0788,706.901,40.061,0
282.142,313.004,7.1557,4.9789,780.859,32.9366,4
268.738,202.517,7.6963,7.5937,817.175,41.5294,1
260.357,204.812,9.3915,9.0065,989.965,43.7235,1
275.198,272.075,6.9262,6.6789,758.458,35.1512,0
317.701,258.958,2.2517,2.6879,376.095,23.447,0
260.756,2.1311,8.8802,0.0409,924.952,42.7268,3
255.931,238.196,8.956,8.3945,936.706,48.6476,2
1.6087,269.508,0.1132,8.5995,934.847,47.6574,3
258.402,237.083,8.3346,7.9939,927.884,55.4151,2
265.377,2.1148,8.2088,0.0411,859.233,42.1574,3
257.497,250.671,7.1939,6.9633,723.753,51.1222,0
264.315,278.972,9.0462,8.5778,961.023,40.4693,0
265.167,268.63,7.5009,7.3433,863.947,50.3414,0
274.277,275.927,7.2869,7.1725,848.478,42.3657,0
246.761,257.349,8.9466,8.5267,941.621,56.2849,0
286.708,283.228,7.0684,6.9226,835.864,29.9711,0
262.098,206.65,9.1855,8.7248,961.61,43.1462,1
264.611,327.177,7.4376,0.9427,788.858,46.2113,4
263.876,207.026,9.1632,8.7617,960.792,42.3529,1
257.143,196.883,8.6816,8.4538,913.856,51.7907,1
262.727,242.45,8.5161,8.0325,890.69,45.468,2
253.205,263.092,8.2236,7.8214,819.955,52.9587,0
266.092,204.863,8.9522,8.7263,948.421,43.7828,1
262.513,2.1505,9.0344,0.038,938.332,42.5196,3
259.517,200.508,8.0178,7.6789,825.147,43.4448,1
253.617,256.343,8.3722,8.1368,843.451,52.4504,0
267.889,270.107,7.746,7.6014,891.681,44.8894,0
248.408,2.1581,9.0139,0.048,935.148,53.6828,3
266.572,285.545,3.6851,1.8682,404.34,39.5099,4
261.699,293.288,6.1471,3.485,638.209,45.4844,4
249.08,260.419,9.0539,8.5759,907.795,53.2636,0
261.19,201.902,9.0028,8.7215,953.281,46.8679,1
268.36,268.558,7.6249,7.5091,889.385,48.3999,0
269.393,265.772,6.0449,5.7411,711.143,42.8682,0
261.483,2.0868,8.8664,0.0403,923.451,43.1598,3
264.972,203.256,9.1326,8.896,960.839,42.2109,1
267.15,275.306,8.5402,8.3073,922.34,41.9487,0
257.286,2.1385,8.849,0.0452,933.546,51.0407,3
1.6211,271.021,0.1128,8.769,960.178,48.5968,3
270.566,277.047,9.0298,8.7933,979.764,39.5827,0
1.6646,272.293,0.1058,9.0268,995.233,42.4514,3
261.558,276.679,7.9381,7.3278,854.325,45.0652,0
264.424,248.632,5.2311,4.9847,543.387,45.9009,4
264.507,2.1354,8.9961,0.0357,939.827,42.5123,3
265.404,205.695,9.1217,8.812,961.08,42.216,1
313.786,288.318,0.4966,6.7951,806.739,11.7261,4
264.941,204.856,9.1112,8.8131,962.833,42.9502,1
271.665,245.851,3.5965,3.3972,398.261,39.3727,4
264.205,203.323,9.0979,8.8392,959.441,43.5572,1
285.725,288.509,7.609,7.4899,866.202,29.17,0
248.138,254.651,9.1857,8.8744,935.469,55.2551,0
258.387,199.763,8.7739,8.4413,911.724,46.4705,1
328.033,297.73,2.128,1.9426,466.809,25.7467,4
264.043,202.391,8.9139,8.6818,938.26,44.205,1
260.078,244.268,8.7218,8.159,905.899,46.547,2
254.32,2.1408,9.1161,0.0491,965.289,50.5309,3
279.414,285.153,2.5633,0.9668,296.21,38.6421,4
258.273,304.482,7.7389,3.5333,822.878,53.0624,4
273.646,287.83,3.4573,1.343,383.285,40.8023,4
276.293,247.853,8.5964,8.5123,948.391,41.6663,2
258.137,204.108,9.0493,8.5708,947.794,47.3981,1
312.999,286.596,0.4084,0.3059,129.437,22.783,0
260.891,284.807,5.9729,4.0664,628.996,48.0788,4
265.019,247.73,5.2768,5.055,548.066,45.6522,4
278.914,273.561,7.2033,7.0157,790.779,32.4507,0
260.904,2.1581,9.0724,0.0449,949.301,44.0217,3
303.882,352.538,3.0335,0.0991,496.388,14.6095,4
284.454,246.707,3.4554,3.2879,384.872,35.9139,4
283.465,260.137,4.9308,4.7368,530.072,35.2282,4
270.919,282.318,8.2807,7.9226,886.844,37.0639,0
267.843,264.542,6.37,6.1017,665.067,40.2391,0
266.19,206.745,8.8667,8.5605,948.934,45.1517,1
307.681,313.276,0.2515,0.1626,257.573,9.2557,0
251.555,2.1415,8.9959,0.0469,936.937,52.1267,3
264.661,203.954,9.2228,8.9951,990.421,45.0856,1
261.874,251.354,7.8137,7.037,821.525,48.9515,2
254.059,235.12,8.9383,8.3975,940.968,51.7469,2
265.011,2.172,9.0566,0.0455,957.151,42.4697,3
280.407,269.588,6.0199,5.938,671.947,38.5594,0
257.772,2.1399,8.9732,0.0472,960.485,50.894,3
257.285,198.493,9.0545,8.7268,958.096,48.2191,1
281.417,280.356,7.6916,7.6618,866.198,34.8441,0
259.283,198.935,8.9979,8.7056,958.413,48.2835,1
258.109,252.545,8.9716,0.0492,960.538,51.2787,1
259.589,241.622,8.6798,8.1927,899.941,46.4519,2
320.443,353.729,1.3404,0.1049,528.33,17.6586,4
266.215,2.119,8.8212,0.0379,929.143,43.5111,3
251.338,234.308,8.9773,8.4173,965.87,54.4199,2
270.823,263.477,7.5768,7.3824,832.831,39.6561,0
261.682,200.283,7.9561,7.7056,836.339,47.2145,1
292.246,327.813,1.3822,0.218,256.355,14.1367,4
1.6087,271.427,0.1126,8.7779,959.07,46.5698,3
282.68,248.761,3.2873,3.0818,365.133,35.7655,4
262.921,264.308,8.6796,8.4994,937.358,46.1119,0
261.227,201.357,8.6943,8.3807,909.271,45.0962,1
260.919,269.368,8.954,8.6245,949.877,46.9427,0
262.427,206.253,8.6593,8.1979,898.22,44.9016,1
268.563,269.126,7.1187,7.0092,835.138,47.8858,0
260.938,2.1803,9.196,0.046,957.55,42.0985,3
265.927,245.287,9.1907,8.7331,976.657,42.4693,2
251.402,256.826,9.1352,8.8885,973.436,53.3949,0
256.328,238.483,8.3033,7.8056,858.16,51.7929,2
264.597,2.1637,9.0772,0.0454,957.823,42.3864,3
249.654,233.227,9.0356,8.4309,969.58,55.4307,2
252.942,273.175,8.2361,7.3795,858.234,50.5834,0
262.723,205.249,8.649,8.2566,896.818,44.6392,1
251.847,198.959,8.8429,8.3766,913.115,51.7205,1
257.852,238.129,9.0252,8.5184,973.877,50.4741,2
266.392,207.298,9.1298,8.8058,964.349,42.1221,1
255.155,197.918,8.9969,8.6719,948.672,49.9736,1
275.859,280.639,6.3937,6.2029,754.269,38.34,0
272.563,301.623,4.3807,0.9595,466.544,36.8722,4
275.448,263.957,6.1,5.9766,731.939,42.9268,0
261.892,202.956,9.3286,9.0576,988.917,43.9698,1
262.158,205.72,9.2137,8.7915,961.774,42.1653,1
259.311,265.23,8.8826,8.5721,949.705,47.1125,0
267.697,2.0996,8.058,0.0426,856.88,42.4811,3
261.805,299.166,8.0274,5.7418,834.319,46.5204,4
260.53,201.465,9.0396,8.7684,949.664,46.2896,1
266.955,2.1259,8.7983,0.0378,928.686,43.5043,3
260.482,324.234,4.8839,2.0345,610.829,21.7229,4
283.536,234.503,5.2003,5.3062,615.804,38.4774,4
257.621,202.302,8.7827,8.32,906.334,46.3825,1
257.386,236.576,8.5795,8.1922,942.352,54.964,2
253.111,238.402,9.0232,8.3645,936.78,49.1132,2
262.812,246.584,9.1425,8.5655,966.69,44.2311,2
300.534,255.588,4.2595,3.0962,656.856,19.0434,4
280.322,286.754,7.4182,7.1972,825.639,35.91,0
260.134,254.643,7.8326,6.8069,817.144,48.2885,2
1.6613,274.135,0.1006,8.9297,992.279,43.2675,3
254.818,198.225,9.0125,8.6573,948.803,49.9678,1
1.6156,272.235,0.1153,8.7293,959.848,48.6833,3
256.519,233.506,9.043,8.6279,968.401,50.692,2
269.519,302.985,7.0536,4.5333,762.542,42.912,4
263.254,201.074,8.6324,8.4219,899.52,44.9223,1
267.608,248.584,5.1621,4.9824,542.925,45.9086,4
252.95,263.372,8.6901,8.29,908.157,49.9561,0
260.93,0.9022,9.0341,0.0419,955.345,47.4975,3
267.733,278.181,9.1311,8.7667,977.411,39.5469,0
273.889,253.884,4.3368,4.0631,475.789,40.7564,4
255.83,2.145,9.0269,0.0503,967.563,51.8221,3
271.589,276.11,7.0313,6.5541,732.104,37.4346,0
256.713,235.245,8.2986,7.9268,860.0,52.4486,2
261.59,208.58,8.8749,8.9211,920.832,42.952,1
250.509,258.02,8.1855,7.8683,816.76,54.9251,0
276.552,275.134,6.7841,6.5281,747.999,33.6944,0
251.805,234.417,8.9209,8.3408,959.655,53.9957,2
246.445,231.519,9.1338,8.4677,969.927,55.8536,2
270.934,259.682,5.5405,5.3577,609.958,44.8342,0
262.11,242.082,9.0159,8.5461,957.86,47.0849,2
268.112,251.256,6.3791,6.1959,677.749,42.7957,4
258.176,200.579,8.7741,8.4076,911.188,46.3379,1
283.346,282.224,5.9063,5.8952,748.037,42.6617,0
259.496,243.328,8.6261,8.0003,890.353,45.1771,2
265.519,272.117,7.9988,7.7592,869.255,44.3287,0
261.293,199.434,8.6715,8.4441,911.387,46.3171,1
258.51,198.921,9.0088,8.696,959.872,49.0018,1
253.997,196.605,9.1362,8.8021,955.467,48.0199,1
288.198,263.401,3.6921,3.6326,486.106,38.9673,4
265.325,206.047,8.8427,8.5717,922.938,40.9726,1
254.941,279.909,7.0938,7.1926,836.607,22.7632,4
261.447,246.599,9.2088,8.5955,967.923,43.8985,2
257.276,197.024,8.6756,8.4513,920.174,52.7576,1
246.553,259.339,9.2857,8.8141,967.332,55.5949,0
269.104,293.125,6.592,4.6468,741.829,48.2127,4
253.998,239.33,8.5986,7.9679,930.523,54.7398,2
265.671,201.499,7.8356,7.6489,822.351,42.2739,1
265.707,205.792,9.1293,8.8203,960.023,41.5265,1
264.685,245.777,9.0327,8.5299,949.321,42.647,2
267.056,205.153,9.0823,8.8147,959.295,41.7196,1
287.085,285.007,1.0541,1.0374,124.313,20.4452,0
1.6135,268.182,0.1116,8.736,958.968,52.0928,3
251.594,265.606,8.6546,8.141,894.743,52.075,0
264.833,202.628,7.8684,7.599,824.664,43.3175,1
267.718,204.841,9.0467,8.854,961.806,42.4576,1
266.616,205.318,8.803,8.5919,922.941,41.0735,1
1.662,271.991,0.1056,8.9848,994.41,45.5731,3
264.754,243.024,8.4182,7.9917,885.636,44.5868,2
273.446,269.944,7.3864,7.3908,863.431,44.9788,0
265.315,203.389,7.8221,7.5646,817.482,41.5471,1
263.289,2.16,9.0774,0.0453,952.811,42.6853,3
286.938,291.014,1.0785,1.0118,126.267,20.7832,0
264.81,251.795,5.2521,4.934,548.206,44.4271,4
262.131,201.469,9.0456,8.8282,956.851,47.1706,1
265.976,205.661,9.2241,8.9812,990.941,43.5285,1
265.712,278.84,8.7988,8.3797,933.999,41.2192,0
247.806,229.42,8.9521,8.437,956.864,56.6233,2
267.212,244.031,9.1276,8.7663,972.633,42.597,2
258.247,237.511,9.0281,8.5172,969.172,50.111,2
256.336,195.539,8.9595,8.7627,949.287,49.9859,1
277.264,289.111,2.8145,0.9784,319.604,39.4551,4
257.185,241.139,8.6459,8.0359,891.117,47.0042,2
264.226,201.486,9.2532,9.1091,991.595,44.8042,1
255.114,240.475,8.1998,7.6523,839.033,48.7046,2
271.6,243.479,8.747,8.66,948.815,41.6891,2
262.464,272.13,4.3586,4.1789,496.624,24.1125,0
1.6051,278.664,0.1082,8.6344,968.276,48.8418,3
277.976,268.432,6.9128,6.7908,766.005,37.7882,0
270.101,251.244,4.931,4.7392,524.351,41.9985,4
250.455,230.884,9.0864,8.5253,982.51,56.4572,2
276.213,288.72,2.7651,0.9896,314.023,38.782,4
1.5906,270.175,0.1063,8.5861,927.707,50.1022,3
267.375,281.046,8.4032,7.9048,892.986,38.6103,0
279.879,279.254,7.5848,7.5399,876.716,38.0389,0
264.157,276.407,8.0058,7.6356,868.861,45.4119,0
276.187,270.566,6.0398,5.7765,645.684,37.5773,0
250.927,231.805,8.6512,8.2109,928.367,55.3927,2
288.181,285.716,7.4904,7.4712,835.887,28.0984,0
1.6143,269.952,0.1029,8.8572,966.972,48.5397,3
244.39,228.74,9.155,8.4909,969.447,56.3559,2
257.02,2.1368,8.8812,0.0452,933.384,50.1679,3
297.32,255.763,3.4202,3.3293,385.309,25.9714,4
262.976,309.347,7.547,3.819,804.256,46.3028,4
265.555,204.805,8.8875,8.6423,925.872,40.9394,1
263.769,2.1089,8.3885,0.0396,865.997,39.9271,3
265.829,266.837,7.5317,7.4155,842.851,48.8953,0
256.591,198.997,9.0287,8.6846,952.575,48.6408,1
307.67,325.51,0.2521,0.1463,273.44,10.7319,0
263.565,2.1174,8.3868,0.0419,866.532,40.0935,3
271.98,284.936,6.1856,5.1606,687.852,39.5964,4
251.401,263.281,8.3497,7.8455,870.64,51.5099,0
259.615,196.089,8.9845,8.8253,959.392,48.7702,1
1.6016,270.029,0.1093,8.57,929.044,50.4256,3
270.577,277.269,8.6447,8.4562,930.74,40.1998,0
261.513,202.288,9.3818,9.103,990.417,44.4371,1
283.358,288.611,7.6453,7.4544,850.809,31.4034,0
258.863,2.1518,8.8153,0.0458,933.368,50.054,3
302.784,303.066,3.3781,3.1145,555.942,27.3226,0
261.889,198.911,8.624,8.4235,913.84,48.018,1
258.003,238.683,8.8807,8.34,935.799,49.1801,2
1.5886,268.769,0.1116,8.7508,958.36,52.8874,3
262.369,244.002,9.071,8.5598,947.244,42.8394,2
264.453,2.1228,8.7572,0.0405,925.512,43.3853,3
269.226,258.543,6.5296,6.4299,698.319,44.3763,0
321.702,328.046,1.7642,0.2279,299.484,16.3939,4
263.324,2.1856,9.062,0.0464,955.666,43.0444,3
277.894,296.486,2.1646,1.9355,263.297,34.0622,0
251.56,232.799,8.9688,8.4594,965.507,54.5215,2
295.319,302.836,4.2025,2.3633,457.325,23.0363,4
253.536,2.1632,9.1126,0.0464,968.894,51.817,3
274.201,246.864,5.6725,5.4886,640.877,40.2403,4
260.26,240.012,8.0447,7.6803,839.861,48.5736,2
262.011,203.009,8.6848,8.3323,909.071,46.0735,1
261.889,310.712,6.073,1.6159,667.802,49.7194,4
270.062,274.737,3.2042,2.4726,361.802,39.1861,4
262.879,2.1587,9.0889,0.0437,952.751,42.489,3
252.855,236.028,9.0848,8.4956,967.437,51.9029,2
274.409,265.317,6.0253,5.8971,727.927,41.3925,0
254.116,2.142,9.062,0.0466,962.086,51.8326,3
259.771,206.639,9.3814,8.879,984.781,43.2488,1
303.778,231.147,1.6709,1.7809,266.479,28.7773,4
255.016,265.799,8.486,8.1145,881.853,50.9753,0
265.124,208.544,9.0499,8.6039,957.496,43.7212,1
260.905,199.712,8.6903,8.4342,909.523,45.3123,1
253.598,237.222,9.0164,8.4324,936.447,48.6432,2
265.423,208.523,8.8192,8.4434,922.762,41.4929,1
269.906,277.513,4.5118,2.9039,484.134,40.148,4
280.571,250.279,4.4522,4.2792,481.038,33.079,4
249.355,2.1787,8.984,0.0453,936.246,53.6078,3
261.695,247.822,9.062,8.424,955.436,45.7388,2
253.59,268.155,8.9077,8.5338,921.33,51.0764,0
257.883,197.879,9.0423,8.7485,957.941,48.2339,1
249.609,255.391,9.1292,8.8434,981.39,55.4705,0
310.5,286.219,1.4804,0.5098,242.477,21.7164,4
259.588,200.653,8.7039,8.3591,913.881,47.9653,1
285.014,322.71,6.9669,3.3793,760.662,29.9043,4
262.107,202.22,8.6273,8.3037,904.443,46.5266,1
249.801,229.033,9.254,8.682,989.069,52.6606,2
259.551,265.054,8.9373,8.6688,945.708,47.0473,0
261.429,199.863,8.6739,8.4228,915.039,47.1737,1
295.218,259.403,3.6691,3.4851,402.165,24.5075,4
270.691,254.118,5.9571,5.774,668.37,41.952,4
265.211,2.1066,8.2867,0.0382,864.901,40.7517,3
273.537,277.383,7.5408,7.406,868.411,40.7521,0
276.276,314.596,5.9631,2.436,628.464,35.7986,4
1.6099,273.896,0.1103,8.818,965.041,45.091,3
261.373,2.1624,8.8673,0.04,929.334,43.8155,3
287.712,299.364,5.6234,4.3253,612.791,30.5069,4
1.6142,275.23,0.1119,8.667,960.589,47.2423,3
267.859,250.522,8.9315,8.389,940.857,41.2481,2
264.853,201.109,9.2432,9.1387,991.323,44.6418,1
257.603,254.091,6.8151,6.5265,719.564,50.1977,0
258.054,2.1622,9.1604,0.0436,952.183,44.4567,3
264.467,204.793,9.2528,8.9808,991.321,44.4831,1
264.156,2.1276,8.9891,0.0382,938.229,42.4532,3
266.553,208.672,8.8559,8.4828,929.145,41.9763,1
267.95,2.0921,8.2307,0.0422,865.567,39.903,3
264.276,245.139,9.3438,8.8055,992.431,41.11,2
278.759,284.429,7.7808,7.637,850.471,34.2377,0
256.124,280.889,8.0186,6.6013,807.216,50.9735,4
271.21,274.211,6.702,6.5314,789.162,45.3437,0
258.664,236.567,8.8816,8.4689,942.789,49.1407,2
264.645,204.136,8.925,8.6358,940.411,44.1005,1
261.164,196.177,8.6499,8.5302,913.325,47.9278,1
249.088,234.779,9.2023,8.5564,967.613,51.6709,2
260.179,246.849,8.8917,1.5696,960.697,51.2498,1
263.782,2.1138,8.3889,0.0417,866.36,40.1531,3
268.27,280.545,7.5344,7.1629,821.125,41.0946,0
261.847,272.144,9.1025,8.7627,960.115,46.0833,0
272.108,261.059,5.0319,4.6739,526.416,38.433,4
255.73,235.392,8.6328,8.2236,944.528,55.0801,2
1.6193,275.275,0.1126,8.8053,967.113,43.9097,3
249.894,228.558,9.0483,8.5479,975.714,57.013,2
269.213,280.58,8.8116,8.4365,943.981,42.2097,0
281.878,298.835,3.7195,0.7912,411.236,37.1433,4
1.6106,274.743,0.107,8.77,968.885,49.2539,3
254.507,233.823,9.1111,8.6155,968.757,50.6839,2
269.131,316.891,6.4943,1.8264,721.475,47.2065,4
258.07,241.484,8.1069,7.6327,842.522,49.8886,2
303.432,294.891,2.2777,2.0891,290.509,17.7191,4
271.835,243.421,4.1259,3.942,445.943,39.277,4
291.519,304.48,4.0161,1.4192,435.672,27.4269,4
346.378,347.318,0.2326,0.0561,310.042,5.581,4
253.162,194.536,8.7756,8.5213,913.968,52.6799,1
278.47,255.409,4.7737,4.5684,523.901,40.0132,4
1.6101,276.191,0.111,8.6792,965.83,47.9565,3
264.618,274.758,9.1844,6.9944,972.683,42.7175,2
264.652,2.1155,8.349,0.0408,865.898,40.0346,3
268.309,203.901,9.0377,8.8558,959.086,41.7386,1
259.863,241.039,8.0843,7.6646,847.073,50.5688,2
256.665,266.521,8.2895,7.9711,867.081,50.5496,0
261.859,303.424,6.6985,3.3142,730.152,48.6755,4
253.097,307.275,7.9528,3.7016,826.183,52.8099,4
274.05,287.811,2.5177,2.3322,296.609,37.1555,0
282.795,311.363,7.1571,5.0509,782.349,32.7612,4
253.392,265.56,8.1986,7.763,882.05,50.3775,0
278.166,263.686,5.5556,5.2361,580.004,34.1546,4
1.6152,272.289,0.1089,8.7501,958.519,45.7133,3
264.411,198.303,7.8468,7.7594,833.017,46.7325,1
276.099,273.366,7.328,7.3306,860.033,40.9549,0
300.201,290.735,2.7897,0.7996,323.057,24.5659,4
257.605,198.451,9.1091,8.8468,953.618,47.2652,1
266.792,2.119,8.8253,0.0363,931.367,43.5587,3
258.705,240.144,8.8672,8.3159,937.324,48.7178,2
263.52,199.612,8.6018,8.4495,910.04,46.1669,1
264.687,2.1684,9.0546,0.0471,952.371,42.0631,3
1.6403,269.934,0.105,8.8906,981.763,49.2782,3
261.88,264.923,7.6981,6.2377,804.776,47.025,2
264.862,203.368,8.9226,8.7177,947.563,44.7622,1
305.501,327.893,1.5939,0.2116,267.733,13.8715,4
249.405,229.429,8.9451,8.4563,959.412,55.9434,2
274.881,290.93,4.9098,3.2111,545.757,44.199,4
258.052,271.11,6.1224,5.1978,608.536,49.2703,4
269.65,2.1085,8.169,0.0424,866.125,40.3939,3
313.665,243.595,2.9647,3.9451,472.879,25.7519,0
284.041,285.661,7.5391,7.4051,832.132,28.8646,0
313.275,235.592,2.5559,3.2174,403.748,25.222,0
256.459,241.174,8.9283,8.2402,934.915,48.6448,2
249.304,228.876,9.1978,8.6494,982.674,53.9806,2
269.859,204.261,7.6638,7.5565,816.686,42.1399,1
259.817,198.702,7.9523,7.7057,831.53,47.4368,1
257.052,266.973,9.2151,8.7967,978.922,48.6077,0
252.949,2.1442,8.9531,0.047,936.372,52.0614,3
263.239,274.404,7.7686,7.3908,838.091,43.6561,0
277.018,294.981,2.0877,1.8766,256.33,34.0777,0
267.302,2.1119,8.7732,0.0361,928.177,43.4798,3
1.6212,273.226,0.1122,8.7283,961.83,47.9797,3
1.6253,275.399,0.1078,8.7836,966.72,44.4527,3
266.005,268.155,7.5155,7.3667,839.433,48.8188,0
1.6147,271.923,0.1177,8.7394,960.218,48.6693,3
257.842,324.51,7.5156,0.8737,783.218,49.0378,4
1.6411,272.659,0.1055,8.8702,988.609,49.9959,3
250.62,2.152,8.9689,0.0472,936.62,53.6802,3
250.87,230.048,9.1501,8.5945,980.76,53.534,2
268.142,204.221,9.0456,8.8607,960.538,41.9013,1
265.656,2.1118,8.8794,0.0377,934.586,43.6581,3
262.224,267.033,7.6873,6.1768,804.65,46.9184,2
270.641,266.186,6.6667,6.4456,704.68,40.2823,0
277.542,269.061,3.5325,2.9496,396.762,37.2703,4
286.444,327.109,6.811,2.5081,750.747,31.0191,4
304.746,336.764,1.6379,0.181,283.495,17.7173,4
285.697,263.668,4.3883,4.1854,475.992,35.271,4
257.815,198.136,9.0296,8.7926,947.596,47.7543,1
264.594,313.345,6.0048,1.5141,664.488,49.3688,4
261.157,246.794,9.0752,8.453,957.709,46.3501,2
299.267,301.673,2.0893,1.8097,257.946,16.8844,4
260.425,237.923,7.9745,7.7018,834.426,49.0724,2
260.08,201.615,7.9539,7.6167,833.32,47.9204,1
262.814,267.543,8.5126,8.2347,910.971,43.5011,0
254.923,236.267,9.0709,8.5525,971.636,51.4924,2
259.928,201.493,9.3821,9.1028,988.528,43.9747,1
288.874,247.668,2.5873,0.4837,302.974,26.0318,4
263.164,200.237,8.9745,8.8247,946.812,44.6183,1
273.317,262.686,3.5646,2.8097,392.875,37.3783,4
276.365,295.138,6.9143,5.8775,772.974,40.795,4
254.751,200.116,9.0711,8.6122,955.957,49.382,1
261.8,206.465,9.0253,8.5902,948.279,45.4848,1
268.013,251.697,5.0559,4.8197,534.066,42.7707,4
258.613,1.7346,9.1011,0.0412,955.88,47.4974,3
261.9,295.353,6.1316,3.3014,636.502,45.0448,4
257.27,241.76,8.0829,7.5851,831.656,48.2613,2
266.043,270.714,4.1562,4.0724,482.242,21.2227,0
279.082,268.787,4.0013,3.568,494.958,37.8601,4
259.174,206.253,9.0716,8.5847,945.557,44.8683,1
303.849,329.693,0.2621,0.1475,275.135,11.1928,0
297.84,350.142,3.1401,0.0947,494.683,17.7268,4
273.053,263.088,5.6446,5.4815,613.637,41.01,0
262.308,2.1688,9.1128,0.0454,955.393,42.7188,3
249.668,230.378,9.0746,8.5685,943.692,52.3018,2
264.008,2.1109,8.1943,0.0412,856.83,42.4978,3
332.864,325.145,0.4771,0.184,236.148,13.5717,4
250.204,233.594,8.9022,8.2966,958.619,56.0873,2
317.158,295.241,0.5224,6.246,629.285,12.0274,4
272.997,265.1,7.1756,7.0216,765.977,38.9369,0
265.681,260.677,5.0156,4.4884,518.797,42.9981,4
289.19,293.016,3.5633,2.1604,397.77,31.2188,4
255.091,197.403,9.1016,8.7645,956.091,48.3268,1
263.829,205.93,9.169,8.815,962.416,42.5958,1
278.387,265.868,1.9706,1.8791,215.256,33.6908,0
255.145,240.9,8.1638,7.6168,837.125,48.8119,2
1.655,271.808,0.1076,8.895,987.904,47.9932,3
280.931,277.46,6.2216,6.0402,691.214,30.3821,0
286.543,245.058,0.605,0.3276,167.928,27.5476,4
289.585,259.955,5.0769,4.9855,552.501,27.5616,4
263.786,204.179,9.259,9.0072,989.676,43.9117,1
258.987,201.509,9.4266,9.1199,989.377,43.9566,1
263.931,234.125,8.7922,8.8537,919.944,43.0001,1
265.678,201.608,9.2207,9.1121,991.03,44.4788,1
265.073,245.799,9.159,8.6726,970.165,42.9484,2
269.71,250.225,8.8702,8.4148,941.329,41.2397,2
277.17,257.653,3.8964,3.6518,433.876,40.1188,4
253.466,195.094,9.0442,8.7839,947.821,49.8641,1
264.696,204.399,9.2622,9.0192,991.01,44.4751,1
272.454,264.896,6.0866,5.926,730.882,41.7416,0
297.694,260.344,3.413,3.2462,376.91,23.8684,4
313.885,256.009,3.0806,4.1523,495.852,27.5376,4
1.6098,276.089,0.1034,8.6727,966.364,49.9862,3
277.361,276.606,7.7016,7.6338,882.615,38.0935,0
268.824,267.879,7.5011,7.4562,849.046,45.8705,0
269.022,280.026,8.6809,8.3315,931.572,40.8072,0
305.356,233.653,1.7122,1.8079,272.207,28.9935,4
252.294,236.097,8.9845,8.3661,968.423,54.2666,2
296.404,263.863,1.0597,0.8934,179.354,35.4425,4
250.684,233.094,8.992,8.4294,966.021,54.5622,2
263.666,207.783,8.8732,8.4738,922.217,41.4436,1
1.6211,273.233,0.1089,8.5003,931.251,48.337,3
258.764,2.1445,8.8404,0.0452,935.492,50.0041,3
253.68,311.096,7.7955,2.7162,812.562,53.3146,4
269.141,247.231,8.8529,8.467,942.758,42.5007,2
267.149,261.528,6.7271,6.554,756.657,46.459,0
257.435,202.775,9.0183,8.5112,952.257,48.0899,1
266.596,203.249,8.487,8.2938,892.624,43.7769,1
267.068,246.406,9.2779,8.7729,993.456,39.9366,2
258.482,205.293,9.1072,8.5931,939.978,44.0265,1
254.548,237.454,9.0846,8.5004,971.37,51.6338,2
252.333,2.1501,9.1727,0.0504,965.293,50.7284,3
265.004,273.316,8.147,7.8901,891.317,47.5089,0
281.298,272.145,5.905,5.7398,705.999,35.4689,0
264.312,245.223,9.3767,8.8336,992.27,40.128,2
256.85,2.1392,9.0229,0.0497,962.651,50.7542,3
277.682,255.523,4.4835,4.2489,498.301,41.271,4
247.072,234.24,8.9877,8.2588,957.123,56.1316,2
250.632,236.228,8.9955,8.3414,965.842,54.4706,2
257.438,202.793,9.1286,8.7487,946.451,45.0368,1
263.492,242.389,9.0956,8.6464,969.547,45.8231,2
278.341,257.802,5.1056,4.8666,540.736,35.1813,4
342.634,290.931,0.3717,7.0733,831.663,14.1338,4
254.011,198.805,9.0951,8.6837,954.435,49.0299,1
266.853,203.351,7.7823,7.5754,820.742,42.1264,1
263.539,2.1532,8.8099,0.0402,929.316,43.7677,3
247.429,2.1527,9.0325,0.0474,934.456,53.6327,3
253.554,2.1452,9.0835,0.0481,960.662,51.6176,3
258.629,196.579,8.7628,8.549,913.571,47.3481,1
259.255,199.232,9.0433,8.8263,948.055,46.6935,1
263.641,2.1831,9.1068,0.046,956.502,42.1701,3
274.282,292.569,6.3489,5.1052,665.299,36.1875,4
267.601,242.308,8.3083,8.0496,884.051,43.4593,2
302.877,253.572,2.723,3.0823,420.082,34.7562,0
264.349,204.944,9.1491,8.8334,960.581,42.2523,1
262.752,2.1115,8.8284,0.0391,923.2,43.2281,3
289.201,269.941,5.7223,5.8702,660.401,37.5953,0
258.189,203.079,9.1248,8.7367,947.903,45.5763,1
260.543,2.1115,8.8876,0.0399,923.519,43.0911,3
284.842,315.337,0.3175,0.3252,142.732,23.4916,0
256.509,243.384,8.1003,7.5336,831.799,48.1612,2
259.513,352.341,3.2444,0.0825,424.775,10.423,4
267.913,205.589,7.7637,7.4922,822.89,42.3489,1
1.6512,272.673,0.103,8.8696,990.294,50.11,3
250.737,227.499,8.8804,8.479,957.146,56.1593,2
263.121,241.831,8.6661,8.3116,913.365,47.7486,2
277.257,294.665,3.9027,1.4941,423.978,37.0259,4
251.982,234.521,8.9551,8.4086,966.012,54.4399,2
254.691,2.1478,9.0633,0.0487,967.766,52.2192,3
266.584,246.898,8.9499,8.5144,941.133,41.389,2
253.638,257.265,8.9512,8.7134,955.949,52.1698,0
261.935,199.152,7.895,7.7262,835.518,47.4479,1
263.497,234.399,6.419,6.2519,689.516,36.1245,4
260.089,2.0851,8.8865,0.0403,922.474,43.2448,3
284.751,285.643,4.0462,2.8051,434.891,33.3651,4
246.929,226.282,9.152,8.6105,971.648,56.1179,2
261.515,202.824,9.0086,8.7082,952.17,46.9388,1
263.692,203.599,8.9261,8.6724,950.594,46.8009,1
268.124,274.982,3.2284,2.4741,361.447,39.155,4
304.282,252.872,2.571,2.9396,404.137,33.1251,0
270.125,300.898,5.9964,3.1902,634.757,42.195,4
261.445,204.67,8.9044,8.5262,923.464,42.9363,1
328.402,321.54,0.3349,0.3502,411.523,11.7719,0
248.293,229.428,8.4353,7.992,903.123,57.1398,2
267.508,2.0969,8.6199,0.0434,922.917,43.5098,3
255.218,237.11,8.9261,8.3411,939.426,50.8979,2
272.257,258.034,5.606,5.2643,580.401,34.5939,4
258.226,202.6,9.1491,8.7903,956.09,47.7691,1
262.422,246.601,7.8834,7.3962,828.611,48.156,2
265.484,261.551,7.4273,7.1663,784.35,45.917,0
262.461,202.422,8.9788,8.7374,949.099,46.3689,1
254.128,229.871,9.1171,8.6694,986.423,52.3993,2
266.831,266.654,7.6566,7.5655,873.673,49.9702,0
268.196,334.423,7.427,0.6762,779.187,41.8393,4
265.513,205.699,8.5624,8.2469,895.784,44.3635,1
248.39,232.291,9.1055,8.4367,980.127,56.7568,2
317.378,308.703,1.0586,0.7937,472.138,21.0372,4
254.557,2.1448,8.9499,0.0445,933.681,50.6802,3
249.211,230.638,9.0661,8.4744,974.348,55.9238,2
257.633,201.143,8.0324,7.6394,834.237,47.7054,1
260.534,243.525,8.7439,8.2168,908.634,46.8115,2
275.89,271.694,7.7188,7.5129,847.042,35.6041,0
313.288,239.327,2.5541,3.132,403.098,25.1127,0
251.928,234.738,9.1385,8.5734,968.153,51.6192,2
1.6283,270.778,0.1094,8.5889,934.395,47.9702,3
261.439,203.854,9.0903,8.7705,950.256,43.8695,1
1.6028,270.458,0.107,8.5191,928.628,50.3766,3
311.747,305.289,2.3313,2.0729,304.74,15.0484,4
273.086,260.417,3.2015,2.6168,357.766,36.2774,4
275.749,299.043,6.9659,5.4077,774.843,43.3685,4
320.381,238.529,1.9641,2.2378,327.84,18.1709,4
268.178,2.0993,8.2321,0.0415,866.372,40.507,3
263.157,271.721,8.5303,8.2178,908.2,44.2391,0
265.895,262.467,6.3663,6.1048,662.072,40.2749,0
295.841,323.175,2.5022,0.2162,446.231,24.8541,4
1.653,265.054,0.1089,9.1662,994.33,49.5901,3
255.611,232.95,8.9506,8.5763,941.107,49.2409,2
1.6157,274.87,0.108,8.7861,966.124,46.2827,3
258.202,197.531,8.7464,8.4856,913.64,47.8062,1
286.231,310.951,5.3607,2.5171,581.307,30.3948,4
264.396,2.109,8.7766,0.042,923.241,42.9936,3
263.909,202.725,8.9458,8.7275,947.71,45.09,1
257.735,319.74,9.0533,3.3864,969.078,50.1322,2
259.377,2.1343,8.8159,0.048,935.726,49.9997,3
245.843,229.903,9.2032,8.5212,979.426,56.7504,2
250.269,228.962,9.0282,8.5628,968.81,55.4303,2
268.526,273.016,8.38,8.2707,911.59,44.3286,0
288.01,325.229,2.9827,0.2152,466.088,25.6431,4
265.692,200.201,9.1789,9.1296,989.709,45.1218,1
258.738,200.719,8.0217,7.6598,832.766,47.1362,1
248.368,255.269,9.1138,8.7835,926.309,54.1012,0
260.03,203.706,9.3497,8.9494,987.627,45.3849,1
257.754,195.166,9.0278,8.8484,954.5,47.9919,1
282.184,310.968,7.2105,5.3352,785.078,31.9101,4
313.568,237.199,2.2376,2.8202,361.368,20.3432,0
262.82,205.052,8.8618,8.5196,923.309,42.9385,1
259.033,202.527,9.0706,8.6984,953.396,47.3808,1
263.142,2.1263,8.8075,0.0396,925.336,42.7087,3
269.55,248.484,5.3588,5.2161,566.927,45.1905,4
248.373,235.725,8.8906,8.1997,946.513,55.0998,2
1.6415,268.204,0.0991,9.0966,991.52,48.6934,3
261.244,348.329,3.1937,0.0866,422.785,10.4816,4
298.485,299.306,2.0807,1.8546,256.565,17.0481,4
349.216,343.521,0.1841,0.047,263.392,2.3036,0
259.347,243.143,9.0883,8.4909,957.428,47.2299,2
263.046,202.328,9.1817,8.9147,962.042,42.2453,1
253.322,237.538,8.4618,7.8782,863.148,51.9027,2
250.54,2.1451,8.93,0.046,933.969,53.5843,3
257.115,197.116,8.0402,7.7726,831.571,47.3154,1
267.213,268.503,7.535,7.4407,847.537,45.4798,0
263.712,2.1132,8.7644,0.0428,922.964,43.5924,3
276.421,272.562,7.4126,7.4346,830.481,41.536,0
1.6078,272.284,0.1077,8.839,967.493,48.6262,3
258.063,198.484,8.0133,7.7317,831.706,47.3061,1
271.13,247.436,4.2293,3.9559,454.114,39.1095,4
259.419,265.86,8.0219,7.7186,901.479,50.1349,0
256.724,264.362,9.0313,8.6568,941.748,46.8304,0
1.6177,274.318,0.1181,8.6858,958.412,47.0395,3
258.354,237.427,8.1189,7.7802,845.713,50.4988,2
255.838,194.804,8.7219,8.5324,913.177,51.7031,1
300.981,296.734,1.1121,0.9442,141.177,11.2782,0
1.6156,269.734,0.1119,8.829,960.461,47.69,3
262.537,208.525,9.3582,8.8588,990.008,42.9972,1
271.669,264.951,5.9051,5.6996,703.156,44.0057,0
260.651,238.899,8.7956,8.361,937.638,48.9167,2
256.964,203.618,9.4777,9.0394,989.596,43.9487,1
260.69,207.748,9.083,8.5571,955.641,47.6045,1
259.573,204.104,9.0729,8.6494,954.564,46.4737,1
274.513,296.775,4.6441,1.8988,489.189,34.7985,4
261.302,201.063,7.8985,7.6071,831.473,47.3125,1
263.317,2.1565,9.0903,0.0424,956.164,43.0367,3
260.573,2.1195,8.8804,0.042,925.188,42.9806,3
289.912,307.799,5.516,3.6261,602.278,28.7098,4
262.921,2.1173,8.8173,0.0436,925.319,43.1482,3
1.6358,273.809,0.1036,8.9056,992.516,48.9529,3
269.089,275.017,7.8263,7.6835,869.693,45.3635,0
253.531,229.946,8.7493,8.4278,949.388,55.1898,2
260.075,199.352,9.0569,8.888,956.014,49.1474,1
261.595,201.136,8.6848,8.4138,899.051,45.0469,1
261.758,246.292,9.1971,8.6065,967.903,43.9101,2
262.613,207.667,9.2948,8.8392,986.664,43.1232,1
262.085,271.284,8.7364,8.379,923.264,44.7709,0
266.204,253.367,7.0442,7.0466,792.865,47.1311,0
260.039,198.931,9.3405,9.1494,987.402,45.4595,1
304.22,333.733,0.2366,0.1339,256.734,9.2795,0
271.041,279.622,8.4264,8.1578,910.856,38.8904,0
290.68,327.234,2.6263,0.2288,445.408,24.0284,4
255.975,235.145,8.9013,8.4347,938.062,50.4706,2
257.179,244.986,8.7468,8.0512,900.062,47.2374,2
249.68,231.583,9.1199,8.4956,982.739,55.9592,2
266.045,0.8722,8.9621,0.0353,940.017,42.6436,3
266.911,244.389,9.1397,8.748,972.592,42.6325,2
273.865,302.806,6.812,4.3685,761.972,43.9377,4
315.643,260.942,2.2507,2.5952,373.487,23.3826,0
251.158,230.746,8.8285,8.394,952.164,56.421,2
273.167,265.398,4.8742,4.2941,518.722,40.8668,4
253.655,279.611,8.1664,7.038,853.083,51.0676,0
262.934,244.076,7.883,7.4979,829.622,48.2257,2
259.192,199.056,9.0157,8.7807,947.743,47.4955,1
266.97,276.628,7.615,7.3085,830.296,42.893,0
261.291,243.442,9.1834,8.6578,967.054,44.2509,2
270.602,271.224,6.5624,6.2232,685.827,38.8472,0
263.08,201.191,7.9153,7.6589,821.224,42.0188,1
263.854,200.691,9.2818,9.1592,990.628,44.5122,1
261.571,203.972,8.9976,8.6555,953.514,46.9976,1
249.425,231.5,8.9284,8.3764,959.036,56.3956,2
264.024,246.361,8.4547,7.9159,884.2,43.2302,2
263.601,240.409,8.3939,8.0332,882.301,44.7438,2
266.21,2.1242,8.838,0.0355,933.792,43.9817,3
261.987,2.131,8.8412,0.041,925.952,43.5899,3
1.638,265.634,0.1102,8.7258,936.094,47.729,3
261.807,201.508,8.6498,8.3565,903.679,46.2337,1
265.535,276.946,8.8016,8.4585,926.204,39.7055,0
268.182,270.788,6.9685,6.8226,820.421,48.5726,0
246.648,227.817,9.1666,8.5745,975.732,56.1126,2
264.679,2.121,8.9159,0.0367,935.934,43.3974,3
280.098,274.55,5.0248,4.8055,618.778,36.6361,0
253.127,2.1421,9.1151,0.049,966.997,52.2308,3
257.178,196.728,9.0189,8.7429,960.688,50.9967,1
257.56,240.857,9.1792,8.6547,957.631,46.0592,2
300.223,292.195,2.7414,0.4729,316.725,24.3054,4
1.6755,268.764,0.0988,9.0624,994.273,49.4953,3
312.117,265.124,0.5302,6.2148,377.267,12.1108,4
293.803,325.195,2.6969,0.2211,453.145,25.5857,4
257.432,235.858,8.9036,8.4668,935.519,48.5943,2
264.772,245.986,9.3559,8.8183,988.041,38.2323,2
267.017,205.312,9.0753,8.8167,959.645,41.7741,1
259.141,241.735,8.0225,7.5849,833.56,48.7897,2
261.769,205.023,8.8917,8.5461,923.846,42.9423,1
305.102,274.512,1.2033,0.5082,200.339,26.0333,4
264.281,206.631,8.9013,8.5147,938.037,44.0272,1
255.552,236.36,8.946,8.421,935.358,49.0718,2
262.49,206.63,8.6591,8.1745,894.324,43.8539,1
273.862,274.613,4.816,3.8579,514.501,40.6294,4
285.956,262.844,6.2981,6.5042,722.413,37.9947,0
301.836,254.631,2.7307,3.0398,419.051,34.6211,0
282.436,284.776,7.9367,7.7665,881.889,29.2789,0
1.626,272.114,0.1035,8.8646,967.197,45.9799,3
252.478,199.39,9.1747,8.6736,956.662,48.1263,1
265.602,270.836,8.776,8.5747,941.837,44.5187,0
263.601,201.367,8.931,8.7653,951.124,46.8491,1
272.437,313.737,6.6752,2.8237,740.144,43.5022,4
271.481,270.197,7.6573,7.556,881.452,42.9073,0
252.945,315.186,7.8171,2.5627,809.37,52.9109,4
268.001,271.722,6.9713,6.8148,818.859,48.2856,0
263.114,245.456,9.0293,8.5218,956.837,45.8797,2
255.684,199.905,9.0709,8.6533,952.038,48.1249,1
299.167,258.181,3.8107,3.7125,426.029,23.988,4
255.755,199.366,8.8229,8.4146,913.412,47.7447,1
1.6243,272.026,0.1118,8.5547,935.55,47.7279,3
260.18,266.221,7.2519,6.9904,815.427,52.7353,0
275.034,285.25,4.5934,3.6645,557.928,40.7175,4
231.198,208.223,3.7881,0.3484,721.222,23.1019,4
259.009,204.875,9.1373,8.6958,956.135,46.4647,1
268.659,204.402,9.0357,8.8831,960.719,41.5638,1
258.226,2.164,9.1418,0.0463,948.43,44.8299,3
264.012,241.557,8.4521,8.083,882.808,42.9485,2
260.743,270.784,8.9505,8.5544,941.159,45.8799,0
257.789,288.677,3.6693,3.2876,437.352,12.0503,0
262.339,2.1235,8.826,0.0423,924.876,42.7297,3
296.645,259.682,3.5956,3.4301,396.638,24.4701,4
257.607,2.142,8.8214,0.0453,934.358,51.2867,3
255.493,237.542,8.2702,7.8297,851.732,50.9476,2
260.107,271.905,8.6113,8.139,898.045,46.18,0
311.521,280.973,1.1025,0.404,186.658,19.8647,4
1.6088,270.546,0.1107,8.8306,966.37,48.7879,3
263.252,356.416,4.4225,0.0919,543.719,15.6821,4
278.075,285.335,7.8553,7.5959,865.354,33.4246,0
255.433,234.573,9.1047,8.6162,968.632,50.7324,2
260.392,240.967,8.5295,8.0264,893.392,47.5815,2
262.465,204.435,8.9891,8.6688,948.471,45.291,1
271.177,275.844,6.7381,6.526,790.696,44.3935,0
277.693,279.77,3.3394,1.486,376.262,37.3492,4
249.019,232.759,8.9311,8.3457,957.151,56.6808,2
255.733,300.029,7.8676,5.0442,819.664,48.4223,4
297.335,273.631,1.0626,0.8808,187.382,35.4356,4
1.6581,265.291,0.101,9.0473,983.521,47.7104,3
263.278,276.316,6.6901,6.0043,751.187,52.1899,0
245.729,232.642,9.2067,8.407,979.619,56.8654,2
268.41,311.911,7.8114,4.4848,826.862,43.0561,4
255.658,234.709,9.0719,8.5924,969.726,50.5002,2
266.402,258.445,6.886,6.7746,742.534,47.5077,0
259.085,204.885,9.0628,8.5815,948.831,46.8269,1
275.684,290.537,5.7551,4.571,637.036,35.8076,4
264.683,202.117,8.573,8.3542,893.617,43.7795,1
261.537,205.988,8.901,8.4881,922.073,42.1297,1
1.6184,266.589,0.1122,8.7904,958.417,52.3286,3
1.6073,269.698,0.1063,8.5369,929.741,51.1612,3
259.423,243.329,8.5847,7.9866,882.726,43.6974,2
272.72,289.891,2.5612,2.3438,299.855,37.0817,0
267.222,255.658,5.5219,5.3634,610.196,46.8987,0
271.453,288.447,3.8219,1.881,424.111,38.8589,4
264.857,198.555,8.5672,8.4889,916.391,46.9898,1
306.848,234.548,1.4605,1.531,240.971,27.9014,4
247.17,255.32,9.0204,8.6825,952.549,56.6085,0
252.21,234.452,9.1322,8.5806,968.126,51.6192,2
251.609,194.083,8.8693,8.5746,921.161,52.9341,1
262.566,201.462,9.0176,8.825,956.465,47.0152,1
262.271,2.09,8.7979,0.0412,922.953,43.9295,3
1.6562,267.446,0.1084,9.1068,994.824,49.4812,3
1.6093,266.221,0.1104,8.8227,957.682,52.7626,3
249.579,230.927,8.9895,8.4269,970.479,55.9836,2
265.88,2.1059,8.3115,0.0409,865.92,40.3732,3
245.162,256.215,8.9591,8.4928,939.942,58.7463,0
281.125,260.508,4.5551,4.3129,498.345,37.1401,4
263.532,2.0968,8.8032,0.0423,923.373,43.1875,3
1.6459,271.605,0.1076,8.8419,983.616,49.7514,3
261.813,199.571,8.7052,8.4872,909.398,45.6111,1
1.647,266.95,0.1064,9.1336,992.343,48.6703,3
249.533,233.24,8.4849,7.962,907.684,55.5926,2
273.364,260.5,5.3244,5.182,592.483,42.5146,0
254.149,2.1573,8.9689,0.0467,933.709,50.6424,3
261.28,2.1156,8.8527,0.0387,925.46,43.3279,3
279.573,290.335,0.6454,0.609,111.228,29.5023,0
281.393,274.612,7.5707,7.6792,870.842,36.8809,0
290.911,264.156,4.7884,4.6765,526.554,29.5201,4
278.51,288.747,5.3361,4.0436,587.971,39.9377,4
258.504,237.734,8.0442,7.7057,835.009,49.0978,2
270.371,285.491,3.6578,1.926,406.79,40.0394,4
261.562,202.458,8.6713,8.3367,910.666,46.2145,1
292.376,255.519,2.7229,2.5981,312.97,30.196,4
1.6116,265.921,0.114,8.8183,959.151,52.2757,3
281.255,332.746,1.0142,0.1658,216.496,15.2994,4
255.348,2.1482,9.0671,0.0482,962.613,50.9975,3
256.322,197.401,8.8085,8.4902,913.828,47.9286,1
275.271,261.145,5.6906,5.3644,590.655,34.3514,4
276.96,260.372,4.5272,4.2637,548.226,37.8676,4
251.783,226.567,9.0953,8.699,980.38,54.1558,2
1.6407,268.678,0.1034,9.0115,988.786,49.5443,3
268.057,208.026,9.0264,8.7024,960.168,41.6255,1
271.923,270.825,7.3313,7.3182,829.455,45.2642,0
277.94,288.174,0.5904,0.5282,106.028,31.5558,0
248.704,237.752,8.5116,7.7795,909.89,56.6198,2
262.097,245.519,8.713,8.1892,915.877,47.7397,2
250.017,231.23,8.9877,8.4258,970.494,56.0742,2
257.566,2.1293,8.8006,0.0477,934.606,51.2468,3
277.347,276.646,7.7248,7.6626,882.553,38.0866,0
255.132,194.867,8.7448,8.5202,913.629,51.7803,1
270.403,253.012,5.5759,5.3463,588.918,42.6219,4
258.464,322.214,5.0138,2.0664,610.472,21.7347,4
270.567,274.407,7.6056,7.4522,856.613,43.4782,0
282.469,283.583,7.6623,7.5922,850.356,31.464,0
263.089,260.666,7.3119,6.9887,760.408,44.2947,0
247.213,231.603,8.9636,8.3782,953.043,56.5509,2
262.336,268.371,8.5365,8.2337,914.899,44.6589,0
250.16,233.396,9.0178,8.4044,970.729,55.8562,2
259.589,203.621,9.0364,8.6416,949.445,47.1458,1
257.002,233.961,8.6342,8.2677,894.251,47.5895,2
264.505,203.648,9.0931,8.828,959.619,43.5374,1
254.084,2.1446,9.0885,0.0473,967.733,52.1932,3
256.434,235.135,8.9405,8.5177,941.106,49.2935,2
287.241,310.026,4.582,1.8194,513.081,35.7151,4
267.772,2.1078,8.2492,0.0426,865.956,40.2961,3
1.6602,271.682,0.1066,9.0488,994.918,42.3562,3
256.727,200.726,8.7043,8.3089,911.443,51.2572,1
255.413,197.706,9.0701,8.6931,959.561,50.7132,1
275.826,262.083,6.0225,5.9636,670.439,43.0639,0
257.125,2.1486,8.9933,0.0496,961.305,51.1599,3
257.388,2.1513,8.8424,0.0473,933.537,51.1548,3
1.6491,269.671,0.1029,8.9838,988.821,49.6214,3
264.942,204.731,8.5432,8.2298,892.477,43.9649,1
291.335,348.948,2.114,0.0666,363.635,10.4006,4
253.741,232.757,8.6531,8.2743,933.907,54.4465,2
270.19,285.06,6.0613,4.6937,644.978,42.5766,4
1.6467,267.834,0.1027,9.0041,985.947,47.9335,3
1.6027,272.615,0.1078,8.8282,967.97,48.6562,3
263.663,2.1676,9.1278,0.0443,958.89,41.995,3
265.908,271.764,9.0254,8.7876,953.265,42.3927,0
264.272,245.028,9.3518,8.8347,990.17,40.5832,2
260.58,265.043,7.5687,7.3572,856.051,50.781,0
264.645,203.161,9.1506,8.8999,960.904,42.1993,1
263.146,273.063,8.4014,8.0301,899.323,43.8805,0
286.936,267.424,4.64,4.4043,493.763,27.7459,4
278.725,285.048,2.7345,0.9787,313.092,39.3181,4
263.525,2.1554,9.0692,0.0491,953.417,42.9965,3
265.081,2.1312,8.9869,0.0362,939.571,42.4772,3
261.712,2.1032,8.9633,0.038,930.102,43.67,3
252.317,2.1628,8.9846,0.0461,934.743,51.3019,3
1.6114,272.931,0.1147,8.7272,960.007,45.9052,3
264.49,2.1082,8.7606,0.0409,925.27,42.9908,3
263.43,272.617,8.505,8.2037,907.685,45.5457,0
1.6041,270.728,0.1155,8.7159,959.042,49.7741,3
251.561,260.706,8.7403,8.3556,914.802,51.0346,0
265.791,205.34,9.1083,8.8254,961.065,42.1992,1
255.274,2.1469,9.0576,0.0494,969.012,51.8068,3
262.979,245.036,9.2093,8.6944,965.324,42.3099,2
252.434,234.754,9.1045,8.5269,965.388,51.6084,2
252.478,2.1443,9.0951,0.0447,959.044,51.9618,3
246.735,234.418,9.1023,8.3602,966.324,55.5505,2
261.58,240.361,8.6103,8.2271,898.904,46.4387,2
259.121,201.513,7.975,7.5944,830.745,47.2932,1
263.337,202.252,8.9829,8.7621,947.458,44.4425,1
264.841,246.364,8.9785,8.4861,956.929,45.7246,2
260.775,199.582,8.6627,8.4077,907.557,46.2607,1
266.524,2.0956,8.2914,0.0414,866.396,40.0431,3
265.938,273.944,7.5213,7.2204,867.575,46.8278,0
266.041,2.1573,8.941,0.0472,951.055,43.614,3
263.488,240.504,8.4172,8.0432,882.294,44.3292,2
260.451,209.18,9.2047,8.6027,957.446,43.6582,1
1.6559,267.105,0.1058,9.1102,994.299,49.5901,3
259.608,198.891,9.041,8.8405,948.27,46.6935,1
257.677,257.482,7.8967,6.6612,814.524,47.8715,2
263.624,245.701,9.1549,8.6122,969.494,43.5981,2
254.649,236.036,8.4267,7.935,863.856,51.9575,2
265.813,2.1137,8.3232,0.0442,865.368,39.9697,3
267.434,249.622,8.9079,8.3673,944.332,43.0939,2
259.663,264.095,7.269,7.0538,814.953,52.5155,0
1.6019,272.262,0.1119,8.8083,966.976,49.8546,3
1.6116,273.302,0.1059,8.8263,967.216,45.6145,3
287.488,254.215,2.5442,0.3284,286.946,31.3642,4
253.399,2.126,9.1045,0.0464,960.069,50.9098,3
352.633,289.263,0.3828,7.168,838.265,21.3815,4
257.16,2.1454,8.9965,0.0481,960.632,50.9046,3
258.955,242.824,8.0885,7.5807,843.271,49.5815,2
257.926,247.605,9.1715,8.4395,957.033,45.8719,2
263.318,2.1723,9.1457,0.0476,959.201,42.049,3
286.626,286.837,7.3328,7.2405,845.201,29.2244,0
264.328,199.373,9.2789,9.2065,989.238,43.6081,1
267.749,203.725,9.0372,8.8734,962.224,42.3403,1
259.545,238.86,8.0075,7.6776,834.303,49.0935,2
1.6119,272.971,0.11,8.8195,965.068,47.0995,3
267.34,247.367,8.8817,8.4081,944.076,43.3888,2
1.6216,268.027,0.1122,8.8125,957.859,49.0551,3
263.997,348.023,4.7589,0.1455,592.094,20.4973,4
251.924,350.202,3.3937,0.0845,436.063,13.2412,4
265.251,274.776,9.0625,8.7557,961.845,42.4868,0
267.532,246.832,9.2697,8.7714,991.765,40.2007,2
278.423,270.916,6.4925,6.2074,703.261,37.2857,0
276.949,315.881,3.9154,1.4479,523.236,26.6748,4
298.657,289.487,5.561,5.4326,671.274,20.5882,0
254.743,2.1493,8.9446,0.047,933.97,50.4057,3
259.051,206.913,9.4161,8.9025,987.387,43.7311,1
261.636,242.153,8.7173,8.307,914.122,47.7836,2
256.38,0.8864,9.6181,0.0447,993.027,37.9334,2
259.227,237.897,8.8372,8.4025,937.43,48.394,2
1.6239,275.208,0.1073,8.7601,967.316,46.5792,3
267.653,262.726,6.7094,6.5276,718.388,46.3405,0
290.979,265.691,2.9298,2.3981,325.916,31.7042,4
253.189,198.228,8.7648,8.3869,907.127,50.9182,1
258.423,242.003,8.9924,8.3436,970.399,50.1763,2
1.6168,273.127,0.1125,8.4677,929.431,49.0522,3
263.459,2.1735,9.1104,0.0473,957.389,42.2484,3
249.574,232.285,8.6709,8.1728,925.667,55.3765,2
258.352,242.99,8.7188,8.1282,900.496,47.3039,2
259.215,317.076,7.4695,2.47,748.26,48.3223,4
263.479,2.1644,8.8201,0.0413,928.558,43.3709,3
262.825,2.1045,8.9325,0.0358,928.867,43.368,3
326.936,335.402,0.3257,0.2477,123.959,11.8097,0
262.477,246.458,9.1993,8.6293,963.84,42.3536,2
265.92,203.597,9.2489,9.0977,992.002,43.3558,1
289.8,274.783,4.3712,3.9477,470.857,27.9776,4
310.134,254.358,2.3294,2.7086,376.63,31.3341,0
302.144,324.366,0.2829,0.1498,338.802,16.4522,0
260.928,294.146,8.0297,5.8114,847.455,48.3914,4
282.334,250.801,3.2995,3.0626,366.19,35.8126,4
253.227,263.235,9.1303,8.6494,957.711,50.3905,0
273.656,259.481,5.181,4.8698,540.462,35.5766,4
255.816,240.114,8.1014,7.6185,828.722,48.2788,2
273.793,320.062,5.6153,0.7876,587.311,36.2872,4
1.606,267.293,0.1162,8.6326,934.694,47.0863,3
258.098,201.001,8.782,8.3875,912.353,46.3946,1
248.231,232.37,9.1443,8.4397,975.874,55.4281,2
261.544,2.1608,9.1116,0.0459,952.733,43.0608,3
272.141,256.68,5.3853,5.1117,555.417,35.6815,4
265.6,208.089,8.9529,8.5758,948.092,43.936,1
279.999,276.779,7.6177,7.6701,881.418,40.0044,0
250.975,233.701,8.7955,8.2761,940.988,55.0498,2
263.497,2.1087,8.9534,0.038,934.535,43.5558,3
263.329,2.1644,9.0689,0.0462,955.287,43.0597,3
283.151,264.089,4.225,3.9749,451.633,33.2472,4
257.451,194.802,8.6344,8.5126,913.945,52.7577,1
278.491,291.364,2.0989,1.9602,259.096,33.4428,0
275.161,271.586,7.5066,7.5662,870.7,43.8242,0
249.102,231.179,8.937,8.392,959.032,56.3956,2
260.656,265.47,1.2181,1.1564,133.793,37.4255,0
0.6943,278.239,0.1092,8.7058,965.616,43.7217,3
259.892,240.472,8.0467,7.6619,841.755,49.4372,2
254.831,195.597,9.0162,8.7605,949.916,50.0177,1
267.034,2.0968,8.1336,0.0414,860.798,42.2214,3
278.571,270.626,6.0473,5.8513,655.739,38.4612,0
269.961,263.133,5.4542,5.1963,604.989,45.8107,0
256.606,199.295,8.6741,8.3533,907.716,51.0309,1
1.6576,266.916,0.1009,9.0384,986.999,48.1625,3
254.562,2.1426,9.0493,0.0481,960.289,51.6761,3
249.142,231.695,9.0795,8.5325,967.885,54.1433,2
265.875,2.1089,8.1291,0.0404,856.72,42.55,3
266.034,2.1519,8.9449,0.044,951.797,43.3686,3
1.6431,273.623,0.106,8.911,990.588,48.7237,3
260.895,204.876,9.3443,8.9502,988.966,44.5579,1
251.491,240.152,8.4121,7.7439,853.16,51.1315,2
262.518,248.914,9.2149,8.5646,968.613,42.9645,2
262.296,270.084,8.4739,8.1373,886.688,44.5215,0
266.573,2.1149,8.8565,0.0372,936.316,43.3566,3
261.664,199.929,9.0097,8.8341,947.923,45.7283,1
257.369,207.79,9.1199,8.4822,949.32,46.4409,1
265.419,2.111,8.8659,0.0371,933.184,44.004,3
273.735,256.66,3.6025,3.1247,396.895,37.7975,4
256.709,240.285,8.331,7.7658,861.049,52.2298,2
275.382,258.666,1.1193,0.9664,129.258,32.8648,0
1.6189,274.202,0.1095,8.682,960.876,48.343,3
307.04,284.059,3.2903,2.0943,499.453,32.7969,4
248.993,227.795,9.2125,8.6627,980.599,53.534,2
283.764,278.671,6.0111,5.8456,660.006,26.4591,0
264.193,2.1143,8.8999,0.0352,930.338,43.3919,3
284.848,249.492,3.459,3.2612,375.996,33.267,4
287.096,261.738,3.6788,3.4108,407.019,29.7234,4
260.99,203.221,9.3341,9.0221,988.791,44.5767,1
257.784,195.731,8.6703,8.5134,911.899,51.3942,1
273.433,301.233,6.2231,3.9875,652.498,36.4496,4
263.159,202.381,8.9348,8.6663,938.722,44.7045,1
320.911,334.253,1.6241,0.1999,274.039,14.4634,4
252.715,231.923,8.4234,8.0187,857.995,51.8826,2
263.6,198.16,7.8849,7.7758,836.209,47.2145,1
285.602,276.333,6.2634,6.102,679.856,29.8439,0
255.749,2.1535,9.0341,0.051,967.113,52.2404,3
263.655,243.373,8.4174,7.9311,892.261,47.359,2
268.428,246.601,8.9041,8.5257,941.277,41.389,2
247.389,230.294,8.9629,8.4031,956.052,56.7009,2
260.997,271.835,8.2331,7.8137,861.188,47.3298,0
1.61,272.353,0.1125,8.5257,931.665,48.3283,3
321.962,328.988,1.5298,0.2273,274.431,15.5947,4
261.411,207.362,8.7287,8.1186,909.384,45.529,1
248.146,254.679,9.0838,8.7921,914.594,55.2228,0
261.066,239.605,8.7771,8.3027,934.901,48.6902,2
275.185,273.679,6.9349,6.6791,766.824,35.6983,0
252.984,255.671,9.0003,8.7953,958.866,51.9544,0
255.573,2.1435,9.0654,0.0456,965.421,50.5034,3
267.692,266.309,7.4264,7.081,773.921,38.7032,0
254.008,259.918,9.2545,8.9645,989.483,52.8308,0
264.368,271.024,7.8816,7.6687,864.596,45.9501,0
1.605,268.834,0.1105,8.7363,959.977,51.8635,3
255.006,198.056,9.0246,8.6757,954.12,50.0584,1
273.75,299.547,4.5495,1.1311,499.854,41.8109,4
275.878,290.775,2.7686,0.9486,313.099,39.0632,4
1.6125,273.558,0.1097,8.8028,965.56,47.0476,3
281.008,327.124,2.4973,0.2378,375.537,20.2145,4
262.413,204.122,8.8596,8.5247,920.95,42.9494,1
249.983,229.066,9.0526,8.5335,972.722,56.295,2
256.961,240.064,8.0883,7.6405,834.224,48.9318,2
255.742,235.259,8.9148,8.4469,938.94,50.2041,2
280.402,265.22,0.9357,0.7307,167.601,35.2491,4
272.479,279.018,6.2067,5.4725,692.677,39.9523,4
245.768,233.812,9.1492,8.4023,969.14,55.4614,2
261.988,259.409,7.7735,6.6135,814.201,47.8853,2
261.546,201.501,9.322,9.0882,987.369,43.6261,1
1.6471,266.965,0.0986,9.0016,986.329,49.9006,3
269.229,260.235,7.6658,7.514,838.696,40.5585,0
260.146,205.179,9.4047,8.9586,991.016,44.4779,1
251.711,2.1287,9.1827,0.0484,965.332,50.6058,3
267.915,203.176,8.4807,8.3279,894.61,43.9701,1
257.184,327.371,4.9375,1.558,598.957,21.7939,4
251.336,258.988,8.7076,8.3498,904.746,52.7764,0
256.163,240.468,8.937,8.3046,936.726,48.5657,2
263.191,2.1283,8.8049,0.0396,924.882,43.4154,3
294.603,286.639,2.5067,0.4784,293.339,28.4513,4
289.518,268.491,4.5668,4.3587,490.769,28.1141,4
268.025,248.598,4.8394,4.6784,521.258,45.2828,4
260.234,244.812,8.7166,8.1324,905.313,46.5775,2
1.605,272.478,0.1088,8.7534,966.542,49.4861,3
264.512,270.404,7.8824,7.5978,902.044,47.425,0
278.856,254.897,4.1294,3.8404,445.721,32.1488,4
251.927,198.612,8.8135,8.3675,912.64,52.1977,1
272.823,256.907,4.8261,4.5097,515.515,38.8836,4
1.6507,269.369,0.1063,9.0221,990.832,49.2425,3
294.133,290.269,7.1979,7.1888,840.69,24.5483,0
257.146,240.544,8.1052,7.6307,836.943,48.8075,2
279.89,267.878,6.4939,6.3589,718.302,38.738,0
1.6106,269.633,0.1112,8.8275,961.256,48.1137,3
261.233,201.639,9.0263,8.7129,938.191,44.7808,1
302.918,279.115,3.7047,4.3633,539.636,25.9358,0
264.488,2.1582,8.9592,0.0428,948.555,43.7927,3
257.426,2.1448,8.8356,0.0454,933.325,51.1058,3
254.679,233.204,8.9255,8.4693,942.916,52.0863,2
256.188,2.1632,9.0155,0.0501,961.396,51.2583,3
289.207,247.316,2.5931,0.4787,303.537,26.0314,4
258.299,237.5,8.2124,7.8446,857.641,51.5681,2
282.718,317.189,4.4206,2.7006,646.809,18.9734,4
248.874,233.806,9.2939,8.5332,990.232,53.5763,2
1.6545,269.675,0.1067,8.9787,988.773,49.5836,3
280.876,254.06,3.7768,3.5711,416.22,32.7613,4
254.611,237.81,8.3098,7.8115,854.441,51.6158,2
265.797,2.119,8.3188,0.0404,867.981,40.4995,3
246.653,229.787,9.0515,8.4706,963.825,56.5832,2
254.071,234.447,9.0507,8.5476,966.68,52.0124,2
250.935,2.1598,8.9631,0.048,936.36,53.6793,3
265.797,204.664,8.5379,8.2783,897.093,44.672,1
265.464,269.964,7.4692,7.2554,861.237,48.3623,0
275.686,268.732,5.3751,5.1595,648.415,42.034,0
257.948,195.035,9.0296,8.8543,959.301,49.393,1
263.664,2.1822,9.1372,0.0454,959.298,42.0523,3
268.131,327.896,9.3036,2.564,992.007,37.8264,2
1.6222,269.316,0.1139,8.7624,958.457,49.3997,3
263.709,258.178,7.7088,6.6685,815.554,47.977,2
263.772,2.1611,9.0314,0.0452,950.654,43.2534,3
252.199,233.199,8.9792,8.4413,938.371,51.36,2
283.366,254.783,3.5467,3.3781,393.957,29.6757,4
269.332,255.079,5.3925,5.1045,563.859,42.3264,4
263.403,245.356,9.1692,8.6325,968.81,43.1002,2
256.442,198.676,8.7158,8.4103,911.512,51.2572,1
259.524,265.612,7.1289,6.86,785.04,50.0563,0
261.962,196.474,8.6431,8.5342,914.2,47.3802,1
258.073,260.1,7.8441,6.4502,809.541,47.3185,2
258.101,236.673,8.8489,8.4156,940.899,50.2399,2
297.743,321.096,1.1798,0.2573,299.998,13.5694,4
262.726,321.107,7.8808,2.7434,825.061,44.192,4
264.177,273.297,9.0062,8.694,958.278,46.2559,0
1.625,268.024,0.1123,8.8028,958.279,49.2431,3
273.416,296.304,7.1197,5.8772,779.811,42.0989,4
261.11,237.346,8.8006,8.405,933.351,47.8417,2
273.453,275.233,7.4528,7.3102,829.937,40.8922,0
286.081,251.439,3.0316,2.8443,339.071,34.7738,4
272.259,247.813,5.7443,5.4843,643.445,40.0965,4
253.365,228.46,9.1296,8.6968,984.936,52.4224,2
256.425,240.414,8.6581,8.0462,893.07,47.4922,2
264.033,203.37,8.9436,8.6481,938.89,44.8279,1
251.331,224.243,9.041,8.7247,981.644,56.2937,2
263.943,201.289,9.2781,9.1359,987.382,42.7818,1
267.443,205.576,8.8385,8.6225,932.951,42.892,1
1.6098,272.606,0.1064,8.8149,967.029,49.5056,3
1.6279,273.323,0.1054,8.8203,967.795,46.6892,3
262.29,200.83,8.6137,8.3636,905.019,46.4869,1
260.506,243.917,8.686,8.1499,905.231,46.6504,2
247.392,232.82,9.3533,8.5746,992.133,53.5537,2
261.536,283.205,7.0689,6.9345,833.839,27.062,0
264.479,249.394,9.1716,8.5509,968.595,42.6711,2
263.125,270.342,7.3406,7.0434,841.319,48.0404,0
263.396,207.407,8.6209,8.1423,897.703,44.8634,1
258.001,200.628,8.7731,8.3805,913.788,47.3995,1
258.529,197.411,7.989,7.7513,829.885,47.3051,1
246.856,229.217,8.947,8.4327,947.502,55.578,2
304.296,260.041,2.8798,4.0389,483.915,23.5139,4
1.6055,268.164,0.111,8.6301,929.124,50.2568,3
265.538,266.957,8.532,8.4313,901.748,43.7189,0
265.512,2.1457,9.0069,0.0466,952.983,42.5676,3
255.018,2.1439,9.0641,0.0488,967.576,52.2146,3
292.533,284.097,4.9636,4.779,612.023,28.37,0
252.515,237.644,9.1721,8.4751,968.877,50.5191,2
1.6518,268.11,0.1043,8.9973,986.032,47.9114,3
269.845,264.844,7.628,7.6646,890.295,46.7008,0
261.451,203.102,9.3253,9.0296,985.61,43.3571,1
261.846,205.625,9.3494,8.954,990.5,43.8098,1
267.065,309.01,8.0734,5.5275,839.84,41.2125,4
281.612,260.188,4.4216,4.2073,484.984,37.1373,4
278.134,269.086,6.2757,6.141,693.927,38.7192,0
250.236,2.1438,9.2021,0.05,962.159,50.874,3
272.429,260.688,4.8919,4.5658,514.5,38.4673,4
261.602,202.6,9.0224,8.7427,948.127,44.8742,1
278.479,277.239,5.3163,4.7106,587.686,40.8635,4
253.949,199.136,9.1533,8.7049,957.466,48.0767,1
261.222,240.475,9.0459,8.6023,956.039,46.6775,2
263.129,240.791,9.1106,8.7188,968.389,45.0179,2
249.664,232.202,9.03,8.4645,965.718,54.671,2
1.6497,269.724,0.1033,9.0439,995.646,45.8912,3
279.131,276.23,5.0467,4.7766,619.599,36.4792,0
267.448,209.055,9.0782,8.6751,960.865,41.5965,1
252.086,226.403,9.0185,8.6705,982.258,56.5808,2
270.876,270.243,4.5308,3.8596,473.257,36.2745,4
261.315,243.423,8.6462,8.1454,904.343,47.1502,2
257.459,236.47,8.9925,8.5084,966.872,50.9493,2
252.092,195.773,8.8245,8.4859,913.357,51.8093,1
265.747,244.665,9.296,8.8071,990.856,40.611,2
262.359,240.619,9.0579,8.7548,951.972,42.1808,2
254.861,196.371,8.7605,8.4626,916.282,52.3059,1
1.6372,275.512,0.112,8.7653,966.847,45.2601,3
274.366,268.455,6.6019,6.4515,730.637,36.3798,0
265.536,274.827,6.3093,5.6652,656.38,41.247,0
266.927,2.1233,8.9317,0.0362,939.528,42.4772,3
264.783,331.986,5.0976,1.7011,619.448,17.0034,4
260.451,244.899,9.1949,8.5656,969.183,45.6923,2
256.133,305.174,7.8779,3.8185,827.595,52.6656,4
260.066,196.531,8.5371,8.4584,913.206,52.0064,1
255.734,238.309,8.1894,7.7318,843.868,50.5471,2
316.462,286.117,0.5026,6.5,775.042,11.671,4
277.512,264.475,5.5802,5.36,613.598,32.2138,4
258.739,198.559,8.028,7.7598,835.184,47.1399,1
251.587,2.1582,9.0108,0.049,939.637,52.7229,3
1.6591,271.895,0.1066,8.9738,989.945,43.8764,3
257.623,197.845,9.0463,8.7556,956.403,48.0091,1
263.582,2.1587,9.1121,0.0478,957.416,42.4252,3
258.682,238.947,8.8878,8.3545,933.411,47.6545,2
248.628,231.865,9.0412,8.4026,970.908,56.4678,2
250.547,2.1502,8.9192,0.0473,931.977,53.4135,3
263.292,2.1816,9.1099,0.0461,957.254,42.6321,3
269.15,204.229,8.9985,8.8522,960.073,42.1259,1
258.259,2.1715,9.1223,0.0445,947.241,44.9164,3
265.81,206.296,9.1087,8.8021,962.107,42.5721,1
253.056,227.242,9.034,8.6659,980.722,54.9729,2
270.981,252.077,5.5969,5.1074,624.817,39.5583,4
255.86,199.375,9.1012,8.6995,958.138,48.0679,1
1.6394,266.798,0.1129,8.821,959.157,50.3527,3
265.35,206.553,7.8228,7.4544,816.25,41.599,1
259.962,264.625,6.9224,6.6195,764.983,51.0924,0
260.319,244.76,9.1146,8.5306,958.366,46.1595,2
264.448,210.215,9.1559,8.644,963.548,42.4767,1
307.444,329.136,2.4326,0.2089,419.415,22.1137,4
259.709,2.1407,8.9078,0.0418,926.268,43.4887,3
295.975,329.648,0.2355,0.1223,124.874,8.5214,0
261.228,242.771,7.9236,7.5071,828.638,48.0807,2
255.79,200.696,8.8239,8.3647,913.562,47.5557,1
264.866,2.1082,8.7483,0.0408,925.901,43.6094,3
258.203,215.557,8.6223,8.7525,906.422,50.859,1
271.523,267.136,7.3983,7.3891,868.538,43.6486,0
253.943,230.33,9.0747,8.6113,983.222,53.2781,2
253.887,2.1576,9.0942,0.0476,966.379,52.2386,3
277.198,277.23,6.2216,6.142,756.991,42.422,0
251.044,260.956,8.8557,8.4326,926.77,52.1205,0
262.186,271.462,8.885,8.5479,936.109,46.1758,0
294.968,253.314,1.8771,0.3219,249.858,32.4485,4
286.854,291.381,7.6168,7.4285,872.753,30.2661,0
288.633,267.146,5.3156,5.189,595.067,28.0804,4
248.25,256.556,8.9568,8.5333,897.575,55.1766,0
265.409,205.693,8.5152,8.1929,892.755,43.9525,1
260.669,243.852,8.6449,8.1083,899.786,46.5006,2
276.568,248.581,4.092,3.8864,441.347,35.2671,4
289.874,301.148,3.576,1.0925,401.76,31.2332,4
261.121,291.009,8.0843,6.5425,844.631,47.1116,4
262.13,244.765,8.6636,8.158,906.495,46.5211,2
256.564,257.065,8.5528,8.4107,904.539,52.1975,0
273.798,309.885,6.7221,3.3088,748.981,43.2066,4
263.615,246.222,9.1406,8.5868,969.313,44.9516,2
283.118,307.796,5.4366,2.9045,588.142,32.2319,4
272.721,279.023,7.7949,7.5545,849.806,38.5336,0
253.43,234.497,8.9578,8.411,939.279,51.6251,2
1.6212,274.167,0.1107,8.6781,960.194,46.1443,3
261.526,2.1133,8.9919,0.039,935.19,43.6674,3
1.657,269.277,0.1046,8.9321,986.793,49.9633,3
1.6362,270.563,0.106,8.866,983.587,49.6369,3
266.389,248.055,8.9988,8.4911,942.16,41.166,2
251.379,2.1462,9.1897,0.0498,965.385,50.9099,3
271.382,325.419,6.6396,1.6827,725.766,41.9371,4
282.211,288.883,7.7331,7.5206,872.538,30.1547,0
265.242,244.984,8.341,7.861,881.903,44.5511,2
264.266,245.027,8.3887,7.8845,882.53,44.4393,2
262.948,251.599,9.1672,8.3964,968.874,44.0317,2
272.116,271.413,7.6125,7.2269,825.515,35.1656,0
258.03,198.515,8.7812,8.4868,910.473,46.355,1
254.002,238.444,8.617,8.0154,931.878,54.6223,2
257.635,200.477,8.0291,7.6538,832.583,47.4066,1
256.25,194.012,8.701,8.5444,917.692,52.1877,1
261.815,197.919,8.6555,8.4975,914.395,47.3095,1
256.247,240.181,8.9364,8.313,937.254,48.9321,2
252.802,2.1459,9.0829,0.0493,959.419,51.8394,3
254.029,2.1416,9.1245,0.05,965.149,50.5309,3
261.978,2.109,8.8487,0.0411,923.174,43.3062,3
273.62,293.159,2.2786,2.0566,271.605,35.3699,0
253.522,262.458,8.8442,8.4553,928.179,49.9158,0
265.415,207.764,8.574,8.1329,895.178,44.1646,1
255.479,238.586,8.1894,7.7225,842.664,50.124,2
273.627,265.166,5.644,5.4618,614.789,41.0466,0
251.381,239.66,8.71,7.9834,933.622,54.8788,2
312.095,303.912,2.05,1.7857,267.222,15.6915,4
1.6452,272.972,0.1088,8.8611,988.513,49.9648,3
249.71,2.1549,9.2131,0.0477,967.184,51.831,3
283.239,345.978,2.4212,0.084,390.059,16.1343,4
259.449,243.036,9.083,8.5187,956.169,46.7468,2
266.12,290.788,6.1094,4.2811,639.785,43.1543,4
267.525,1.8727,8.2587,0.043,870.14,41.6409,3
264.099,206.435,8.5844,8.1743,903.1,45.8667,1
261.29,247.235,9.4649,8.7545,994.188,40.364,2
267.104,2.1358,8.8299,0.0369,935.904,43.4584,3
265.13,206.432,8.8296,8.5263,923.6,41.5408,1
248.932,227.893,9.0264,8.5327,971.834,56.9051,2
254.807,2.1482,9.0554,0.0465,963.961,51.7007,3
295.134,253.01,3.5326,3.4501,396.027,27.1983,4
267.94,263.242,7.5578,7.231,795.447,41.7895,0
256.045,244.169,8.762,8.072,897.843,46.5086,2
262.254,263.572,8.6708,8.4759,914.526,46.422,0
265.054,205.893,8.9664,8.6737,947.814,44.0413,1
249.811,232.088,8.8832,8.3653,952.308,56.2305,2
267.886,249.481,9.2925,8.728,991.02,37.7369,2
1.6189,272.555,0.1143,8.7559,960.081,47.5462,3
253.344,2.1479,9.1437,0.0462,960.974,50.8754,3
251.887,2.1414,9.0004,0.0464,939.834,52.7505,3
314.047,305.89,2.1456,1.8758,282.412,15.4229,4
263.251,271.581,8.3998,8.1692,912.881,47.0609,0
270.137,265.376,6.2157,5.9374,731.141,42.8951,0
279.619,289.333,0.638,0.6488,119.811,30.3046,0
253.804,2.1607,8.8545,0.0465,934.184,53.0389,3
265.864,208.595,9.1055,8.6628,961.302,42.0249,1
270.813,291.378,8.2107,7.2945,870.42,40.3387,0
268.802,246.112,9.2355,8.803,992.288,40.0865,2
264.337,2.1183,8.9007,0.0381,934.409,43.7442,3
265.109,200.56,8.8219,8.7515,948.93,47.4501,1
267.57,203.477,8.7408,8.624,923.168,41.785,1
318.002,249.824,2.8703,3.7806,460.082,23.4641,0
251.332,232.986,9.0191,8.4756,943.407,52.5538,2
248.158,252.958,8.9071,8.5943,883.536,53.7346,0
1.6017,275.106,0.109,8.4254,926.881,50.172,3
249.182,230.491,8.9755,8.4576,963.631,56.1498,2
273.431,273.219,7.5915,7.564,880.559,42.4573,0
289.738,264.74,4.8604,4.731,532.161,28.9098,4
260.442,197.822,7.9452,7.7672,832.55,47.7069,1
261.301,203.433,7.9463,7.5812,817.753,41.5301,1
277.508,236.75,3.2429,3.1041,365.685,36.2953,4
264.334,2.1298,8.7612,0.0411,926.279,43.2789,3
249.425,194.786,8.934,8.5475,921.347,52.9388,1
259.95,270.392,8.5685,8.125,895.48,46.7696,0
272.941,262.922,5.3472,5.1673,597.302,43.8706,0
324.723,316.993,0.503,0.3006,212.539,13.6049,4
249.174,228.165,9.0803,8.5592,974.076,55.6655,2
273.977,264.171,5.8435,5.6935,704.033,43.8611,0
281.394,269.275,3.3297,1.8434,373.554,32.152,4
302.073,252.953,2.6417,2.9748,407.451,33.808,0
270.425,279.592,8.3692,8.0629,898.654,38.5691,0
263.375,206.543,8.5952,8.1472,892.446,43.7825,1
277.39,276.695,3.5727,2.518,400.112,36.4604,4
279.968,272.936,4.9517,4.8573,571.076,26.3507,0
254.2,196.884,8.7436,8.4256,913.544,52.798,1
279.83,288.045,1.0646,1.0391,162.593,32.5158,0
266.584,203.562,8.8431,8.6942,948.342,45.2119,1
286.549,254.181,3.3398,3.1081,365.217,33.0227,4
254.7,2.1314,9.1128,0.0471,962.311,50.6967,3
258.584,317.978,7.3878,2.1426,742.375,49.4127,4
1.6197,272.744,0.1121,8.7362,959.367,45.8537,3
246.537,230.524,9.1242,8.4982,964.579,54.0416,2
264.046,2.1763,9.0911,0.048,957.96,42.2652,3
285.238,270.439,5.4037,5.1817,594.458,26.9603,4
0.78,267.953,0.1129,8.6306,935.058,46.4906,3
261.548,238.59,9.0442,8.6644,955.958,46.6775,2
305.192,298.96,2.2388,2.0665,289.528,17.6805,4
253.152,2.1217,8.9548,0.0477,936.046,51.3624,3
259.063,241.239,8.0048,7.5775,828.827,48.2858,2
254.667,260.786,8.3716,8.1138,915.701,55.4434,0
258.055,203.608,9.4262,9.0122,988.153,44.007,1
254.198,235.714,9.1155,8.5454,968.56,50.6839,2
315.618,268.673,2.1639,2.0837,360.691,23.0365,4
261.725,202.731,8.6927,8.3427,909.236,46.0492,1
260.498,263.031,7.5028,7.3304,844.448,50.3485,0
261.182,2.1128,8.8581,0.0421,926.58,43.1357,3
269.879,272.485,8.0857,7.928,871.728,38.9687,0
262.917,202.719,8.9615,8.6866,935.447,44.2213,1
267.269,253.465,6.3197,6.0936,707.155,43.7252,4
267.343,284.517,4.5867,2.6296,496.14,44.3285,4
276.724,318.714,5.8762,1.6349,617.363,36.0898,4
251.141,229.028,9.0874,8.6016,984.722,55.8555,2
257.385,240.329,8.9114,8.294,937.146,49.0578,2
266.771,259.716,7.4092,7.243,816.8,43.4961,0
266.185,2.0913,8.7991,0.0381,926.288,44.0897,3
297.068,272.721,4.5151,4.3565,508.214,23.3244,4
262.985,204.951,8.9805,8.646,933.274,43.0962,1
268.284,246.305,9.227,8.7662,990.997,39.8657,2
268.85,255.722,5.2327,4.9348,547.228,42.2218,4
254.184,234.597,9.0638,8.5462,965.414,51.3767,2
1.6555,270.667,0.1071,8.9602,988.704,49.4687,3
258.493,235.706,8.8769,8.4545,935.63,48.8468,2
272.995,329.684,7.5491,2.0135,797.929,40.8214,4
274.63,266.947,5.0087,4.7406,550.984,39.222,0
251.104,196.912,8.8722,8.4603,914.617,51.7582,1
259.212,244.712,7.9937,7.4557,828.928,48.0895,2
259.078,241.812,8.7229,8.2048,904.3,47.1464,2
268.731,205.876,9.024,8.7953,959.696,41.8583,1
258.834,202.772,9.4183,9.0527,989.578,44.5668,1
309.299,254.946,3.1103,4.0129,488.12,31.3144,0
271.587,256.678,5.7923,5.4995,601.88,37.0122,4
261.603,199.631,7.9077,7.6938,833.394,47.2291,1
292.5,262.505,3.6507,3.6941,490.918,38.2937,4
256.473,240.255,8.9266,8.2684,934.657,48.6966,2
303.565,281.049,3.6117,6.6408,798.255,39.7012,4
252.966,234.307,9.1544,8.601,969.33,51.0151,2
273.835,273.568,7.5645,7.5381,877.306,42.0204,0
267.205,2.1013,8.2509,0.0398,866.274,40.0828,3
263.952,2.1296,8.7789,0.0382,924.906,43.2839,3
252.658,233.847,9.1603,8.5312,989.615,53.6032,2
282.683,280.307,7.7111,7.7403,880.19,34.9818,0
265.216,208.828,8.8997,8.5052,926.694,41.5841,1
266.954,202.591,8.5094,8.3451,894.182,43.9218,1
264.657,2.1257,8.8887,0.0354,933.158,43.9409,3
1.6707,272.477,0.1011,8.9819,992.454,42.8221,3
264.001,200.805,9.2819,9.1501,990.148,44.473,1
256.129,236.523,8.556,8.143,931.735,54.3616,2
265.038,245.433,9.2251,8.7429,977.723,43.051,2
260.669,205.633,9.3536,8.9371,986.536,43.0925,1
310.962,307.417,1.5558,1.2501,229.225,17.6576,4
285.119,277.37,3.2544,2.1901,367.892,30.5242,4
302.166,281.539,5.4786,3.6021,687.281,30.502,4
255.676,251.548,6.7811,6.5274,711.713,50.8941,0
256.596,239.769,8.1717,7.6976,843.567,49.4642,2
256.085,235.581,9.0572,8.554,969.397,50.5167,2
1.604,265.895,0.1143,8.837,957.766,52.7626,3
279.934,274.763,3.3784,2.2706,375.47,32.99,4
294.703,257.815,3.7141,3.5786,408.676,23.5159,4
270.942,276.664,7.2889,7.0709,797.728,38.6718,0
264.294,244.806,9.3438,8.7978,991.326,40.5543,2
263.931,204.48,9.266,8.9891,989.503,44.5574,1
252.217,2.1518,8.99,0.0489,939.65,52.8183,3
252.995,236.001,8.4914,7.942,865.133,52.0999,2
314.172,257.351,3.2844,4.3465,511.399,21.6053,0
256.852,197.402,8.999,8.7187,956.407,49.9552,1
263.483,275.19,4.8339,3.4018,514.28,45.533,4
272.219,267.585,5.1054,4.9172,566.621,27.6789,0
265.549,272.381,8.4696,8.223,906.462,42.1333,0
264.68,203.865,9.1085,8.8442,961.827,43.0822,1
305.655,273.74,1.2335,0.5319,206.115,26.2707,4
279.441,272.039,5.6589,5.4304,607.103,36.7242,0
278.045,263.607,5.6056,5.2733,587.128,34.511,4
265.544,2.0814,8.8098,0.0371,923.806,43.8228,3
1.6044,276.44,0.1114,8.621,959.298,47.215,3
259.551,200.441,9.0785,8.8112,955.164,46.3925,1
276.866,291.048,6.7406,6.0291,757.213,41.0884,0
261.262,198.269,8.6458,8.457,914.016,47.9964,1
249.305,233.82,9.0789,8.4615,968.498,54.1677,2
275.792,236.849,3.2363,3.0673,360.455,34.3624,4
289.5,270.702,4.5659,4.3087,489.275,27.8839,4
1.6266,269.088,0.109,8.6148,931.711,48.2711,3
276.178,276.962,7.3489,7.267,858.435,40.7113,0
265.267,2.1202,8.9022,0.0385,935.951,43.2507,3
281.491,284.471,7.7396,7.5916,860.937,31.7597,0
1.6537,271.066,0.1083,8.8605,985.812,49.7903,3
254.325,194.114,9.1253,8.8641,962.545,50.3754,1
264.929,301.923,7.7713,4.9585,822.632,46.6923,4
267.995,203.562,7.7285,7.5808,816.975,42.157,1
248.229,230.609,9.0876,8.5384,969.212,55.057,2
295.223,261.192,3.7479,3.5629,413.561,24.0666,4
247.677,231.89,9.3375,8.6108,990.654,53.5643,2
281.494,271.542,6.5727,6.4109,716.574,32.9579,0
255.385,194.82,8.7071,8.5013,916.38,52.988,1
255.623,243.296,8.1266,7.522,832.729,48.4598,2
248.11,228.721,9.094,8.5353,973.384,56.9465,2
257.826,240.836,8.0663,7.6153,834.399,48.8172,2
268.373,276.048,7.5645,7.3243,830.687,42.9389,0
257.613,241.329,8.066,7.5956,831.619,47.9836,2
255.697,313.92,9.1169,4.3104,969.05,50.1322,2
254.45,2.156,8.9548,0.0481,933.022,50.247,3
309.513,207.196,4.8505,1.2516,673.907,26.997,4
254.584,236.121,8.9037,8.3712,967.996,54.2587,2
325.328,356.056,1.4202,0.1049,516.711,12.6567,4
302.706,239.546,3.539,4.3997,529.043,32.9431,0
246.371,225.985,9.1851,8.6361,978.794,57.0699,2
315.703,248.395,2.4902,3.2486,406.268,23.7125,0
266.727,205.35,8.4681,8.1983,892.695,43.9519,1
263.788,269.866,8.0705,7.8398,879.317,46.4613,0
1.5886,271.885,0.111,8.5247,926.68,50.2071,3
255.107,2.1476,9.0456,0.0494,960.816,51.5299,3
254.917,196.553,9.0502,8.7532,955.981,49.9803,1
266.475,270.643,8.4838,8.2386,924.709,44.6259,0
251.473,2.1483,9.0322,0.0481,933.484,50.5006,3
266.957,273.788,8.9775,8.7602,961.054,43.1855,0
256.977,235.53,8.3118,7.9394,861.338,52.1213,2
263.494,202.09,8.606,8.351,911.042,46.2307,1
258.371,199.923,9.004,8.6718,953.706,48.0048,1
255.682,268.094,8.4697,8.0486,886.463,52.0986,0
1.5871,274.394,0.1095,8.4613,927.236,50.149,3
263.416,266.87,7.8114,7.5899,883.7,46.8489,0
264.435,259.153,7.2038,6.9442,768.498,47.0787,0
260.145,206.721,9.1968,8.6962,957.612,43.7032,1
266.745,243.066,9.2697,8.9089,989.728,40.6226,2
262.041,246.481,9.0526,8.4678,957.078,46.3266,2
267.172,247.155,9.0293,8.5674,969.101,43.3936,2
285.975,327.226,3.187,0.2114,476.59,25.7549,4
261.189,2.1233,8.8722,0.0395,925.201,43.4787,3
270.647,253.63,3.288,2.9292,364.272,37.4326,4
263.151,246.078,9.0918,8.534,949.428,42.5343,2
255.266,2.1437,9.08,0.0484,965.773,50.5203,3
265.727,260.186,7.4331,7.2301,814.848,43.3247,0
260.249,2.1217,8.8795,0.0407,925.457,43.286,3
247.156,230.492,9.1109,8.5017,970.678,55.9073,2
270.046,246.885,4.2595,3.9759,454.841,39.0109,4
271.775,278.168,8.386,8.2214,915.314,39.8899,0
265.471,245.007,9.2197,8.7559,977.969,42.9895,2
304.311,263.19,3.1461,3.0171,357.533,19.5216,4
267.134,206.263,8.9074,8.6715,949.01,43.761,1
253.05,196.802,8.8029,8.4606,913.324,51.7999,1
268.885,247.883,3.5136,3.2478,384.701,38.2642,4
265.37,243.908,9.0257,8.6045,970.301,45.5899,2
257.47,202.805,9.178,8.7808,955.931,46.4298,1
263.344,2.1714,9.0836,0.0435,956.47,43.0494,3
262.337,262.599,7.8897,7.7618,900.518,50.1607,0
267.342,245.37,9.0215,8.6139,969.513,43.7053,2
266.921,201.798,8.8172,8.7271,939.17,44.3507,1
247.308,253.908,9.1237,8.8589,936.434,60.316,0
1.5953,273.485,0.1119,8.4838,927.086,50.1585,3
1.5903,272.976,0.1074,8.489,926.328,50.2775,3
1.6093,271.292,0.1141,8.6676,957.605,52.8698,3
260.977,269.895,8.0015,7.5986,906.255,48.8723,0
263.78,2.1193,8.3796,0.0417,867.614,40.5567,3
261.579,244.616,8.6026,8.0553,899.369,47.1646,2
286.515,251.238,3.1849,2.9932,348.48,32.8343,4
267.623,2.1137,8.8209,0.0362,933.355,43.5218,3
265.374,206.964,8.9526,8.6329,948.068,44.0009,1
264.398,264.846,7.7823,7.6492,889.689,47.7255,0
1.6513,270.849,0.1028,8.8582,982.308,49.0108,3
245.817,257.026,8.9446,8.4378,888.063,55.5539,0
253.496,2.139,8.8422,0.0475,934.438,53.0842,3
1.625,273.315,0.1116,8.7216,959.239,46.2964,3
253.64,236.868,9.0817,8.4608,965.311,51.2502,2
251.917,236.364,8.296,7.6819,887.883,53.8068,2
264.364,268.97,8.3324,8.1797,906.06,46.186,0
251.626,233.249,9.0438,8.5085,939.233,50.3029,2
1.6316,265.09,0.1114,8.8243,958.397,52.4774,3
265.821,310.496,7.9461,4.6998,828.712,42.498,4
1.6247,265.863,0.1142,8.6763,934.002,47.4983,3
270.362,280.395,8.446,8.1422,911.22,38.7082,0
265.705,2.0961,8.8283,0.0377,927.691,44.1175,3
264.85,273.171,7.8614,7.5727,864.698,46.8057,0
263.688,205.449,9.3101,9.0047,989.553,43.0484,1
291.632,256.962,3.8587,3.658,419.421,26.2664,4
249.234,231.171,8.9774,8.4331,963.508,56.1472,2
280.689,263.047,5.632,5.4685,626.344,31.4854,4
272.694,323.066,5.9111,1.2314,615.771,36.338,4
258.012,201.856,9.1001,8.7281,949.715,46.7941,1
267.352,319.319,7.6608,3.3712,821.253,46.1509,4
255.408,198.415,8.7373,8.3679,919.584,52.8579,1
1.6156,268.967,0.1054,8.8746,965.651,48.6359,3
258.957,201.351,8.9795,8.6051,954.375,48.3181,1
236.845,220.543,2.7144,0.265,722.771,24.41,4
263.987,2.1087,8.216,0.0425,857.629,42.4998,3
252.831,198.786,8.8077,8.3438,917.063,52.2259,1
265.406,2.1142,8.2443,0.0426,862.342,41.3138,3
269.759,203.572,8.9775,8.8861,960.743,42.0924,1
258.045,249.622,9.0069,7.9194,970.231,50.1479,2
255.767,258.072,8.3808,8.1902,880.348,48.7362,0
265.177,2.1053,8.7226,0.0426,922.748,43.3196,3
267.558,248.57,8.9454,8.4778,941.829,41.4201,2
253.977,236.248,8.9916,8.4205,935.365,48.7258,2
292.258,296.002,3.6108,2.0234,407.752,31.1999,4
259.481,199.991,8.6982,8.3872,906.326,46.2691,1
260.415,203.582,9.0208,8.624,939.239,44.8388,1
247.673,230.653,8.9539,8.3948,956.089,56.7009,2
254.647,197.378,9.0923,8.7464,956.486,49.1901,1
254.348,318.725,7.7626,2.3184,805.124,51.936,4
269.197,277.67,8.7058,8.4574,936.774,40.3612,0
262.621,207.938,9.2009,8.7396,961.989,42.755,1
259.942,260.197,7.8472,6.6118,815.52,48.0621,2
1.6183,273.266,0.1054,8.8086,965.475,47.0735,3
317.573,305.423,1.5363,1.2975,217.202,16.8334,4
234.135,205.806,2.8821,0.2816,721.903,24.2818,4
266.211,2.0853,8.0568,0.0395,853.484,43.7039,3
246.196,224.797,9.1215,8.6436,972.284,57.123,2
257.562,241.401,8.0709,7.5988,834.76,49.1142,2
289.992,269.602,4.6316,4.4022,496.356,27.6493,4
357.636,334.595,0.1642,0.047,248.663,0.9753,0
266.76,247.339,5.1153,4.9229,534.877,45.5868,4
254.053,2.1383,8.9307,0.0461,939.247,52.9729,3
1.6499,270.252,0.1059,8.8876,983.765,49.6745,3
262.082,2.123,8.844,0.0411,924.621,43.2177,3
1.6181,273.874,0.1074,8.4774,930.565,48.2823,3
262.751,2.1129,8.8969,0.0361,925.386,43.9845,3
287.091,279.927,5.2904,5.088,640.303,30.4036,0
288.087,266.465,4.7487,4.5461,509.427,29.2461,4
1.6155,271.969,0.1126,8.7716,960.464,46.3218,3
266.919,272.419,8.8278,8.6391,950.635,41.5596,0
256.495,236.885,8.8932,8.3582,940.801,50.9865,2
271.259,277.562,7.8514,7.5806,864.436,40.4313,0
259.485,243.325,8.7563,8.2161,906.633,46.5085,2
265.836,2.1039,8.8991,0.0366,937.199,42.8739,3
273.241,256.547,1.1985,1.0404,136.746,33.7265,4
1.6512,270.529,0.1028,9.0265,992.137,49.1868,3
265.356,207.474,8.9688,8.6202,949.537,43.7505,1
276.198,273.17,7.313,7.3042,853.445,39.701,0
263.852,226.032,8.803,8.8692,920.447,42.9864,1
1.6227,267.641,0.1089,8.9072,966.165,49.1129,3
263.02,203.812,8.9814,8.6985,947.296,44.8338,1
268.172,259.083,5.8854,5.6632,643.586,45.5877,0
267.636,205.665,9.054,8.8156,960.976,42.226,1
269.398,291.659,6.0016,4.0774,635.295,42.4485,4
286.557,286.668,7.7988,7.7038,875.17,27.857,0
324.479,297.301,0.3161,6.8632,802.187,4.0785,4
270.784,2.1042,8.125,0.0404,865.94,39.9065,3
256.402,235.689,9.0737,8.6185,974.269,50.5423,2
1.6375,271.478,0.1064,8.8779,967.425,46.0667,3
305.674,240.667,2.3359,2.6789,370.947,32.2784,4
251.732,2.1557,9.172,0.0468,969.005,51.8327,3
256.695,195.349,9.0692,8.8329,960.097,49.766,1
1.6217,273.276,0.1107,8.8128,964.694,46.9471,3
314.837,256.749,3.0754,4.1458,496.25,27.3727,4
307.567,267.059,3.1035,3.0065,358.429,19.5173,4
254.012,228.561,9.11,8.6924,986.445,52.6227,2
286.711,250.776,3.243,3.0585,353.87,32.8061,4
260.847,197.344,8.9292,8.766,956.717,48.1651,1
256.819,204.837,9.0651,8.5037,948.963,48.1801,1
262.75,257.396,7.6535,7.4136,798.487,45.5378,0
249.02,256.882,9.2255,8.8455,944.214,56.6208,0
265.44,2.1623,9.0651,0.0489,957.208,42.043,3
272.298,273.128,6.5184,6.2065,712.146,36.4812,0
265.338,243.232,9.0842,8.681,969.18,43.8349,2
259.098,204.179,9.1184,8.7005,955.466,46.0813,1
263.94,237.834,8.7991,8.8474,920.262,43.0037,1
269.125,275.41,7.7162,7.5431,881.661,44.3762,0
267.19,249.466,5.0219,4.794,523.885,44.0175,4
260.196,205.711,8.7215,8.2291,899.361,44.9994,1
263.573,203.235,8.9572,8.6845,934.611,43.4734,1
261.636,2.1322,8.8517,0.0396,925.186,43.3482,3
262.473,207.463,8.6646,8.1595,895.995,44.2144,1
275.594,289.871,4.5346,2.4721,488.117,38.6843,4
273.408,282.268,2.9496,2.487,339.301,37.78,4
266.376,2.1138,8.819,0.0362,928.833,43.4614,3
258.009,203.667,9.1007,8.6439,953.362,47.3911,1
249.487,236.145,8.9266,8.1984,958.424,56.7588,2
267.135,266.81,7.8023,7.7023,903.783,47.9941,0
1.6054,267.873,0.1165,8.7903,958.926,50.1071,3
251.249,230.507,8.8493,8.3971,956.507,56.3324,2
248.241,232.544,9.0768,8.4677,968.72,55.1666,2
261.164,206.546,9.0157,8.5711,945.111,44.8683,1
254.015,2.1387,8.9442,0.0477,939.342,52.2722,3
270.056,272.263,7.8794,7.7154,892.596,44.1525,0
268.519,276.836,9.0188,8.7514,973.989,40.7133,0
288.664,241.248,2.2547,1.0399,265.163,33.084,4
266.383,249.213,9.0605,8.5279,960.302,41.9181,2
262.261,245.699,9.0772,8.5193,944.905,42.9355,2
282.862,273.626,5.95,5.8189,651.185,34.7905,0
263.118,2.1122,8.9294,0.0365,932.564,44.0881,3
251.993,233.513,8.9355,8.3886,969.808,55.8238,2
263.149,246.96,9.3273,8.7061,979.354,42.4028,2
261.212,245.846,9.2212,8.5891,968.952,43.9635,2
273.289,271.477,4.6155,4.4171,520.792,25.5293,0
256.345,2.1566,9.0087,0.0483,964.583,51.8756,3
